EASL0001	/easl/images/o0900000.png
EASL0002	/easl/images/o0900001.png
EASL0003	/easl/images/o0900002.png
EASL0004	/easl/images/o0900004.png
EASL0005	/easl/images/o0900006.png
EASL0006	/easl/images/o0900007.png
EASL0007	/easl/images/o0900005.png
EASL0008	/easl/images/o0900008.png
EASL0009	/easl/images/o0900009.png
EASL0010	/easl/images/o0900010.png
EASL0011	/easl/images/o0900012.png
EASL0012	/easl/images/o0900018.png
EASL0013	/easl/images/o0900020.png
EASL0014	/easl/images/o0900022.png
EASL0015	/easl/images/o0900029.png
EASL0016	/easl/images/o0900033.png
EASL0017	/easl/images/o0900035.png
EASL0018	/easl/images/o0900038.png
EASL0019	/easl/images/o0900025.png
EASL0020	/easl/images/o0900040.png
EASL0021	/easl/images/o0900014.png
EASL0022	/easl/images/o0900016.png
EASL0023	/easl/images/o0900023.png
EASL0024	/easl/images/o0900031.png
EASL0025	/easl/images/o0900041.png
EASL0026	/easl/images/o0900043.png
EASL0027	/easl/images/o0900047.png
EASL0028	/easl/images/o0900049.png
EASL0029	/easl/images/o0900050.png
EASL0030	/easl/images/o0900053.png
EASL0031	/easl/images/o0900054.png
EASL0032	/easl/images/o0900055.png
EASL0033	/easl/images/o0900056.png
EASL0034	/easl/images/o0900058.png
EASL0035	/easl/images/o0900059.png
EASL0036	/easl/images/o0900060.png
EASL0037	/easl/images/o0900062.png
EASL0038	/easl/images/o0900063.png
EASL0039	/easl/images/o0900064.png
EASL0040	/easl/images/o0900066.png
EASL0041	/easl/images/o0900067.png
EASL0042	/easl/images/o0900068.png
EASL0043	/easl/images/o0900069.png
EASL0044	/easl/images/o0900070.png
EASL0045	/easl/images/o0900071.png
EASL0046	/easl/images/o0900072.png
EASL0047	/easl/images/o0900074.png
EASL0048	/easl/images/o0900075.png
EASL0049	/easl/images/o0900077.png
EASL0050	/easl/images/o0900081.png
EASL0051	/easl/images/o0900079.png
EASL0052	/easl/images/o0900082.png
EASL0053	/easl/images/o0900085.png
EASL0054	/easl/images/o0900087.png
EASL0055	/easl/images/o0900086.png
EASL0056	/easl/images/o0900088.png
EASL0057	/easl/images/o0900089.png
EASL0058	/easl/images/o0900093.png
EASL0059	/easl/images/o0900094.png
EASL0060	/easl/images/o0900095.png
EASL0061	/easl/images/o0900096.png
EASL0062	/easl/images/o0900098.png
EASL0063	/easl/images/o0900100.png
EASL0064	/easl/images/o0900104.png
EASL0065	/easl/images/o0900101.png
EASL0066	/easl/images/o0900102.png
EASL0067	/easl/images/o0900106.png
EASL0068	/easl/images/o0900108.png
EASL0069	/easl/images/o0900109.png
EASL0070	/easl/images/o0900110.png
EASL0071	/easl/images/o0900111.png
EASL0072	/easl/images/o0900112.png
EASL0073	/easl/images/o0900113.png
EASL0074	/easl/images/o0900114.png
EASL0075	/easl/images/o0900115.png
EASL0076	/easl/images/o0900116.png
EASL0077	/easl/images/o0900117.png
EASL0078	/easl/images/o0900119.png
EASL0079	/easl/images/o0900121.png
EASL0080	/easl/images/o0900122.png
EASL0081	/easl/images/o0900124.png
EASL0082	/easl/images/o0900126.png
EASL0083	/easl/images/o0900128.png
EASL0084	/easl/images/o0900130.png
EASL0085	/easl/images/o0900131.png
EASL0086	/easl/images/o0900133.png
EASL0087	/easl/images/o0900136.png
EASL0088	/easl/images/o0900139.png
EASL0089	/easl/images/o0900141.png
EASL0090	/easl/images/o0900146.png
EASL0091	/easl/images/o0900142.png
EASL0092	/easl/images/o0900143.png
EASL0093	/easl/images/o0900144.png
EASL0094	/easl/images/o0900148.png
EASL0095	/easl/images/o0900149.png
EASL0096	/easl/images/o0900150.png
EASL0097	/easl/images/o0900151.png
EASL0098	/easl/images/o0900152.png
EASL0099	/easl/images/o0900153.png
EASL0100	/easl/images/o0900154.png
EASL0101	/easl/images/o0900158.png
EASL0102	/easl/images/o0900160.png
EASL0103	/easl/images/o0900162.png
EASL0104	/easl/images/o0900163.png
EASL0105	/easl/images/o0900165.png
EASL0106	/easl/images/o0900166.png
EASL0107	/easl/images/o0900167.png
EASL0108	/easl/images/o0900169.png
EASL0109	/easl/images/o0900171.png
EASL0110	/easl/images/o0900173.png
EASL0111	/easl/images/o0900175.png
EASL0112	/easl/images/o0900199.png
EASL0113	/easl/images/o0900185.png
EASL0114	/easl/images/o0900187.png
EASL0115	/easl/images/o0900191.png
EASL0116	/easl/images/o0900193.png
EASL0117	/easl/images/o0900197.png
EASL0118	/easl/images/o0900183.png
EASL0119	/easl/images/o0903398.png
EASL0120	/easl/images/o0900177.png
EASL0121	/easl/images/o0900181.png
EASL0122	/easl/images/o0900205.png
EASL0123	/easl/images/o0900206.png
EASL0124	/easl/images/o0900207.png
EASL0125	/easl/images/o0900211.png
EASL0126	/easl/images/o0900212.png
EASL0127	/easl/images/o0900213.png
EASL0128	/easl/images/o0900214.png
EASL0129	/easl/images/o0900215.png
EASL0130	/easl/images/o0900217.png
EASL0131	/easl/images/o0900222.png
EASL0132	/easl/images/o0900218.png
EASL0133	/easl/images/o0900219.png
EASL0134	/easl/images/o0900220.png
EASL0135	/easl/images/o0900223.png
EASL0136	/easl/images/o0900224.png
EASL0137	/easl/images/o0900225.png
EASL0138	/easl/images/o0900226.png
EASL0139	/easl/images/o0900228.png
EASL0140	/easl/images/o0900233.png
EASL0141	/easl/images/o0900229.png
EASL0142	/easl/images/o0900230.png
EASL0143	/easl/images/o0900231.png
EASL0144	/easl/images/o0900235.png
EASL0145	/easl/images/o0900236.png
EASL0146	/easl/images/o0900237.png
EASL0147	/easl/images/o0900241.png
EASL0148	/easl/images/o0900246.png
EASL0149	/easl/images/o0900239.png
EASL0150	/easl/images/o0900243.png
EASL0151	/easl/images/o0900247.png
EASL0152	/easl/images/o0900249.png
EASL0153	/easl/images/o0900250.png
EASL0154	/easl/images/o0900251.png
EASL0155	/easl/images/o0900252.png
EASL0156	/easl/images/o0900254.png
EASL0157	/easl/images/o0900255.png
EASL0158	/easl/images/o0900256.png
EASL0159	/easl/images/o0900257.png
EASL0160	/easl/images/o0900258.png
EASL0161	/easl/images/o0900260.png
EASL0162	/easl/images/o0900261.png
EASL0163	/easl/images/o0900262.png
EASL0164	/easl/images/o0900264.png
EASL0165	/easl/images/o0900269.png
EASL0166	/easl/images/o0900273.png
EASL0167	/easl/images/o0900275.png
EASL0168	/easl/images/o0900270.png
EASL0169	/easl/images/o0900271.png
EASL0170	/easl/images/o0900276.png
EASL0171	/easl/images/o0900278.png
EASL0172	/easl/images/o0900281.png
EASL0173	/easl/images/o0900282.png
EASL0174	/easl/images/o0900284.png
EASL0175	/easl/images/o0900290.png
EASL0176	/easl/images/o0900287.png
EASL0177	/easl/images/o0900288.png
EASL0178	/easl/images/o0900291.png
EASL0179	/easl/images/o0900293.png
EASL0180	/easl/images/o0900294.png
EASL0181	/easl/images/o0900296.png
EASL0182	/easl/images/o0900303.png
EASL0183	/easl/images/o0900305.png
EASL0184	/easl/images/o0900307.png
EASL0185	/easl/images/o0900309.png
EASL0186	/easl/images/o0900312.png
EASL0187	/easl/images/o0900313.png
EASL0188	/easl/images/o0900318.png
EASL0189	/easl/images/o0900319.png
EASL0190	/easl/images/o0900320.png
EASL0191	/easl/images/o0900321.png
EASL0192	/easl/images/o0900324.png
EASL0193	/easl/images/o0900326.png
EASL0194	/easl/images/o0900325.png
EASL0195	/easl/images/o0900329.png
EASL0196	/easl/images/o0900331.png
EASL0197	/easl/images/o0900369.png
EASL0198	/easl/images/o0900375.png
EASL0199	/easl/images/o0900388.png
EASL0200	/easl/images/o0900407.png
EASL0201	/easl/images/o0900447.png
EASL0202	/easl/images/o0900448.png
EASL0203	/easl/images/o0900460.png
EASL0204	/easl/images/o0900394.png
EASL0205	/easl/images/o0900334.png
EASL0206	/easl/images/o0900342.png
EASL0207	/easl/images/o0900343.png
EASL0208	/easl/images/o0900347.png
EASL0209	/easl/images/o0900349.png
EASL0210	/easl/images/o0900351.png
EASL0211	/easl/images/o0900354.png
EASL0212	/easl/images/o0900356.png
EASL0213	/easl/images/o0900358.png
EASL0214	/easl/images/o0900359.png
EASL0215	/easl/images/o0900361.png
EASL0216	/easl/images/o0900363.png
EASL0217	/easl/images/o0900365.png
EASL0218	/easl/images/o0900367.png
EASL0219	/easl/images/o0900370.png
EASL0220	/easl/images/o0900376.png
EASL0221	/easl/images/o0900379.png
EASL0222	/easl/images/o0900381.png
EASL0223	/easl/images/o0900384.png
EASL0224	/easl/images/o0900382.png
EASL0225	/easl/images/o0900386.png
EASL0226	/easl/images/o0900389.png
EASL0227	/easl/images/o0900391.png
EASL0228	/easl/images/o0900408.png
EASL0229	/easl/images/o0900410.png
EASL0230	/easl/images/o0900412.png
EASL0231	/easl/images/o0900414.png
EASL0232	/easl/images/o0900418.png
EASL0233	/easl/images/o0900420.png
EASL0234	/easl/images/o0900422.png
EASL0235	/easl/images/o0900423.png
EASL0236	/easl/images/o0900425.png
EASL0237	/easl/images/o0900427.png
EASL0238	/easl/images/o0900431.png
EASL0239	/easl/images/o0900433.png
EASL0240	/easl/images/o0900437.png
EASL0241	/easl/images/o0900439.png
EASL0242	/easl/images/o0900441.png
EASL0243	/easl/images/o0900443.png
EASL0244	/easl/images/o0900445.png
EASL0245	/easl/images/o0900449.png
EASL0246	/easl/images/o0900450.png
EASL0247	/easl/images/o0900456.png
EASL0248	/easl/images/o0900458.png
EASL0249	/easl/images/o0900461.png
EASL0250	/easl/images/o0900464.png
EASL0251	/easl/images/o0900466.png
EASL0252	/easl/images/o0900468.png
EASL0253	/easl/images/o0900470.png
EASL0254	/easl/images/o0900472.png
EASL0255	/easl/images/o0900474.png
EASL0256	/easl/images/o0900395.png
EASL0257	/easl/images/o0900401.png
EASL0258	/easl/images/o0900403.png
EASL0259	/easl/images/o0900340.png
EASL0260	/easl/images/o0900373.png
EASL0261	/easl/images/o0900476.png
EASL0262	/easl/images/o0900336.png
EASL0263	/easl/images/o0900397.png
EASL0264	/easl/images/o0900479.png
EASL0265	/easl/images/o0900338.png
EASL0266	/easl/images/o0900481.png
EASL0267	/easl/images/o0900483.png
EASL0268	/easl/images/o0900484.png
EASL0269	/easl/images/o0900485.png
EASL0270	/easl/images/o0900487.png
EASL0271	/easl/images/o0900488.png
EASL0272	/easl/images/o0900489.png
EASL0273	/easl/images/o0900490.png
EASL0274	/easl/images/o0900491.png
EASL0275	/easl/images/o0900493.png
EASL0276	/easl/images/o0900498.png
EASL0277	/easl/images/o0900506.png
EASL0278	/easl/images/o0900503.png
EASL0279	/easl/images/o0900494.png
EASL0280	/easl/images/o0900499.png
EASL0281	/easl/images/o0900504.png
EASL0282	/easl/images/o0900495.png
EASL0283	/easl/images/o0900496.png
EASL0284	/easl/images/o0900508.png
EASL0285	/easl/images/o0900510.png
EASL0286	/easl/images/o0900511.png
EASL0287	/easl/images/o0900513.png
EASL0288	/easl/images/o0900517.png
EASL0289	/easl/images/o0900528.png
EASL0290	/easl/images/o0900519.png
EASL0291	/easl/images/o0900523.png
EASL0292	/easl/images/o0900521.png
EASL0293	/easl/images/o0900525.png
EASL0294	/easl/images/o0900526.png
EASL0295	/easl/images/o0900529.png
EASL0296	/easl/images/o0900531.png
EASL0297	/easl/images/o0900532.png
EASL0298	/easl/images/o0900533.png
EASL0299	/easl/images/o0900534.png
EASL0300	/easl/images/o0900535.png
EASL0301	/easl/images/o0900537.png
EASL0302	/easl/images/o0900538.png
EASL0303	/easl/images/o0900539.png
EASL0304	/easl/images/o0900541.png
EASL0305	/easl/images/o0900542.png
EASL0306	/easl/images/o0900543.png
EASL0307	/easl/images/o0900544.png
EASL0308	/easl/images/o0900545.png
EASL0309	/easl/images/o0901964.png
EASL0310	/easl/images/o0900546.png
EASL0311	/easl/images/o0900547.png
EASL0312	/easl/images/o0900548.png
EASL0313	/easl/images/o0900550.png
EASL0314	/easl/images/o0900557.png
EASL0315	/easl/images/o0900559.png
EASL0316	/easl/images/o0900561.png
EASL0317	/easl/images/o0900565.png
EASL0318	/easl/images/o0900567.png
EASL0319	/easl/images/o0900573.png
EASL0320	/easl/images/o0900575.png
EASL0321	/easl/images/o0900577.png
EASL0322	/easl/images/o0900579.png
EASL0323	/easl/images/o0900581.png
EASL0324	/easl/images/o0900583.png
EASL0325	/easl/images/o0900585.png
EASL0326	/easl/images/o0900587.png
EASL0327	/easl/images/o0900556.png
EASL0328	/easl/images/o0900552.png
EASL0329	/easl/images/o0900570.png
EASL0330	/easl/images/o0900592.png
EASL0331	/easl/images/o0900554.png
EASL0332	/easl/images/o0900594.png
EASL0333	/easl/images/o0900595.png
EASL0334	/easl/images/o0900596.png
EASL0335	/easl/images/o0900597.png
EASL0336	/easl/images/o0900599.png
EASL0337	/easl/images/o0900607.png
EASL0338	/easl/images/o0900614.png
EASL0339	/easl/images/o0900604.png
EASL0340	/easl/images/o0900605.png
EASL0341	/easl/images/o0900610.png
EASL0342	/easl/images/o0900612.png
EASL0343	/easl/images/o0900616.png
EASL0344	/easl/images/o0900623.png
EASL0345	/easl/images/o0900631.png
EASL0346	/easl/images/o0900634.png
EASL0347	/easl/images/o0900635.png
EASL0348	/easl/images/o0900637.png
EASL0349	/easl/images/o0900639.png
EASL0350	/easl/images/o0900641.png
EASL0351	/easl/images/o0900643.png
EASL0352	/easl/images/o0900648.png
EASL0353	/easl/images/o0900650.png
EASL0354	/easl/images/o0900652.png
EASL0355	/easl/images/o0900654.png
EASL0356	/easl/images/o0900657.png
EASL0357	/easl/images/o0900660.png
EASL0358	/easl/images/o0900662.png
EASL0359	/easl/images/o0900664.png
EASL0360	/easl/images/o0900675.png
EASL0361	/easl/images/o0900680.png
EASL0362	/easl/images/o0900682.png
EASL0363	/easl/images/o0900685.png
EASL0364	/easl/images/o0900687.png
EASL0365	/easl/images/o0900689.png
EASL0366	/easl/images/o0900691.png
EASL0367	/easl/images/o0900694.png
EASL0368	/easl/images/o0900696.png
EASL0369	/easl/images/o0900697.png
EASL0370	/easl/images/o0900699.png
EASL0371	/easl/images/o0900701.png
EASL0372	/easl/images/o0900705.png
EASL0373	/easl/images/o0900707.png
EASL0374	/easl/images/o0900709.png
EASL0375	/easl/images/o0900666.png
EASL0376	/easl/images/o0900668.png
EASL0377	/easl/images/o0900670.png
EASL0378	/easl/images/o0900617.png
EASL0379	/easl/images/o0900644.png
EASL0380	/easl/images/o0900677.png
EASL0381	/easl/images/o0900678.png
EASL0382	/easl/images/o0900692.png
EASL0383	/easl/images/o0900703.png
EASL0384	/easl/images/o0900646.png
EASL0385	/easl/images/o0900711.png
EASL0386	/easl/images/o0900618.png
EASL0387	/easl/images/o0900712.png
EASL0388	/easl/images/o0900619.png
EASL0389	/easl/images/o0900620.png
EASL0390	/easl/images/o0900625.png
EASL0391	/easl/images/o0900626.png
EASL0392	/easl/images/o0900655.png
EASL0393	/easl/images/o0900715.png
EASL0394	/easl/images/o0900621.png
EASL0395	/easl/images/o0900719.png
EASL0396	/easl/images/o0900720.png
EASL0397	/easl/images/o0900721.png
EASL0398	/easl/images/o0900722.png
EASL0399	/easl/images/o0900724.png
EASL0400	/easl/images/o0900725.png
EASL0401	/easl/images/o0900727.png
EASL0402	/easl/images/o0900729.png
EASL0403	/easl/images/o0900730.png
EASL0404	/easl/images/o0900732.png
EASL0405	/easl/images/o0900733.png
EASL0406	/easl/images/o0900736.png
EASL0407	/easl/images/o0900738.png
EASL0408	/easl/images/o0900742.png
EASL0409	/easl/images/o0900747.png
EASL0410	/easl/images/o0900751.png
EASL0411	/easl/images/o0900755.png
EASL0412	/easl/images/o0900761.png
EASL0413	/easl/images/o0900765.png
EASL0414	/easl/images/o0900767.png
EASL0415	/easl/images/o0900773.png
EASL0416	/easl/images/o0900757.png
EASL0417	/easl/images/o0900759.png
EASL0418	/easl/images/o0900775.png
EASL0419	/easl/images/o0900769.png
EASL0420	/easl/images/o0900771.png
EASL0421	/easl/images/o0900744.png
EASL0422	/easl/images/o0900749.png
EASL0423	/easl/images/o0900752.png
EASL0424	/easl/images/o0900778.png
EASL0425	/easl/images/o0900779.png
EASL0426	/easl/images/o0900781.png
EASL0427	/easl/images/o0900782.png
EASL0428	/easl/images/o0900783.png
EASL0429	/easl/images/o0900784.png
EASL0430	/easl/images/o0900786.png
EASL0431	/easl/images/o0900787.png
EASL0432	/easl/images/o0900788.png
EASL0433	/easl/images/o0900790.png
EASL0434	/easl/images/o0900791.png
EASL0435	/easl/images/o0900795.png
EASL0436	/easl/images/o0900797.png
EASL0437	/easl/images/o0900805.png
EASL0438	/easl/images/o0900800.png
EASL0439	/easl/images/o0900801.png
EASL0440	/easl/images/o0900803.png
EASL0441	/easl/images/o0900806.png
EASL0442	/easl/images/o0900812.png
EASL0443	/easl/images/o0900817.png
EASL0444	/easl/images/o0900819.png
EASL0445	/easl/images/o0900820.png
EASL0446	/easl/images/o0900821.png
EASL0447	/easl/images/o0900816.png
EASL0448	/easl/images/o0900822.png
EASL0449	/easl/images/o0900823.png
EASL0450	/easl/images/o0900824.png
EASL0451	/easl/images/o0900825.png
EASL0452	/easl/images/o0900810.png
EASL0453	/easl/images/o0900814.png
EASL0454	/easl/images/o0900815.png
EASL0455	/easl/images/o0900826.png
EASL0456	/easl/images/o0900827.png
EASL0457	/easl/images/o0900829.png
EASL0458	/easl/images/o0900832.png
EASL0459	/easl/images/o0900834.png
EASL0460	/easl/images/o0900830.png
EASL0461	/easl/images/o0900835.png
EASL0462	/easl/images/o0900836.png
EASL0463	/easl/images/o0900839.png
EASL0464	/easl/images/o0900840.png
EASL0465	/easl/images/o0900841.png
EASL0466	/easl/images/o0900842.png
EASL0467	/easl/images/o0900843.png
EASL0468	/easl/images/o0900845.png
EASL0469	/easl/images/o0900853.png
EASL0470	/easl/images/o0900846.png
EASL0471	/easl/images/o0900851.png
EASL0472	/easl/images/o0900848.png
EASL0473	/easl/images/o0900849.png
EASL0474	/easl/images/o0900855.png
EASL0475	/easl/images/o0900856.png
EASL0476	/easl/images/o0900858.png
EASL0477	/easl/images/o0900864.png
EASL0478	/easl/images/o0900859.png
EASL0479	/easl/images/o0900860.png
EASL0480	/easl/images/o0900862.png
EASL0481	/easl/images/o0900866.png
EASL0482	/easl/images/o0900869.png
EASL0483	/easl/images/o0900870.png
EASL0484	/easl/images/o0900871.png
EASL0485	/easl/images/o0900867.png
EASL0486	/easl/images/o0900873.png
EASL0487	/easl/images/o0900874.png
EASL0488	/easl/images/o0900875.png
EASL0489	/easl/images/o0900877.png
EASL0490	/easl/images/o0900879.png
EASL0491	/easl/images/o0900880.png
EASL0492	/easl/images/o0900881.png
EASL0493	/easl/images/o0900883.png
EASL0494	/easl/images/o0900884.png
EASL0495	/easl/images/o0900876.png
EASL0496	/easl/images/o0900885.png
EASL0497	/easl/images/o0900887.png
EASL0498	/easl/images/o0900889.png
EASL0499	/easl/images/o0900892.png
EASL0500	/easl/images/o0900890.png
EASL0501	/easl/images/o0900893.png
EASL0502	/easl/images/o0900896.png
EASL0503	/easl/images/o0900897.png
EASL0504	/easl/images/o0900898.png
EASL0505	/easl/images/o0900899.png
EASL0506	/easl/images/o0900903.png
EASL0507	/easl/images/o0900905.png
EASL0508	/easl/images/o0900906.png
EASL0509	/easl/images/o0900907.png
EASL0510	/easl/images/o0900908.png
EASL0511	/easl/images/o0900911.png
EASL0512	/easl/images/o0900914.png
EASL0513	/easl/images/o0900912.png
EASL0514	/easl/images/o0900916.png
EASL0515	/easl/images/o0900917.png
EASL0516	/easl/images/o0900918.png
EASL0517	/easl/images/o0900919.png
EASL0518	/easl/images/o0900920.png
EASL0519	/easl/images/o0900923.png
EASL0520	/easl/images/o0900925.png
EASL0521	/easl/images/o0900926.png
EASL0522	/easl/images/o0900927.png
EASL0523	/easl/images/o0900929.png
EASL0524	/easl/images/o0900934.png
EASL0525	/easl/images/o0900930.png
EASL0526	/easl/images/o0900931.png
EASL0527	/easl/images/o0900932.png
EASL0528	/easl/images/o0900935.png
EASL0529	/easl/images/o0900937.png
EASL0530	/easl/images/o0900938.png
EASL0531	/easl/images/o0900941.png
EASL0532	/easl/images/o0900944.png
EASL0533	/easl/images/o0900945.png
EASL0534	/easl/images/o0900946.png
EASL0535	/easl/images/o0900948.png
EASL0536	/easl/images/o0900952.png
EASL0537	/easl/images/o0900950.png
EASL0538	/easl/images/o0900953.png
EASL0539	/easl/images/o0900954.png
EASL0540	/easl/images/o0900955.png
EASL0541	/easl/images/o0900956.png
EASL0542	/easl/images/o0900957.png
EASL0543	/easl/images/o0900958.png
EASL0544	/easl/images/o0900959.png
EASL0545	/easl/images/o0900960.png
EASL0546	/easl/images/o0900962.png
EASL0547	/easl/images/o0900966.png
EASL0548	/easl/images/o0900972.png
EASL0549	/easl/images/o0900974.png
EASL0550	/easl/images/o0900967.png
EASL0551	/easl/images/o0900968.png
EASL0552	/easl/images/o0900969.png
EASL0553	/easl/images/o0900970.png
EASL0554	/easl/images/o0900971.png
EASL0555	/easl/images/o0900976.png
EASL0556	/easl/images/o0900977.png
EASL0557	/easl/images/o0900978.png
EASL0558	/easl/images/o0900979.png
EASL0559	/easl/images/o0900981.png
EASL0560	/easl/images/o0900983.png
EASL0561	/easl/images/o0900987.png
EASL0562	/easl/images/o0900984.png
EASL0563	/easl/images/o0900988.png
EASL0564	/easl/images/o0900991.png
EASL0565	/easl/images/o0900992.png
EASL0566	/easl/images/o0900993.png
EASL0567	/easl/images/o0900995.png
EASL0568	/easl/images/o0900997.png
EASL0569	/easl/images/o0900998.png
EASL0570	/easl/images/o0901000.png
EASL0571	/easl/images/o0901003.png
EASL0572	/easl/images/o0901001.png
EASL0573	/easl/images/o0901005.png
EASL0574	/easl/images/o0901007.png
EASL0575	/easl/images/o0901009.png
EASL0576	/easl/images/o0901014.png
EASL0577	/easl/images/o0901010.png
EASL0578	/easl/images/o0901011.png
EASL0579	/easl/images/o0901012.png
EASL0580	/easl/images/o0901016.png
EASL0581	/easl/images/o0901018.png
EASL0582	/easl/images/o0901020.png
EASL0583	/easl/images/o0901022.png
EASL0584	/easl/images/o0901028.png
EASL0585	/easl/images/o0901030.png
EASL0586	/easl/images/o0901036.png
EASL0587	/easl/images/o0901033.png
EASL0588	/easl/images/o0901038.png
EASL0589	/easl/images/o0901039.png
EASL0590	/easl/images/o0901040.png
EASL0591	/easl/images/o0901041.png
EASL0592	/easl/images/o0901043.png
EASL0593	/easl/images/o0901044.png
EASL0594	/easl/images/o0901045.png
EASL0595	/easl/images/o0901047.png
EASL0596	/easl/images/o0901048.png
EASL0597	/easl/images/o0901049.png
EASL0598	/easl/images/o0901050.png
EASL0599	/easl/images/o0901052.png
EASL0600	/easl/images/o0901055.png
EASL0601	/easl/images/o0901053.png
EASL0602	/easl/images/o0901057.png
EASL0603	/easl/images/o0901058.png
EASL0604	/easl/images/o0901060.png
EASL0605	/easl/images/o0901062.png
EASL0606	/easl/images/o0901063.png
EASL0607	/easl/images/o0901064.png
EASL0608	/easl/images/o0901065.png
EASL0609	/easl/images/o0901066.png
EASL0610	/easl/images/o0901067.png
EASL0611	/easl/images/o0901071.png
EASL0612	/easl/images/o0901073.png
EASL0613	/easl/images/o0901074.png
EASL0614	/easl/images/o0901075.png
EASL0615	/easl/images/o0901076.png
EASL0616	/easl/images/o0901078.png
EASL0617	/easl/images/o0901080.png
EASL0618	/easl/images/o0901086.png
EASL0619	/easl/images/o0901088.png
EASL0620	/easl/images/o0901082.png
EASL0621	/easl/images/o0901083.png
EASL0622	/easl/images/o0901089.png
EASL0623	/easl/images/o0901090.png
EASL0624	/easl/images/o0901091.png
EASL0625	/easl/images/o0901093.png
EASL0626	/easl/images/o0901094.png
EASL0627	/easl/images/o0901095.png
EASL0628	/easl/images/o0901097.png
EASL0629	/easl/images/o0901098.png
EASL0630	/easl/images/o0901099.png
EASL0631	/easl/images/o0901100.png
EASL0632	/easl/images/o0901101.png
EASL0633	/easl/images/o0901102.png
EASL0634	/easl/images/o0901104.png
EASL0635	/easl/images/o0901106.png
EASL0636	/easl/images/o0901107.png
EASL0637	/easl/images/o0901108.png
EASL0638	/easl/images/o0901109.png
EASL0639	/easl/images/o0901111.png
EASL0640	/easl/images/o0901113.png
EASL0641	/easl/images/o0901114.png
EASL0642	/easl/images/o0901115.png
EASL0643	/easl/images/o0901116.png
EASL0644	/easl/images/o0901120.png
EASL0645	/easl/images/o0901117.png
EASL0646	/easl/images/o0901122.png
EASL0647	/easl/images/o0901123.png
EASL0648	/easl/images/o0901127.png
EASL0649	/easl/images/o0901128.png
EASL0650	/easl/images/o0901131.png
EASL0651	/easl/images/o0901132.png
EASL0652	/easl/images/o0901133.png
EASL0653	/easl/images/o0901136.png
EASL0654	/easl/images/o0901140.png
EASL0655	/easl/images/o0901137.png
EASL0656	/easl/images/o0901138.png
EASL0657	/easl/images/o0901142.png
EASL0658	/easl/images/o0901143.png
EASL0659	/easl/images/o0901145.png
EASL0660	/easl/images/o0901149.png
EASL0661	/easl/images/o0901151.png
EASL0662	/easl/images/o0901153.png
EASL0663	/easl/images/o0901155.png
EASL0664	/easl/images/o0901146.png
EASL0665	/easl/images/o0901147.png
EASL0666	/easl/images/o0901156.png
EASL0667	/easl/images/o0901158.png
EASL0668	/easl/images/o0901164.png
EASL0669	/easl/images/o0901167.png
EASL0670	/easl/images/o0901159.png
EASL0671	/easl/images/o0901165.png
EASL0672	/easl/images/o0901160.png
EASL0673	/easl/images/o0901162.png
EASL0674	/easl/images/o0901169.png
EASL0675	/easl/images/o0901170.png
EASL0676	/easl/images/o0901172.png
EASL0677	/easl/images/o0901173.png
EASL0678	/easl/images/o0901174.png
EASL0679	/easl/images/o0901175.png
EASL0680	/easl/images/o0901176.png
EASL0681	/easl/images/o0901177.png
EASL0682	/easl/images/o0901179.png
EASL0683	/easl/images/o0901180.png
EASL0684	/easl/images/o0901181.png
EASL0685	/easl/images/o0901182.png
EASL0686	/easl/images/o0901184.png
EASL0687	/easl/images/o0901186.png
EASL0688	/easl/images/o0901191.png
EASL0689	/easl/images/o0901195.png
EASL0690	/easl/images/o0901197.png
EASL0691	/easl/images/o0901205.png
EASL0692	/easl/images/o0901207.png
EASL0693	/easl/images/o0901209.png
EASL0694	/easl/images/o0901213.png
EASL0695	/easl/images/o0901217.png
EASL0696	/easl/images/o0901219.png
EASL0697	/easl/images/o0901229.png
EASL0698	/easl/images/o0901231.png
EASL0699	/easl/images/o0901234.png
EASL0700	/easl/images/o0901237.png
EASL0701	/easl/images/o0901239.png
EASL0702	/easl/images/o0901243.png
EASL0703	/easl/images/o0901245.png
EASL0704	/easl/images/o0901248.png
EASL0705	/easl/images/o0901250.png
EASL0706	/easl/images/o0901253.png
EASL0707	/easl/images/o0901255.png
EASL0708	/easl/images/o0901258.png
EASL0709	/easl/images/o0901223.png
EASL0710	/easl/images/o0901187.png
EASL0711	/easl/images/o0901193.png
EASL0712	/easl/images/o0901199.png
EASL0713	/easl/images/o0901201.png
EASL0714	/easl/images/o0901211.png
EASL0715	/easl/images/o0901232.png
EASL0716	/easl/images/o0901235.png
EASL0717	/easl/images/o0901241.png
EASL0718	/easl/images/o0901246.png
EASL0719	/easl/images/o0901251.png
EASL0720	/easl/images/o0901256.png
EASL0721	/easl/images/o0901221.png
EASL0722	/easl/images/o0901260.png
EASL0723	/easl/images/o0901262.png
EASL0724	/easl/images/o0901267.png
EASL0725	/easl/images/o0901263.png
EASL0726	/easl/images/o0901264.png
EASL0727	/easl/images/o0901265.png
EASL0728	/easl/images/o0901268.png
EASL0729	/easl/images/o0901295.png
EASL0730	/easl/images/o0901296.png
EASL0731	/easl/images/o0901297.png
EASL0732	/easl/images/o0901298.png
EASL0733	/easl/images/o0901299.png
EASL0734	/easl/images/o0901300.png
EASL0735	/easl/images/o0901270.png
EASL0736	/easl/images/o0901273.png
EASL0737	/easl/images/o0901277.png
EASL0738	/easl/images/o0901271.png
EASL0739	/easl/images/o0901279.png
EASL0740	/easl/images/o0901280.png
EASL0741	/easl/images/o0901281.png
EASL0742	/easl/images/o0901283.png
EASL0743	/easl/images/o0901284.png
EASL0744	/easl/images/o0901290.png
EASL0745	/easl/images/o0901292.png
EASL0746	/easl/images/o0901294.png
EASL0747	/easl/images/o0901287.png
EASL0748	/easl/images/o0901301.png
EASL0749	/easl/images/o0901303.png
EASL0750	/easl/images/o0901304.png
EASL0751	/easl/images/o0901308.png
EASL0752	/easl/images/o0901309.png
EASL0753	/easl/images/o0901310.png
EASL0754	/easl/images/o0901312.png
EASL0755	/easl/images/o0901313.png
EASL0756	/easl/images/o0901316.png
EASL0757	/easl/images/o0901318.png
EASL0758	/easl/images/o0901315.png
EASL0759	/easl/images/o0901319.png
EASL0760	/easl/images/o0901317.png
EASL0761	/easl/images/o0901320.png
EASL0762	/easl/images/o0901322.png
EASL0763	/easl/images/o0901323.png
EASL0764	/easl/images/o0901325.png
EASL0765	/easl/images/o0901328.png
EASL0766	/easl/images/o0901330.png
EASL0767	/easl/images/o0901332.png
EASL0768	/easl/images/o0901335.png
EASL0769	/easl/images/o0901338.png
EASL0770	/easl/images/o0901343.png
EASL0771	/easl/images/o0901345.png
EASL0772	/easl/images/o0901349.png
EASL0773	/easl/images/o0901351.png
EASL0774	/easl/images/o0901353.png
EASL0775	/easl/images/o0901355.png
EASL0776	/easl/images/o0901357.png
EASL0777	/easl/images/o0901359.png
EASL0778	/easl/images/o0901326.png
EASL0779	/easl/images/o0901333.png
EASL0780	/easl/images/o0901336.png
EASL0781	/easl/images/o0901339.png
EASL0782	/easl/images/o0901341.png
EASL0783	/easl/images/o0901361.png
EASL0784	/easl/images/o0901373.png
EASL0784a	/easl/images/o0901375.png
EASL0785	/easl/images/o0901363.png
EASL0786	/easl/images/o0901367.png
EASL0787	/easl/images/o0901369.png
EASL0788	/easl/images/o0901371.png
EASL0789	/easl/images/o0901376.png
EASL0790	/easl/images/o0901377.png
EASL0791	/easl/images/o0901378.png
EASL0792	/easl/images/o0901380.png
EASL0793	/easl/images/o0901381.png
EASL0794	/easl/images/o0901382.png
EASL0795	/easl/images/o0901384.png
EASL0796	/easl/images/o0901386.png
EASL0797	/easl/images/o0901387.png
EASL0798	/easl/images/o0901390.png
EASL0799	/easl/images/o0901391.png
EASL0800	/easl/images/o0901392.png
EASL0801	/easl/images/o0901393.png
EASL0802	/easl/images/o0901396.png
EASL0803	/easl/images/o0901401.png
EASL0804	/easl/images/o0901403.png
EASL0805	/easl/images/o0901397.png
EASL0806	/easl/images/o0901398.png
EASL0807	/easl/images/o0901399.png
EASL0808	/easl/images/o0901404.png
EASL0809	/easl/images/o0901407.png
EASL0810	/easl/images/o0901408.png
EASL0811	/easl/images/o0901409.png
EASL0812	/easl/images/o0901410.png
EASL0813	/easl/images/o0901411.png
EASL0814	/easl/images/o0901413.png
EASL0815	/easl/images/o0901414.png
EASL0816	/easl/images/o0901415.png
EASL0817	/easl/images/o0901416.png
EASL0818	/easl/images/o0901417.png
EASL0819	/easl/images/o0901419.png
EASL0820	/easl/images/o0901424.png
EASL0821	/easl/images/o0901422.png
EASL0822	/easl/images/o0901426.png
EASL0823	/easl/images/o0901429.png
EASL0824	/easl/images/o0901434.png
EASL0825	/easl/images/o0901435.png
EASL0826	/easl/images/o0901430.png
EASL0827	/easl/images/o0901431.png
EASL0828	/easl/images/o0901432.png
EASL0829	/easl/images/o0902870.png
EASL0830	/easl/images/o0902413.png
EASL0831	/easl/images/o0903211.png
EASL0832	/easl/images/o0901748.png
EASL0833	/easl/images/o0903219.png
EASL0834	/easl/images/o0903220.png
EASL0835	/easl/images/o0903223.png
EASL0836	/easl/images/o0903227.png
EASL0837	/easl/images/o0903230.png
EASL0838	/easl/images/o0903231.png
EASL0839	/easl/images/o0903235.png
EASL0840	/easl/images/o0903239.png
EASL0841	/easl/images/o0903241.png
EASL0842	/easl/images/o0903243.png
EASL0843	/easl/images/o0903245.png
EASL0844	/easl/images/o0903246.png
EASL0845	/easl/images/o0903248.png
EASL0846	/easl/images/o0903252.png
EASL0847	/easl/images/o0903258.png
EASL0848	/easl/images/o0903259.png
EASL0849	/easl/images/o0903261.png
EASL0850	/easl/images/o0903263.png
EASL0851	/easl/images/o0903265.png
EASL0852	/easl/images/o0903267.png
EASL0853	/easl/images/o0903270.png
EASL0854	/easl/images/o0903272.png
EASL0855	/easl/images/o0903277.png
EASL0856	/easl/images/o0903283.png
EASL0857	/easl/images/o0903281.png
EASL0858	/easl/images/o0903287.png
EASL0859	/easl/images/o0901437.png
EASL0860	/easl/images/o0901438.png
EASL0861	/easl/images/o0901439.png
EASL0862	/easl/images/o0901440.png
EASL0863	/easl/images/o0901442.png
EASL0864	/easl/images/o0901444.png
EASL0865	/easl/images/o0901445.png
EASL0866	/easl/images/o0901448.png
EASL0867	/easl/images/o0901452.png
EASL0868	/easl/images/o0901455.png
EASL0869	/easl/images/o0901453.png
EASL0870	/easl/images/o0901457.png
EASL0871	/easl/images/o0901461.png
EASL0872	/easl/images/o0901464.png
EASL0873	/easl/images/o0901465.png
EASL0874	/easl/images/o0901466.png
EASL0875	/easl/images/o0901467.png
EASL0876	/easl/images/o0901468.png
EASL0877	/easl/images/o0901469.png
EASL0878	/easl/images/o0901470.png
EASL0879	/easl/images/o0901471.png
EASL0880	/easl/images/o0901472.png
EASL0881	/easl/images/o0901475.png
EASL0882	/easl/images/o0901477.png
EASL0883	/easl/images/o0901479.png
EASL0884	/easl/images/o0901480.png
EASL0885	/easl/images/o0901481.png
EASL0886	/easl/images/o0901483.png
EASL0887	/easl/images/o0901486.png
EASL0888	/easl/images/o0901487.png
EASL0889	/easl/images/o0901488.png
EASL0890	/easl/images/o0901491.png
EASL0891	/easl/images/o0901493.png
EASL0892	/easl/images/o0901496.png
EASL0893	/easl/images/o0901499.png
EASL0894	/easl/images/o0901501.png
EASL0895	/easl/images/o0901504.png
EASL0896	/easl/images/o0901506.png
EASL0897	/easl/images/o0901512.png
EASL0898	/easl/images/o0901502.png
EASL0899	/easl/images/o0901510.png
EASL0900	/easl/images/o0901508.png
EASL0901	/easl/images/o0901513.png
EASL0902	/easl/images/o0901514.png
EASL0903	/easl/images/o0901516.png
EASL0904	/easl/images/o0901517.png
EASL0905	/easl/images/o0901518.png
EASL0906	/easl/images/o0901519.png
EASL0907	/easl/images/o0901521.png
EASL0908	/easl/images/o0901524.png
EASL0909	/easl/images/o0901525.png
EASL0910	/easl/images/o0901527.png
EASL0911	/easl/images/o0901528.png
EASL0912	/easl/images/o0901535.png
EASL0913	/easl/images/o0901537.png
EASL0914	/easl/images/o0901538.png
EASL0915	/easl/images/o0901540.png
EASL0916	/easl/images/o0901542.png
EASL0917	/easl/images/o0901543.png
EASL0918	/easl/images/o0901544.png
EASL0919	/easl/images/o0901546.png
EASL0920	/easl/images/o0901547.png
EASL0921	/easl/images/o0901534.png
EASL0922	/easl/images/o0901548.png
EASL0923	/easl/images/o0901533.png
EASL0924	/easl/images/o0901530.png
EASL0925	/easl/images/o0901549.png
EASL0926	/easl/images/o0901553.png
EASL0927	/easl/images/o0901556.png
EASL0928	/easl/images/o0901562.png
EASL0929	/easl/images/o0901566.png
EASL0930	/easl/images/o0901567.png
EASL0931	/easl/images/o0901568.png
EASL0932	/easl/images/o0901570.png
EASL0933	/easl/images/o0901572.png
EASL0934	/easl/images/o0901574.png
EASL0935	/easl/images/o0901575.png
EASL0936	/easl/images/o0901557.png
EASL0937	/easl/images/o0901558.png
EASL0938	/easl/images/o0901559.png
EASL0939	/easl/images/o0901551.png
EASL0940	/easl/images/o0901560.png
EASL0941	/easl/images/o0901577.png
EASL0942	/easl/images/o0901578.png
EASL0943	/easl/images/o0901580.png
EASL0944	/easl/images/o0901583.png
EASL0945	/easl/images/o0901581.png
EASL0946	/easl/images/o0901584.png
EASL0947	/easl/images/o0901585.png
EASL0948	/easl/images/o0901586.png
EASL0949	/easl/images/o0901587.png
EASL0950	/easl/images/o0901588.png
EASL0951	/easl/images/o0901589.png
EASL0952	/easl/images/o0901590.png
EASL0953	/easl/images/o0901592.png
EASL0954	/easl/images/o0901603.png
EASL0955	/easl/images/o0901606.png
EASL0956	/easl/images/o0901607.png
EASL0957	/easl/images/o0901608.png
EASL0958	/easl/images/o0901611.png
EASL0959	/easl/images/o0901593.png
EASL0960	/easl/images/o0901609.png
EASL0961	/easl/images/o0901594.png
EASL0962	/easl/images/o0901598.png
EASL0963	/easl/images/o0901613.png
EASL0964	/easl/images/o0901614.png
EASL0965	/easl/images/o0901623.png
EASL0966	/easl/images/o0901615.png
EASL0967	/easl/images/o0901616.png
EASL0968	/easl/images/o0901617.png
EASL0969	/easl/images/o0901618.png
EASL0970	/easl/images/o0901625.png
EASL0971	/easl/images/o0901628.png
EASL0972	/easl/images/o0901634.png
EASL0973	/easl/images/o0901636.png
EASL0974	/easl/images/o0901637.png
EASL0975	/easl/images/o0901639.png
EASL0976	/easl/images/o0901643.png
EASL0977	/easl/images/o0901640.png
EASL0978	/easl/images/o0901645.png
EASL0979	/easl/images/o0901646.png
EASL0980	/easl/images/o0901647.png
EASL0981	/easl/images/o0901648.png
EASL0982	/easl/images/o0901653.png
EASL0983	/easl/images/o0901649.png
EASL0984	/easl/images/o0901656.png
EASL0985	/easl/images/o0901657.png
EASL0986	/easl/images/o0901659.png
EASL0987	/easl/images/o0901662.png
EASL0988	/easl/images/o0901664.png
EASL0989	/easl/images/o0901660.png
EASL0990	/easl/images/o0901665.png
EASL0991	/easl/images/o0901666.png
EASL0992	/easl/images/o0901668.png
EASL0993	/easl/images/o0901669.png
EASL0994	/easl/images/o0901670.png
EASL0995	/easl/images/o0901672.png
EASL0996	/easl/images/o0901674.png
EASL0997	/easl/images/o0901675.png
EASL0998	/easl/images/o0901677.png
EASL0999	/easl/images/o0901681.png
EASL1000	/easl/images/o0901691.png
EASL1001	/easl/images/o0901684.png
EASL1002	/easl/images/o0901686.png
EASL1003	/easl/images/o0901687.png
EASL1004	/easl/images/o0901688.png
EASL1005	/easl/images/o0901694.png
EASL1006	/easl/images/o0901695.png
EASL1007	/easl/images/o0901682.png
EASL1008	/easl/images/o0901696.png
EASL1009	/easl/images/o0901697.png
EASL1010	/easl/images/o0901699.png
EASL1011	/easl/images/o0901701.png
EASL1012	/easl/images/o0901703.png
EASL1013	/easl/images/o0901704.png
EASL1014	/easl/images/o0901709.png
EASL1015	/easl/images/o0901712.png
EASL1016	/easl/images/o0901714.png
EASL1017	/easl/images/o0901718.png
EASL1018	/easl/images/o0901723.png
EASL1019	/easl/images/o0901719.png
EASL1020	/easl/images/o0901720.png
EASL1021	/easl/images/o0901724.png
EASL1022	/easl/images/o0901729.png
EASL1023	/easl/images/o0901734.png
EASL1024	/easl/images/o0901739.png
EASL1025	/easl/images/o0901740.png
EASL1026	/easl/images/o0901741.png
EASL1027	/easl/images/o0901742.png
EASL1028	/easl/images/o0901744.png
EASL1029	/easl/images/o0901746.png
EASL1030	/easl/images/o0901751.png
EASL1031	/easl/images/o0901752.png
EASL1032	/easl/images/o0901753.png
EASL1033	/easl/images/o0901756.png
EASL1034	/easl/images/o0901757.png
EASL1035	/easl/images/o0901767.png
EASL1036	/easl/images/o0901769.png
EASL1037	/easl/images/o0901758.png
EASL1038	/easl/images/o0901759.png
EASL1039	/easl/images/o0901760.png
EASL1040	/easl/images/o0901761.png
EASL1041	/easl/images/o0901763.png
EASL1042	/easl/images/o0901764.png
EASL1043	/easl/images/o0901765.png
EASL1044	/easl/images/o0901770.png
EASL1045	/easl/images/o0901771.png
EASL1046	/easl/images/o0901773.png
EASL1047	/easl/images/o0901775.png
EASL1048	/easl/images/o0901781.png
EASL1049	/easl/images/o0901783.png
EASL1050	/easl/images/o0901786.png
EASL1051	/easl/images/o0901787.png
EASL1052	/easl/images/o0901790.png
EASL1053	/easl/images/o0901792.png
EASL1054	/easl/images/o0901794.png
EASL1055	/easl/images/o0901795.png
EASL1056	/easl/images/o0901796.png
EASL1057	/easl/images/o0901800.png
EASL1058	/easl/images/o0901802.png
EASL1059	/easl/images/o0901804.png
EASL1060	/easl/images/o0901806.png
EASL1061	/easl/images/o0901808.png
EASL1062	/easl/images/o0901809.png
EASL1063	/easl/images/o0901810.png
EASL1064	/easl/images/o0901812.png
EASL1065	/easl/images/o0901814.png
EASL1066	/easl/images/o0901816.png
EASL1067	/easl/images/o0901818.png
EASL1068	/easl/images/o0901826.png
EASL1069	/easl/images/o0901829.png
EASL1070	/easl/images/o0901834.png
EASL1071	/easl/images/o0901836.png
EASL1072	/easl/images/o0901838.png
EASL1073	/easl/images/o0901839.png
EASL1074	/easl/images/o0901841.png
EASL1075	/easl/images/o0901843.png
EASL1076	/easl/images/o0901845.png
EASL1077	/easl/images/o0901848.png
EASL1078	/easl/images/o0901850.png
EASL1079	/easl/images/o0901852.png
EASL1080	/easl/images/o0901854.png
EASL1081	/easl/images/o0901856.png
EASL1082	/easl/images/o0901822.png
EASL1083	/easl/images/o0901824.png
EASL1084	/easl/images/o0901776.png
EASL1085	/easl/images/o0901788.png
EASL1086	/easl/images/o0901798.png
EASL1087	/easl/images/o0901827.png
EASL1088	/easl/images/o0901831.png
EASL1089	/easl/images/o0901777.png
EASL1090	/easl/images/o0901830.png
EASL1091	/easl/images/o0901846.png
EASL1092	/easl/images/o0901858.png
EASL1093	/easl/images/o0901832.png
EASL1094	/easl/images/o0901860.png
EASL1095	/easl/images/o0901861.png
EASL1096	/easl/images/o0901862.png
EASL1097	/easl/images/o0901864.png
EASL1098	/easl/images/o0901865.png
EASL1099	/easl/images/o0901866.png
EASL1100	/easl/images/o0901868.png
EASL1101	/easl/images/o0901870.png
EASL1102	/easl/images/o0901875.png
EASL1103	/easl/images/o0901872.png
EASL1104	/easl/images/o0901876.png
EASL1105	/easl/images/o0901878.png
EASL1106	/easl/images/o0901879.png
EASL1107	/easl/images/o0901880.png
EASL1108	/easl/images/o0901881.png
EASL1109	/easl/images/o0901883.png
EASL1110	/easl/images/o0901884.png
EASL1111	/easl/images/o0901887.png
EASL1112	/easl/images/o0901888.png
EASL1113	/easl/images/o0901890.png
EASL1114	/easl/images/o0901891.png
EASL1115	/easl/images/o0901892.png
EASL1116	/easl/images/o0901893.png
EASL1117	/easl/images/o0901895.png
EASL1118	/easl/images/o0901896.png
EASL1119	/easl/images/o0901898.png
EASL1120	/easl/images/o0901899.png
EASL1121	/easl/images/o0901902.png
EASL1122	/easl/images/o0901906.png
EASL1123	/easl/images/o0901904.png
EASL1124	/easl/images/o0901907.png
EASL1125	/easl/images/o0901908.png
EASL1126	/easl/images/o0901909.png
EASL1127	/easl/images/o0901910.png
EASL1128	/easl/images/o0901914.png
EASL1129	/easl/images/o0901915.png
EASL1130	/easl/images/o0901916.png
EASL1131	/easl/images/o0901918.png
EASL1132	/easl/images/o0901919.png
EASL1133	/easl/images/o0901920.png
EASL1134	/easl/images/o0901921.png
EASL1135	/easl/images/o0901922.png
EASL1136	/easl/images/o0901926.png
EASL1137	/easl/images/o0901928.png
EASL1138	/easl/images/o0901930.png
EASL1139	/easl/images/o0901932.png
EASL1140	/easl/images/o0901934.png
EASL1141	/easl/images/o0901935.png
EASL1142	/easl/images/o0901936.png
EASL1143	/easl/images/o0901938.png
EASL1144	/easl/images/o0901939.png
EASL1145	/easl/images/o0901940.png
EASL1146	/easl/images/o0901941.png
EASL1147	/easl/images/o0901943.png
EASL1148	/easl/images/o0901944.png
EASL1149	/easl/images/o0901953.png
EASL1150	/easl/images/o0901955.png
EASL1151	/easl/images/o0901959.png
EASL1152	/easl/images/o0901961.png
EASL1153	/easl/images/o0901947.png
EASL1154	/easl/images/o0901948.png
EASL1155	/easl/images/o0901962.png
EASL1156	/easl/images/o0901966.png
EASL1157	/easl/images/o0901967.png
EASL1158	/easl/images/o0901969.png
EASL1159	/easl/images/o0901971.png
EASL1160	/easl/images/o0901973.png
EASL1161	/easl/images/o0901981.png
EASL1162	/easl/images/o0901974.png
EASL1163	/easl/images/o0901979.png
EASL1164	/easl/images/o0901977.png
EASL1165	/easl/images/o0901983.png
EASL1166	/easl/images/o0901984.png
EASL1167	/easl/images/o0901986.png
EASL1168	/easl/images/o0901988.png
EASL1169	/easl/images/o0901990.png
EASL1170	/easl/images/o0901991.png
EASL1171	/easl/images/o0901993.png
EASL1172	/easl/images/o0901996.png
EASL1173	/easl/images/o0901998.png
EASL1174	/easl/images/o0902000.png
EASL1175	/easl/images/o0902004.png
EASL1176	/easl/images/o0902014.png
EASL1177	/easl/images/o0902020.png
EASL1178	/easl/images/o0902022.png
EASL1179	/easl/images/o0902024.png
EASL1180	/easl/images/o0902016.png
EASL1181	/easl/images/o0902026.png
EASL1182	/easl/images/o0902005.png
EASL1183	/easl/images/o0902006.png
EASL1184	/easl/images/o0902007.png
EASL1185	/easl/images/o0903420.png
EASL1186	/easl/images/o0902008.png
EASL1187	/easl/images/o0902012.png
EASL1188	/easl/images/o0902009.png
EASL1189	/easl/images/o0902018.png
EASL1190	/easl/images/o0902030.png
EASL1191	/easl/images/o0902032.png
EASL1192	/easl/images/o0902010.png
EASL1193	/easl/images/o0902033.png
EASL1194	/easl/images/o0902034.png
EASL1195	/easl/images/o0902035.png
EASL1196	/easl/images/o0902036.png
EASL1197	/easl/images/o0902037.png
EASL1198	/easl/images/o0902039.png
EASL1199	/easl/images/o0902046.png
EASL1200	/easl/images/o0902048.png
EASL1201	/easl/images/o0902050.png
EASL1202	/easl/images/o0902056.png
EASL1203	/easl/images/o0902043.png
EASL1204	/easl/images/o0902044.png
EASL1205	/easl/images/o0902049.png
EASL1206	/easl/images/o0902051.png
EASL1207	/easl/images/o0902052.png
EASL1208	/easl/images/o0902059.png
EASL1209	/easl/images/o0902060.png
EASL1210	/easl/images/o0902061.png
EASL1211	/easl/images/o0902063.png
EASL1212	/easl/images/o0902064.png
EASL1213	/easl/images/o0902068.png
EASL1214	/easl/images/o0902070.png
EASL1215	/easl/images/o0902072.png
EASL1216	/easl/images/o0902074.png
EASL1217	/easl/images/o0902075.png
EASL1218	/easl/images/o0902076.png
EASL1219	/easl/images/o0902077.png
EASL1220	/easl/images/o0902081.png
EASL1221	/easl/images/o0902078.png
EASL1222	/easl/images/o0902079.png
EASL1223	/easl/images/o0902083.png
EASL1224	/easl/images/o0902092.png
EASL1225	/easl/images/o0902084.png
EASL1226	/easl/images/o0902085.png
EASL1227	/easl/images/o0902086.png
EASL1228	/easl/images/o0902087.png
EASL1229	/easl/images/o0902088.png
EASL1230	/easl/images/o0902089.png
EASL1231	/easl/images/o0902094.png
EASL1232	/easl/images/o0902098.png
EASL1233	/easl/images/o0902096.png
EASL1234	/easl/images/o0902100.png
EASL1235	/easl/images/o0902101.png
EASL1236	/easl/images/o0902102.png
EASL1237	/easl/images/o0902103.png
EASL1238	/easl/images/o0902105.png
EASL1239	/easl/images/o0902106.png
EASL1240	/easl/images/o0902107.png
EASL1241	/easl/images/o0902108.png
EASL1242	/easl/images/o0902109.png
EASL1243	/easl/images/o0902111.png
EASL1244	/easl/images/o0902112.png
EASL1245	/easl/images/o0902114.png
EASL1246	/easl/images/o0902116.png
EASL1247	/easl/images/o0902121.png
EASL1248	/easl/images/o0902123.png
EASL1249	/easl/images/o0902117.png
EASL1250	/easl/images/o0902118.png
EASL1251	/easl/images/o0902119.png
EASL1252	/easl/images/o0902128.png
EASL1253	/easl/images/o0902133.png
EASL1254	/easl/images/o0902129.png
EASL1255	/easl/images/o0902130.png
EASL1256	/easl/images/o0902131.png
EASL1257	/easl/images/o0902136.png
EASL1258	/easl/images/o0902137.png
EASL1259	/easl/images/o0902138.png
EASL1260	/easl/images/o0902139.png
EASL1261	/easl/images/o0902143.png
EASL1262	/easl/images/o0902144.png
EASL1263	/easl/images/o0902146.png
EASL1264	/easl/images/o0902154.png
EASL1265	/easl/images/o0902147.png
EASL1266	/easl/images/o0902152.png
EASL1267	/easl/images/o0902148.png
EASL1268	/easl/images/o0902156.png
EASL1269	/easl/images/o0902157.png
EASL1270	/easl/images/o0902160.png
EASL1271	/easl/images/o0902161.png
EASL1272	/easl/images/o0902177.png
EASL1273	/easl/images/o0902163.png
EASL1274	/easl/images/o0902164.png
EASL1275	/easl/images/o0902165.png
EASL1276	/easl/images/o0902166.png
EASL1277	/easl/images/o0902167.png
EASL1278	/easl/images/o0902168.png
EASL1279	/easl/images/o0902169.png
EASL1280	/easl/images/o0902170.png
EASL1281	/easl/images/o0902171.png
EASL1282	/easl/images/o0902172.png
EASL1283	/easl/images/o0902173.png
EASL1284	/easl/images/o0902174.png
EASL1285	/easl/images/o0902175.png
EASL1286	/easl/images/o0902176.png
EASL1287	/easl/images/o0902216.png
EASL1288	/easl/images/o0902217.png
EASL1289	/easl/images/o0902178.png
EASL1290	/easl/images/o0902179.png
EASL1291	/easl/images/o0902182.png
EASL1292	/easl/images/o0902185.png
EASL1293	/easl/images/o0902183.png
EASL1294	/easl/images/o0902184.png
EASL1295	/easl/images/o0902186.png
EASL1296	/easl/images/o0902187.png
EASL1297	/easl/images/o0902188.png
EASL1298	/easl/images/o0902189.png
EASL1299	/easl/images/o0902190.png
EASL1300	/easl/images/o0902191.png
EASL1301	/easl/images/o0902192.png
EASL1302	/easl/images/o0902193.png
EASL1303	/easl/images/o0902194.png
EASL1304	/easl/images/o0902195.png
EASL1305	/easl/images/o0902181.png
EASL1306	/easl/images/o0902196.png
EASL1307	/easl/images/o0902198.png
EASL1308	/easl/images/o0902200.png
EASL1309	/easl/images/o0902201.png
EASL1310	/easl/images/o0902202.png
EASL1311	/easl/images/o0902203.png
EASL1312	/easl/images/o0902204.png
EASL1313	/easl/images/o0902205.png
EASL1314	/easl/images/o0902206.png
EASL1315	/easl/images/o0902207.png
EASL1316	/easl/images/o0902208.png
EASL1317	/easl/images/o0902209.png
EASL1318	/easl/images/o0902210.png
EASL1319	/easl/images/o0902211.png
EASL1320	/easl/images/o0902212.png
EASL1321	/easl/images/o0902213.png
EASL1322	/easl/images/o0902214.png
EASL1323	/easl/images/o0902215.png
EASL1324	/easl/images/o0902226.png
EASL1325	/easl/images/o0902220.png
EASL1326	/easl/images/o0902225.png
EASL1327	/easl/images/o0902227.png
EASL1328	/easl/images/o0902229.png
EASL1329	/easl/images/o0902230.png
EASL1330	/easl/images/o0902234.png
EASL1331	/easl/images/o0902241.png
EASL1332	/easl/images/o0902237.png
EASL1333	/easl/images/o0902238.png
EASL1334	/easl/images/o0902243.png
EASL1335	/easl/images/o0902247.png
EASL1336	/easl/images/o0902248.png
EASL1337	/easl/images/o0902244.png
EASL1338	/easl/images/o0902245.png
EASL1339	/easl/images/o0902250.png
EASL1340	/easl/images/o0902251.png
EASL1341	/easl/images/o0902252.png
EASL1342	/easl/images/o0902254.png
EASL1343	/easl/images/o0902256.png
EASL1344	/easl/images/o0902259.png
EASL1345	/easl/images/o0902257.png
EASL1346	/easl/images/o0902261.png
EASL1347	/easl/images/o0902263.png
EASL1348	/easl/images/o0902268.png
EASL1349	/easl/images/o0902270.png
EASL1350	/easl/images/o0902272.png
EASL1351	/easl/images/o0902274.png
EASL1352	/easl/images/o0902282.png
EASL1353	/easl/images/o0902284.png
EASL1354	/easl/images/o0902276.png
EASL1355	/easl/images/o0902278.png
EASL1356	/easl/images/o0902280.png
EASL1357	/easl/images/o0902265.png
EASL1358	/easl/images/o0902286.png
EASL1359	/easl/images/o0902287.png
EASL1360	/easl/images/o0902288.png
EASL1361	/easl/images/o0902289.png
EASL1362	/easl/images/o0902290.png
EASL1363	/easl/images/o0902293.png
EASL1364	/easl/images/o0902298.png
EASL1365	/easl/images/o0902300.png
EASL1366	/easl/images/o0902295.png
EASL1367	/easl/images/o0902296.png
EASL1368	/easl/images/o0902302.png
EASL1369	/easl/images/o0902306.png
EASL1370	/easl/images/o0902308.png
EASL1371	/easl/images/o0902303.png
EASL1372	/easl/images/o0902304.png
EASL1373	/easl/images/o0902309.png
EASL1374	/easl/images/o0902311.png
EASL1375	/easl/images/o0902310.png
EASL1376	/easl/images/o0902313.png
EASL1377	/easl/images/o0902315.png
EASL1378	/easl/images/o0902316.png
EASL1379	/easl/images/o0902317.png
EASL1380	/easl/images/o0902321.png
EASL1381	/easl/images/o0902318.png
EASL1382	/easl/images/o0902323.png
EASL1383	/easl/images/o0902324.png
EASL1384	/easl/images/o0902325.png
EASL1385	/easl/images/o0902327.png
EASL1386	/easl/images/o0902328.png
EASL1387	/easl/images/o0902329.png
EASL1388	/easl/images/o0902330.png
EASL1389	/easl/images/o0902332.png
EASL1390	/easl/images/o0902336.png
EASL1391	/easl/images/o0902334.png
EASL1392	/easl/images/o0902337.png
EASL1393	/easl/images/o0902339.png
EASL1394	/easl/images/o0902345.png
EASL1395	/easl/images/o0902347.png
EASL1396	/easl/images/o0902349.png
EASL1397	/easl/images/o0902351.png
EASL1398	/easl/images/o0902365.png
EASL1399	/easl/images/o0902367.png
EASL1400	/easl/images/o0902369.png
EASL1401	/easl/images/o0902357.png
EASL1402	/easl/images/o0902359.png
EASL1403	/easl/images/o0902371.png
EASL1404	/easl/images/o0902340.png
EASL1405	/easl/images/o0902363.png
EASL1406	/easl/images/o0902353.png
EASL1407	/easl/images/o0902341.png
EASL1408	/easl/images/o0902342.png
EASL1409	/easl/images/o0902343.png
EASL1410	/easl/images/o0902373.png
EASL1411	/easl/images/o0902376.png
EASL1412	/easl/images/o0902377.png
EASL1413	/easl/images/o0902379.png
EASL1414	/easl/images/o0902380.png
EASL1415	/easl/images/o0902381.png
EASL1416	/easl/images/o0902382.png
EASL1417	/easl/images/o0902384.png
EASL1418	/easl/images/o0902392.png
EASL1419	/easl/images/o0902385.png
EASL1420	/easl/images/o0902388.png
EASL1421	/easl/images/o0902390.png
EASL1422	/easl/images/o0902393.png
EASL1423	/easl/images/o0902394.png
EASL1424	/easl/images/o0902396.png
EASL1425	/easl/images/o0902397.png
EASL1426	/easl/images/o0902398.png
EASL1427	/easl/images/o0902400.png
EASL1428	/easl/images/o0902404.png
EASL1429	/easl/images/o0902401.png
EASL1430	/easl/images/o0902406.png
EASL1431	/easl/images/o0902407.png
EASL1432	/easl/images/o0902408.png
EASL1433	/easl/images/o0902409.png
EASL1434	/easl/images/o0902411.png
EASL1435	/easl/images/o0902412.png
EASL1436	/easl/images/o0902416.png
EASL1437	/easl/images/o0902418.png
EASL1438	/easl/images/o0902419.png
EASL1439	/easl/images/o0902420.png
EASL1440	/easl/images/o0902422.png
EASL1441	/easl/images/o0902424.png
EASL1442	/easl/images/o0902425.png
EASL1443	/easl/images/o0902427.png
EASL1444	/easl/images/o0902428.png
EASL1445	/easl/images/o0902429.png
EASL1446	/easl/images/o0902430.png
EASL1447	/easl/images/o0902431.png
EASL1448	/easl/images/o0902433.png
EASL1449	/easl/images/o0902434.png
EASL1450	/easl/images/o0902435.png
EASL1451	/easl/images/o0902436.png
EASL1452	/easl/images/o0902437.png
EASL1453	/easl/images/o0902438.png
EASL1454	/easl/images/o0902442.png
EASL1455	/easl/images/o0902443.png
EASL1456	/easl/images/o0902444.png
EASL1457	/easl/images/o0902445.png
EASL1458	/easl/images/o0902448.png
EASL1459	/easl/images/o0902449.png
EASL1460	/easl/images/o0902450.png
EASL1461	/easl/images/o0902451.png
EASL1462	/easl/images/o0902453.png
EASL1463	/easl/images/o0902455.png
EASL1464	/easl/images/o0902456.png
EASL1465	/easl/images/o0902458.png
EASL1466	/easl/images/o0902459.png
EASL1467	/easl/images/o0902461.png
EASL1468	/easl/images/o0902463.png
EASL1469	/easl/images/o0902464.png
EASL1470	/easl/images/o0902466.png
EASL1471	/easl/images/o0902467.png
EASL1472	/easl/images/o0902468.png
EASL1473	/easl/images/o0902469.png
EASL1474	/easl/images/o0902470.png
EASL1475	/easl/images/o0902472.png
EASL1476	/easl/images/o0902473.png
EASL1477	/easl/images/o0902474.png
EASL1478	/easl/images/o0902475.png
EASL1479	/easl/images/o0902476.png
EASL1480	/easl/images/o0902477.png
EASL1481	/easl/images/o0902479.png
EASL1482	/easl/images/o0902482.png
EASL1483	/easl/images/o0902480.png
EASL1484	/easl/images/o0902483.png
EASL1485	/easl/images/o0902484.png
EASL1486	/easl/images/o0902486.png
EASL1487	/easl/images/o0902487.png
EASL1488	/easl/images/o0902489.png
EASL1489	/easl/images/o0902490.png
EASL1490	/easl/images/o0902493.png
EASL1491	/easl/images/o0902495.png
EASL1492	/easl/images/o0902496.png
EASL1493	/easl/images/o0902497.png
EASL1494	/easl/images/o0902499.png
EASL1495	/easl/images/o0902502.png
EASL1496	/easl/images/o0902504.png
EASL1497	/easl/images/o0902501.png
EASL1498	/easl/images/o0902505.png
EASL1499	/easl/images/o0902506.png
EASL1500	/easl/images/o0902507.png
EASL1501	/easl/images/o0902508.png
EASL1502	/easl/images/o0902509.png
EASL1503	/easl/images/o0902511.png
EASL1504	/easl/images/o0902515.png
EASL1505	/easl/images/o0902518.png
EASL1506	/easl/images/o0902519.png
EASL1507	/easl/images/o0902520.png
EASL1508	/easl/images/o0902521.png
EASL1509	/easl/images/o0902522.png
EASL1510	/easl/images/o0902523.png
EASL1511	/easl/images/o0902524.png
EASL1512	/easl/images/o0902525.png
EASL1513	/easl/images/o0902526.png
EASL1514	/easl/images/o0902528.png
EASL1515	/easl/images/o0902529.png
EASL1516	/easl/images/o0902531.png
EASL1517	/easl/images/o0902532.png
EASL1518	/easl/images/o0902534.png
EASL1519	/easl/images/o0902535.png
EASL1520	/easl/images/o0902537.png
EASL1521	/easl/images/o0902538.png
EASL1522	/easl/images/o0902539.png
EASL1523	/easl/images/o0902540.png
EASL1524	/easl/images/o0902542.png
EASL1525	/easl/images/o0902543.png
EASL1526	/easl/images/o0902544.png
EASL1527	/easl/images/o0902546.png
EASL1528	/easl/images/o0902547.png
EASL1529	/easl/images/o0902548.png
EASL1530	/easl/images/o0902549.png
EASL1531	/easl/images/o0902551.png
EASL1532	/easl/images/o0902552.png
EASL1533	/easl/images/o0902553.png
EASL1534	/easl/images/o0902554.png
EASL1535	/easl/images/o0902555.png
EASL1536	/easl/images/o0902557.png
EASL1537	/easl/images/o0902558.png
EASL1538	/easl/images/o0902559.png
EASL1539	/easl/images/o0902560.png
EASL1540	/easl/images/o0902562.png
EASL1541	/easl/images/o0902563.png
EASL1542	/easl/images/o0902564.png
EASL1543	/easl/images/o0902565.png
EASL1544	/easl/images/o0902566.png
EASL1545	/easl/images/o0902567.png
EASL1546	/easl/images/o0902568.png
EASL1547	/easl/images/o0902571.png
EASL1548	/easl/images/o0902573.png
EASL1549	/easl/images/o0902574.png
EASL1550	/easl/images/o0902575.png
EASL1551	/easl/images/o0902577.png
EASL1552	/easl/images/o0902580.png
EASL1553	/easl/images/o0902581.png
EASL1554	/easl/images/o0902582.png
EASL1555	/easl/images/o0902584.png
EASL1556	/easl/images/o0902588.png
EASL1557	/easl/images/o0902589.png
EASL1558	/easl/images/o0902591.png
EASL1559	/easl/images/o0902592.png
EASL1560	/easl/images/o0902593.png
EASL1561	/easl/images/o0902594.png
EASL1562	/easl/images/o0902595.png
EASL1563	/easl/images/o0902596.png
EASL1564	/easl/images/o0902597.png
EASL1565	/easl/images/o0902598.png
EASL1566	/easl/images/o0902599.png
EASL1567	/easl/images/o0902601.png
EASL1568	/easl/images/o0902602.png
EASL1569	/easl/images/o0902603.png
EASL1570	/easl/images/o0902604.png
EASL1571	/easl/images/o0902605.png
EASL1572	/easl/images/o0902607.png
EASL1573	/easl/images/o0902610.png
EASL1574	/easl/images/o0902611.png
EASL1575	/easl/images/o0902612.png
EASL1576	/easl/images/o0902613.png
EASL1577	/easl/images/o0902614.png
EASL1578	/easl/images/o0902616.png
EASL1579	/easl/images/o0902617.png
EASL1580	/easl/images/o0902618.png
EASL1581	/easl/images/o0902619.png
EASL1582	/easl/images/o0902620.png
EASL1583	/easl/images/o0902621.png
EASL1584	/easl/images/o0902622.png
EASL1585	/easl/images/o0902623.png
EASL1586	/easl/images/o0902624.png
EASL1587	/easl/images/o0902625.png
EASL1588	/easl/images/o0902626.png
EASL1589	/easl/images/o0902629.png
EASL1590	/easl/images/o0902630.png
EASL1591	/easl/images/o0902631.png
EASL1592	/easl/images/o0902632.png
EASL1593	/easl/images/o0902633.png
EASL1594	/easl/images/o0902634.png
EASL1595	/easl/images/o0902636.png
EASL1596	/easl/images/o0902637.png
EASL1597	/easl/images/o0902638.png
EASL1598	/easl/images/o0902639.png
EASL1599	/easl/images/o0902641.png
EASL1600	/easl/images/o0902642.png
EASL1601	/easl/images/o0902645.png
EASL1602	/easl/images/o0902647.png
EASL1603	/easl/images/o0902648.png
EASL1604	/easl/images/o0902649.png
EASL1605	/easl/images/o0902653.png
EASL1606	/easl/images/o0902655.png
EASL1607	/easl/images/o0902657.png
EASL1608	/easl/images/o0902658.png
EASL1609	/easl/images/o0902661.png
EASL1610	/easl/images/o0902663.png
EASL1611	/easl/images/o0902665.png
EASL1612	/easl/images/o0902669.png
EASL1613	/easl/images/o0902670.png
EASL1614	/easl/images/o0902673.png
EASL1615	/easl/images/o0902675.png
EASL1616	/easl/images/o0902677.png
EASL1617	/easl/images/o0902679.png
EASL1618	/easl/images/o0902682.png
EASL1619	/easl/images/o0902664.png
EASL1620	/easl/images/o0902683.png
EASL1621	/easl/images/o0902671.png
EASL1622	/easl/images/o0902680.png
EASL1623	/easl/images/o0902687.png
EASL1624	/easl/images/o0902690.png
EASL1625	/easl/images/o0902691.png
EASL1626	/easl/images/o0902692.png
EASL1627	/easl/images/o0902697.png
EASL1628	/easl/images/o0902698.png
EASL1629	/easl/images/o0902699.png
EASL1630	/easl/images/o0902701.png
EASL1631	/easl/images/o0902702.png
EASL1632	/easl/images/o0902704.png
EASL1633	/easl/images/o0902705.png
EASL1634	/easl/images/o0902706.png
EASL1635	/easl/images/o0902708.png
EASL1636	/easl/images/o0902710.png
EASL1637	/easl/images/o0902711.png
EASL1638	/easl/images/o0902714.png
EASL1639	/easl/images/o0902717.png
EASL1640	/easl/images/o0902715.png
EASL1641	/easl/images/o0902718.png
EASL1642	/easl/images/o0902719.png
EASL1643	/easl/images/o0902720.png
EASL1644	/easl/images/o0902722.png
EASL1645	/easl/images/o0902729.png
EASL1646	/easl/images/o0902725.png
EASL1647	/easl/images/o0902727.png
EASL1648	/easl/images/o0902730.png
EASL1649	/easl/images/o0902731.png
EASL1650	/easl/images/o0902732.png
EASL1651	/easl/images/o0902733.png
EASL1652	/easl/images/o0902734.png
EASL1653	/easl/images/o0902735.png
EASL1654	/easl/images/o0902736.png
EASL1655	/easl/images/o0902737.png
EASL1656	/easl/images/o0902739.png
EASL1657	/easl/images/o0902741.png
EASL1658	/easl/images/o0902742.png
EASL1659	/easl/images/o0902743.png
EASL1660	/easl/images/o0902744.png
EASL1661	/easl/images/o0902746.png
EASL1662	/easl/images/o0902749.png
EASL1663	/easl/images/o0902750.png
EASL1664	/easl/images/o0902751.png
EASL1665	/easl/images/o0902752.png
EASL1666	/easl/images/o0902753.png
EASL1667	/easl/images/o0902754.png
EASL1668	/easl/images/o0902755.png
EASL1669	/easl/images/o0902756.png
EASL1670	/easl/images/o0902757.png
EASL1671	/easl/images/o0902758.png
EASL1672	/easl/images/o0902759.png
EASL1673	/easl/images/o0902760.png
EASL1674	/easl/images/o0902761.png
EASL1675	/easl/images/o0902762.png
EASL1676	/easl/images/o0902763.png
EASL1677	/easl/images/o0902764.png
EASL1678	/easl/images/o0902765.png
EASL1679	/easl/images/o0902766.png
EASL1680	/easl/images/o0902767.png
EASL1681	/easl/images/o0902768.png
EASL1682	/easl/images/o0902769.png
EASL1683	/easl/images/o0902771.png
EASL1684	/easl/images/o0902772.png
EASL1685	/easl/images/o0902773.png
EASL1686	/easl/images/o0902774.png
EASL1687	/easl/images/o0902775.png
EASL1688	/easl/images/o0902776.png
EASL1689	/easl/images/o0902777.png
EASL1690	/easl/images/o0902778.png
EASL1691	/easl/images/o0902779.png
EASL1692	/easl/images/o0902780.png
EASL1693	/easl/images/o0902781.png
EASL1694	/easl/images/o0902782.png
EASL1695	/easl/images/o0902783.png
EASL1696	/easl/images/o0902784.png
EASL1697	/easl/images/o0902785.png
EASL1698	/easl/images/o0902786.png
EASL1699	/easl/images/o0902787.png
EASL1700	/easl/images/o0902788.png
EASL1701	/easl/images/o0902789.png
EASL1702	/easl/images/o0902790.png
EASL1703	/easl/images/o0902791.png
EASL1704	/easl/images/o0902792.png
EASL1705	/easl/images/o0902793.png
EASL1706	/easl/images/o0902794.png
EASL1707	/easl/images/o0902795.png
EASL1708	/easl/images/o0902796.png
EASL1709	/easl/images/o0902797.png
EASL1710	/easl/images/o0902798.png
EASL1711	/easl/images/o0902799.png
EASL1712	/easl/images/o0902800.png
EASL1713	/easl/images/o0902801.png
EASL1714	/easl/images/o0902803.png
EASL1715	/easl/images/o0902804.png
EASL1716	/easl/images/o0902805.png
EASL1717	/easl/images/o0902806.png
EASL1718	/easl/images/o0902808.png
EASL1719	/easl/images/o0902809.png
EASL1720	/easl/images/o0902810.png
EASL1721	/easl/images/o0902811.png
EASL1722	/easl/images/o0902812.png
EASL1723	/easl/images/o0902813.png
EASL1724	/easl/images/o0902814.png
EASL1725	/easl/images/o0902815.png
EASL1726	/easl/images/o0902816.png
EASL1727	/easl/images/o0902817.png
EASL1728	/easl/images/o0902818.png
EASL1729	/easl/images/o0902819.png
EASL1730	/easl/images/o0902820.png
EASL1731	/easl/images/o0902821.png
EASL1732	/easl/images/o0902822.png
EASL1733	/easl/images/o0902823.png
EASL1734	/easl/images/o0902829.png
EASL1735	/easl/images/o0902831.png
EASL1736	/easl/images/o0902832.png
EASL1737	/easl/images/o0902836.png
EASL1738	/easl/images/o0902838.png
EASL1739	/easl/images/o0902839.png
EASL1740	/easl/images/o0902841.png
EASL1741	/easl/images/o0902845.png
EASL1742	/easl/images/o0902847.png
EASL1743	/easl/images/o0902858.png
EASL1744	/easl/images/o0902859.png
EASL1745	/easl/images/o0902860.png
EASL1746	/easl/images/o0902861.png
EASL1747	/easl/images/o0902862.png
EASL1748	/easl/images/o0902863.png
EASL1749	/easl/images/o0902864.png
EASL1750	/easl/images/o0902865.png
EASL1751	/easl/images/o0902866.png
EASL1752	/easl/images/o0902868.png
EASL1753	/easl/images/o0902848.png
EASL1754	/easl/images/o0902849.png
EASL1755	/easl/images/o0902850.png
EASL1756	/easl/images/o0902851.png
EASL1757	/easl/images/o0902852.png
EASL1758	/easl/images/o0902853.png
EASL1759	/easl/images/o0902854.png
EASL1760	/easl/images/o0902855.png
EASL1761	/easl/images/o0902856.png
EASL1762	/easl/images/o0902857.png
EASL1763	/easl/images/o0902869.png
EASL1764	/easl/images/o0902871.png
EASL1765	/easl/images/o0902872.png
EASL1766	/easl/images/o0902873.png
EASL1767	/easl/images/o0902874.png
EASL1768	/easl/images/o0902875.png
EASL1769	/easl/images/o0902876.png
EASL1770	/easl/images/o0902877.png
EASL1771	/easl/images/o0902878.png
EASL1772	/easl/images/o0902879.png
EASL1773	/easl/images/o0902880.png
EASL1774	/easl/images/o0902881.png
EASL1775	/easl/images/o0902882.png
EASL1776	/easl/images/o0902883.png
EASL1777	/easl/images/o0902884.png
EASL1778	/easl/images/o0902885.png
EASL1779	/easl/images/o0902886.png
EASL1780	/easl/images/o0902887.png
EASL1781	/easl/images/o0902888.png
EASL1782	/easl/images/o0902889.png
EASL1783	/easl/images/o0902890.png
EASL1784	/easl/images/o0902891.png
EASL1785	/easl/images/o0902892.png
EASL1786	/easl/images/o0902893.png
EASL1787	/easl/images/o0902894.png
EASL1788	/easl/images/o0902895.png
EASL1789	/easl/images/o0902896.png
EASL1790	/easl/images/o0902897.png
EASL1791	/easl/images/o0902898.png
EASL1792	/easl/images/o0902899.png
EASL1793	/easl/images/o0902901.png
EASL1794	/easl/images/o0902904.png
EASL1795	/easl/images/o0902907.png
EASL1796	/easl/images/o0902902.png
EASL1797	/easl/images/o0902905.png
EASL1798	/easl/images/o0902908.png
EASL1799	/easl/images/o0902909.png
EASL1800	/easl/images/o0902912.png
EASL1801	/easl/images/o0902914.png
EASL1802	/easl/images/o0902916.png
EASL1803	/easl/images/o0902919.png
EASL1804	/easl/images/o0902920.png
EASL1805	/easl/images/o0902921.png
EASL1806	/easl/images/o0902922.png
EASL1807	/easl/images/o0902923.png
EASL1808	/easl/images/o0902910.png
EASL1809	/easl/images/o0902913.png
EASL1810	/easl/images/o0902915.png
EASL1811	/easl/images/o0902917.png
EASL1812	/easl/images/o0902918.png
EASL1813	/easl/images/o0902924.png
EASL1814	/easl/images/o0902925.png
EASL1815	/easl/images/o0902926.png
EASL1816	/easl/images/o0902927.png
EASL1817	/easl/images/o0902928.png
EASL1818	/easl/images/o0902929.png
EASL1819	/easl/images/o0902930.png
EASL1820	/easl/images/o0902932.png
EASL1821	/easl/images/o0902933.png
EASL1822	/easl/images/o0902934.png
EASL1823	/easl/images/o0902936.png
EASL1824	/easl/images/o0902938.png
EASL1825	/easl/images/o0902939.png
EASL1826	/easl/images/o0902940.png
EASL1827	/easl/images/o0902941.png
EASL1828	/easl/images/o0902943.png
EASL1829	/easl/images/o0902945.png
EASL1830	/easl/images/o0902946.png
EASL1831	/easl/images/o0902947.png
EASL1832	/easl/images/o0902948.png
EASL1833	/easl/images/o0902949.png
EASL1834	/easl/images/o0902950.png
EASL1835	/easl/images/o0902951.png
EASL1836	/easl/images/o0902952.png
EASL1837	/easl/images/o0902953.png
EASL1838	/easl/images/o0902954.png
EASL1839	/easl/images/o0902955.png
EASL1840	/easl/images/o0902956.png
EASL1841	/easl/images/o0902957.png
EASL1842	/easl/images/o0902958.png
EASL1843	/easl/images/o0902959.png
EASL1844	/easl/images/o0902960.png
EASL1845	/easl/images/o0902961.png
EASL1846	/easl/images/o0902962.png
EASL1847	/easl/images/o0902963.png
EASL1848	/easl/images/o0902964.png
EASL1849	/easl/images/o0902965.png
EASL1850	/easl/images/o0902966.png
EASL1851	/easl/images/o0902967.png
EASL1852	/easl/images/o0902968.png
EASL1853	/easl/images/o0902969.png
EASL1854	/easl/images/o0902970.png
EASL1855	/easl/images/o0902972.png
EASL1856	/easl/images/o0902973.png
EASL1857	/easl/images/o0902974.png
EASL1858	/easl/images/o0902975.png
EASL1859	/easl/images/o0902976.png
EASL1860	/easl/images/o0902977.png
EASL1861	/easl/images/o0902978.png
EASL1862	/easl/images/o0902979.png
EASL1863	/easl/images/o0902980.png
EASL1864	/easl/images/o0902982.png
EASL1865	/easl/images/o0902983.png
EASL1866	/easl/images/o0902984.png
EASL1867	/easl/images/o0902985.png
EASL1868	/easl/images/o0902986.png
EASL1869	/easl/images/o0902987.png
EASL1870	/easl/images/o0902988.png
EASL1871	/easl/images/o0902989.png
EASL1872	/easl/images/o0902990.png
EASL1873	/easl/images/o0902991.png
EASL1874	/easl/images/o0902992.png
EASL1875	/easl/images/o0902993.png
EASL1876	/easl/images/o0902994.png
EASL1877	/easl/images/o0902995.png
EASL1878	/easl/images/o0902996.png
EASL1879	/easl/images/o0902997.png
EASL1880	/easl/images/o0902998.png
EASL1881	/easl/images/o0902999.png
EASL1882	/easl/images/o0903000.png
EASL1883	/easl/images/o0903001.png
EASL1884	/easl/images/o0903002.png
EASL1885	/easl/images/o0903003.png
EASL1886	/easl/images/o0903004.png
EASL1887	/easl/images/o0903005.png
EASL1888	/easl/images/o0903006.png
EASL1889	/easl/images/o0903008.png
EASL1890	/easl/images/o0903009.png
EASL1891	/easl/images/o0903010.png
EASL1892	/easl/images/o0903011.png
EASL1893	/easl/images/o0903012.png
EASL1894	/easl/images/o0903013.png
EASL1895	/easl/images/o0903014.png
EASL1896	/easl/images/o0903016.png
EASL1897	/easl/images/o0903019.png
EASL1898	/easl/images/o0903020.png
EASL1899	/easl/images/o0903021.png
EASL1900	/easl/images/o0903017.png
EASL1901	/easl/images/o0903018.png
EASL1902	/easl/images/o0903015.png
EASL1903	/easl/images/o0903022.png
EASL1904	/easl/images/o0903023.png
EASL1905	/easl/images/o0903025.png
EASL1906	/easl/images/o0903026.png
EASL1907	/easl/images/o0903028.png
EASL1908	/easl/images/o0903029.png
EASL1909	/easl/images/o0903030.png
EASL1910	/easl/images/o0903032.png
EASL1911	/easl/images/o0903037.png
EASL1912	/easl/images/o0903034.png
EASL1913	/easl/images/o0903040.png
EASL1914	/easl/images/o0903043.png
EASL1915	/easl/images/o0903041.png
EASL1916	/easl/images/o0903046.png
EASL1917	/easl/images/o0903048.png
EASL1918	/easl/images/o0903049.png
EASL1919	/easl/images/o0903050.png
EASL1920	/easl/images/o0903342.png
EASL1921	/easl/images/o0903054.png
EASL1922	/easl/images/o0903343.png
EASL1923	/easl/images/o0903056.png
EASL1924	/easl/images/o0903057.png
EASL1925	/easl/images/o0903058.png
EASL1926	/easl/images/o0903059.png
EASL1927	/easl/images/o0903060.png
EASL1928	/easl/images/o0903061.png
EASL1929	/easl/images/o0903062.png
EASL1930	/easl/images/o0903063.png
EASL1931	/easl/images/o0903064.png
EASL1932	/easl/images/o0903065.png
EASL1933	/easl/images/o0903066.png
EASL1934	/easl/images/o0903067.png
EASL1935	/easl/images/o0903068.png
EASL1936	/easl/images/o0903070.png
EASL1937	/easl/images/o0903071.png
EASL1938	/easl/images/o0903072.png
EASL1939	/easl/images/o0903073.png
EASL1940	/easl/images/o0903074.png
EASL1941	/easl/images/o0903075.png
EASL1942	/easl/images/o0903076.png
EASL1943	/easl/images/o0903077.png
EASL1944	/easl/images/o0903078.png
EASL1945	/easl/images/o0903069.png
EASL1946	/easl/images/o0903079.png
EASL1947	/easl/images/o0903080.png
EASL1948	/easl/images/o0903081.png
EASL1949	/easl/images/o0903082.png
EASL1950	/easl/images/o0903083.png
EASL1951	/easl/images/o0903084.png
EASL1952	/easl/images/o0903085.png
EASL1953	/easl/images/o0903086.png
EASL1954	/easl/images/o0903087.png
EASL1955	/easl/images/o0903088.png
EASL1956	/easl/images/o0903089.png
EASL1957	/easl/images/o0903090.png
EASL1958	/easl/images/o0903091.png
EASL1959	/easl/images/o0903092.png
EASL1960	/easl/images/o0903093.png
EASL1961	/easl/images/o0903094.png
EASL1962	/easl/images/o0903097.png
EASL1963	/easl/images/o0903100.png
EASL1964	/easl/images/o0903104.png
EASL1965	/easl/images/o0903107.png
EASL1966	/easl/images/o0903098.png
EASL1967	/easl/images/o0903101.png
EASL1968	/easl/images/o0903105.png
EASL1969	/easl/images/o0903108.png
EASL1970	/easl/images/o0903111.png
EASL1971	/easl/images/o0903112.png
EASL1972	/easl/images/o0903113.png
EASL1973	/easl/images/o0903114.png
EASL1974	/easl/images/o0903115.png
EASL1975	/easl/images/o0903116.png
EASL1976	/easl/images/o0903117.png
EASL1977	/easl/images/o0903118.png
EASL1978	/easl/images/o0903120.png
EASL1979	/easl/images/o0903123.png
EASL1980	/easl/images/o0903126.png
EASL1981	/easl/images/o0903129.png
EASL1982	/easl/images/o0903121.png
EASL1983	/easl/images/o0903124.png
EASL1984	/easl/images/o0903127.png
EASL1985	/easl/images/o0903130.png
EASL1986	/easl/images/o0903131.png
EASL1987	/easl/images/o0903132.png
EASL1988	/easl/images/o0903133.png
EASL1989	/easl/images/o0903134.png
EASL1990	/easl/images/o0903137.png
EASL1991	/easl/images/o0903138.png
EASL1992	/easl/images/o0903139.png
EASL1993	/easl/images/o0903140.png
EASL1994	/easl/images/o0903141.png
EASL1995	/easl/images/o0903142.png
EASL1996	/easl/images/o0903143.png
EASL1997	/easl/images/o0903135.png
EASL1998	/easl/images/o0903144.png
EASL1999	/easl/images/o0903145.png
EASL2000	/easl/images/o0903146.png
EASL2001	/easl/images/o0903147.png
EASL2002	/easl/images/o0903148.png
EASL2003	/easl/images/o0903149.png
EASL2004	/easl/images/o0903150.png
EASL2005	/easl/images/o0903151.png
EASL2006	/easl/images/o0903152.png
EASL2007	/easl/images/o0903153.png
EASL2008	/easl/images/o0903154.png
EASL2009	/easl/images/o0903155.png
EASL2010	/easl/images/o0903156.png
EASL2011	/easl/images/o0903157.png
EASL2012	/easl/images/o0903158.png
EASL2013	/easl/images/o0903159.png
EASL2014	/easl/images/o0903160.png
EASL2015	/easl/images/o0903161.png
EASL2016	/easl/images/o0903162.png
EASL2017	/easl/images/o0903163.png
EASL2018	/easl/images/o0903164.png
EASL2019	/easl/images/o0903165.png
EASL2020	/easl/images/o0903166.png
EASL2021	/easl/images/o0903167.png
EASL2022	/easl/images/o0903168.png
EASL2023	/easl/images/o0903169.png
EASL2024	/easl/images/o0903170.png
EASL2025	/easl/images/o0903171.png
EASL2026	/easl/images/o0903172.png
EASL2027	/easl/images/o0903173.png
EASL2028	/easl/images/o0903174.png
EASL2029	/easl/images/o0903175.png
EASL2030	/easl/images/o0903176.png
EASL2031	/easl/images/o0903177.png
EASL2032	/easl/images/o0903178.png
EASL2033	/easl/images/o0903188.png
EASL2034	/easl/images/o0903189.png
EASL2035	/easl/images/o0903190.png
EASL2036	/easl/images/o0903191.png
EASL2037	/easl/images/o0903192.png
EASL2038	/easl/images/o0903193.png
EASL2039	/easl/images/o0903194.png
EASL2040	/easl/images/o0903195.png
EASL2041	/easl/images/o0903179.png
EASL2042	/easl/images/o0903180.png
EASL2043	/easl/images/o0903181.png
EASL2044	/easl/images/o0903182.png
EASL2045	/easl/images/o0903183.png
EASL2046	/easl/images/o0903184.png
EASL2047	/easl/images/o0903185.png
EASL2048	/easl/images/o0903186.png
EASL2049	/easl/images/o0903187.png
EASL2050	/easl/images/o0903196.png
EASL2051	/easl/images/o0903197.png
EASL2052	/easl/images/o0903198.png
EASL2053	/easl/images/o0903199.png
EASL2054	/easl/images/o0903200.png
EASL2055	/easl/images/o0903201.png
EASL2056	/easl/images/o0903202.png
EASL2057	/easl/images/o0903203.png
EASL2058	/easl/images/o0903204.png
EASL2059	/easl/images/o0903205.png
EASL2060	/easl/images/o0903206.png
EASL2061	/easl/images/o0903207.png
EASL2062	/easl/images/o0903208.png
EASL2063	/easl/images/o0903209.png
EASL2064	/easl/images/o0903210.png
EASL2065	/easl/images/o0903216.png
EASL2066	/easl/images/o0903222.png
EASL2067	/easl/images/o0903234.png
EASL2068	/easl/images/o0903257.png
EASL2069	/easl/images/o0903264.png
EASL2070	/easl/images/o0903268.png
EASL2071	/easl/images/o0903273.png
EASL2072	/easl/images/o0903275.png
EASL2073	/easl/images/o0903278.png
EASL2074	/easl/images/o0903279.png
EASL2075	/easl/images/o0903280.png
EASL2076	/easl/images/o0903284.png
EASL2077	/easl/images/o0903285.png
EASL2078	/easl/images/o0903288.png
EASL2079	/easl/images/o0903289.png
EASL2080	/easl/images/o0903290.png
EASL2081	/easl/images/o0903291.png
EASL2082	/easl/images/o0903292.png
EASL2083	/easl/images/o0903293.png
EASL2084	/easl/images/o0903294.png
EASL2085	/easl/images/o0903296.png
EASL2086	/easl/images/o0903297.png
EASL2087	/easl/images/o0903298.png
EASL2088	/easl/images/o0903301.png
EASL2089	/easl/images/o0903302.png
EASL2090	/easl/images/o0903303.png
EASL2091	/easl/images/o0903304.png
