EASL0003	1-
EASL0004	n
EASL0008	1-
EASL0027	:
EASL0028	:
EASL0029	:
EASL0033	!
EASL0045	1-
EASL0055	n
EASL0056	#
EASL0062	1-.
EASL0064	.
EASL0068	:
EASL0069	:
EASL0070	1-
EASL0071	:
EASL0073	!
EASL0094	:
EASL0095	:
EASL0096	:
EASL0097	:
EASL0099	:
EASL0104	1-
EASL0116	d
EASL0117	#
EASL0118	n
EASL0119	nc
EASL0121	n
EASL0131	.
EASL0135	1-
EASL0166	1-
EASL0167	1-
EASL0175	n
EASL0184	#
EASL0197	1-
EASL0203	1-#
EASL0213	n
EASL0215	n
EASL0223	n#
EASL0230	n
EASL0233	n
EASL0240	n
EASL0242	n
EASL0243	n
EASL0246	+
EASL0249	#
EASL0255	n
EASL0257	n
EASL0259	n
EASL0260	n
EASL0261	n
EASL0265	d
EASL0274	1-
EASL0276	.
EASL0281	n
EASL0284	:
EASL0296	.
EASL0297	.
EASL0298	:
EASL0299	:
EASL0300	:
EASL0301	:
EASL0302	1-.
EASL0303	1-.
EASL0307	:
EASL0310	:
EASL0311	n
EASL0314	n
EASL0315	n
EASL0318	1-
EASL0322	n
EASL0324	n
EASL0326	#
EASL0327	n
EASL0329	-
EASL0331	d
EASL0337	n.
EASL0338	#
EASL0345	n
EASL0349	n
EASL0351	1-
EASL0354	n
EASL0357	n
EASL0362	1-
EASL0374	1-#
EASL0383	n
EASL0384	n
EASL0385	#
EASL0387	#
EASL0391	n
EASL0411	n
EASL0416	n
EASL0417	n
EASL0418	n
EASL0419	n
EASL0420	n
EASL0421	1-
EASL0422	n
EASL0423	1-
EASL0434	1-
EASL0435	1-
EASL0445	n
EASL0446	#
EASL0450	n
EASL0451	#
EASL0452	n
EASL0453	n
EASL0454	n
EASL0455	n
EASL0465	:
EASL0466	1-.
EASL0467	1-
EASL0469	.
EASL0471	n
EASL0480	n
EASL0481	n
EASL0485	1-.
EASL0489	.
EASL0490	n
EASL0491	n
EASL0492	n
EASL0495	1-
EASL0497	1-.
EASL0507	n:
EASL0511	n.
EASL0519	n
EASL0520	d
EASL0521	n
EASL0546	c
EASL0548	1-
EASL0550	1-
EASL0558	1-
EASL0566	1-
EASL0568	:
EASL0569	:
EASL0571	1-
EASL0576	.
EASL0580	:
EASL0581	#
EASL0583	nc
EASL0587	n.
EASL0591	1-
EASL0592	nc
EASL0611	:
EASL0618	n
EASL0622	1-
EASL0638	:
EASL0639	:
EASL0654	1-
EASL0660	.
EASL0661	.
EASL0666	1-
EASL0668	.
EASL0669	.
EASL0685	1-
EASL0690	n
EASL0694	n
EASL0699	n
EASL0700	n
EASL0716	1-
EASL0718	1-
EASL0720	1-.#
EASL0721	1-
EASL0728	:
EASL0729	1-
EASL0730	1-
EASL0731	1-.
EASL0732	1-
EASL0733	1-
EASL0734	1-
EASL0736	n
EASL0741	1-
EASL0747	1-
EASL0748	:
EASL0752	1-
EASL0753	:
EASL0758	n
EASL0759	1-#
EASL0760	1-
EASL0772	n
EASL0776	#
EASL0786	n
EASL0788	#
EASL0794	:
EASL0804	1-
EASL0817	:
EASL0823	.
EASL0824	d
EASL0826	@
EASL0827	@
EASL0828	@
EASL0829	.
EASL0830	#
EASL0831	.
EASL0832	.
EASL0833	.
EASL0834	.
EASL0835	.
EASL0836	.
EASL0837	.
EASL0838	.
EASL0839	.
EASL0840	.
EASL0841	.
EASL0842	.
EASL0843	.
EASL0844	.
EASL0845	.
EASL0846	.
EASL0847	.
EASL0848	.
EASL0849	.
EASL0850	.
EASL0851	.
EASL0852	.
EASL0853	.
EASL0854	.
EASL0855	.
EASL0856	.
EASL0857	.
EASL0858	.
EASL0880	:
EASL0881	:
EASL0882	:
EASL0890	n:
EASL0895	n.
EASL0911	n
EASL0912	n
EASL0913	n#
EASL0919	1-
EASL0921	d
EASL0923	n
EASL0924	n
EASL0925	n#
EASL0928	1-
EASL0929	1-
EASL0931	n#
EASL0932	n
EASL0933	#
EASL0934	1-#
EASL0938	1-
EASL0939	n
EASL0942	:
EASL0943	:
EASL0955	n
EASL0956	n
EASL0972	1-.
EASL0986	c
EASL0988	c
EASL0990	1-
EASL0991	dd
EASL1000	1-
EASL1001	n
EASL1002	1-
EASL1003	n
EASL1004	n
EASL1007	n
EASL1010	.
EASL1011	.
EASL1012	n.
EASL1023	n
EASL1046	1-:
EASL1051	1-
EASL1052	n
EASL1054	n
EASL1066	n
EASL1072	n
EASL1077	n
EASL1079	n
EASL1081	n
EASL1085	1-
EASL1090	n
EASL1098	:
EASL1100	:
EASL1115	1-
EASL1126	:
EASL1136	:
EASL1137	:
EASL1139	:
EASL1147	:
EASL1148	:
EASL1149	.
EASL1150	.
EASL1157	:
EASL1178	n
EASL1187	n
EASL1192	1-
EASL1197	1-
EASL1199	n.
EASL1200	n.
EASL1201	n.
EASL1202	n.
EASL1203	n.
EASL1204	n.
EASL1205	n.
EASL1206	n.
EASL1207	1-.
EASL1213	:
EASL1214	:
EASL1215	1-:
EASL1222	1-
EASL1235	1-
EASL1241	:
EASL1247	.
EASL1261	1-
EASL1266	1-
EASL1272	n.
EASL1273	.
EASL1274	.
EASL1275	.
EASL1276	n.
EASL1277	.
EASL1278	.
EASL1279	.
EASL1280	.
EASL1281	.
EASL1282	.
EASL1283	.
EASL1284	.
EASL1285	.
EASL1286	.
EASL1287	#
EASL1288	#
EASL1290	.
EASL1291	#
EASL1292	.
EASL1293	.
EASL1296	n.
EASL1298	.
EASL1300	.
EASL1303	#
EASL1304	n#
EASL1305	1-
EASL1322	n
EASL1326	n
EASL1335	n
EASL1336	n
EASL1339	:
EASL1340	:
EASL1341	:
EASL1349	n
EASL1350	1-
EASL1353	#
EASL1364	n
EASL1369	n
EASL1374	n
EASL1388	1-:
EASL1390	1-:
EASL1391	:
EASL1394	1-
EASL1395	n
EASL1400	#
EASL1401	:
EASL1402	:
EASL1420	n
EASL1421	1-
EASL1423	:
EASL1424	1-
EASL1427	:
EASL1428	:
EASL1429	:
EASL1430	:
EASL1431	:
EASL1432	:
EASL1433	:
EASL1434	++
EASL1436	n
EASL1437	:
EASL1438	:
EASL1439	1-
EASL1491	n
EASL1495	#
EASL1497	n
EASL1511	#
EASL1573	n
EASL1574	n
EASL1577	.
EASL1579	#
EASL1587	#
EASL1597	#
EASL1610	n
EASL1617	1-
EASL1618	n
EASL1619	n
EASL1620	n#
EASL1621	n
EASL1622	n
EASL1641	#
EASL1642	#
EASL1652	#
EASL1653	#
EASL1654	#
EASL1669	#
EASL1696	#
EASL1697	#
EASL1737	1-.
EASL1738	:
EASL1739	:
EASL1740	i
EASL1741	i
EASL1742	i
EASL1743	i
EASL1744	i
EASL1745	i
EASL1746	i
EASL1747	i
EASL1748	i
EASL1749	i
EASL1750	i
EASL1751	i
EASL1752	i
EASL1753	i
EASL1754	i
EASL1755	1i
EASL1756	1i
EASL1757	i
EASL1758	1i
EASL1759	1i
EASL1760	1i
EASL1761	i
EASL1762	i
EASL1763	i
EASL1764	i
EASL1765	i
EASL1766	i
EASL1767	i
EASL1768	i
EASL1769	i
EASL1770	i
EASL1771	i
EASL1772	i
EASL1773	i
EASL1774	i
EASL1775	i
EASL1776	i
EASL1777	i
EASL1778	i
EASL1779	i
EASL1780	i
EASL1781	i
EASL1782	1i
EASL1783	1i
EASL1784	1i
EASL1785	1i
EASL1786	1i
EASL1787	i
EASL1788	i
EASL1789	i
EASL1790	i
EASL1791	i
EASL1792	i
EASL1793	i
EASL1794	i
EASL1795	i
EASL1796	i
EASL1797	i
EASL1798	i
EASL1799	i
EASL1800	i
EASL1801	i
EASL1802	i
EASL1803	i
EASL1804	i
EASL1805	i
EASL1806	i
EASL1807	i
EASL1808	i
EASL1809	i
EASL1810	i
EASL1811	i
EASL1812	i
EASL1813	1i
EASL1814	1
EASL1815	i
EASL1816	i
EASL1817	i
EASL1818	i
EASL1819	i
EASL1820	i
EASL1821	i
EASL1822	i
EASL1823	i
EASL1824	i
EASL1825	i
EASL1826	i
EASL1827	i
EASL1828	i
EASL1829	i
EASL1830	1i
EASL1831	1i
EASL1832	1i
EASL1833	1i
EASL1834	1i
EASL1835	1i
EASL1836	1i
EASL1837	1i
EASL1838	1i
EASL1839	i
EASL1840	i
EASL1841	i
EASL1842	i
EASL1843	i
EASL1844	i
EASL1845	i
EASL1846	i
EASL1847	i
EASL1848	i
EASL1849	i
EASL1850	i
EASL1851	i
EASL1852	i
EASL1853	i
EASL1854	i
EASL1855	i
EASL1856	i
EASL1857	i
EASL1858	i
EASL1859	i
EASL1860	i
EASL1861	i
EASL1862	i
EASL1863	i
EASL1864	1i
EASL1865	1i
EASL1866	1i
EASL1867	1i
EASL1868	1i
EASL1869	1i
EASL1870	1i
EASL1871	i
EASL1872	i
EASL1873	i
EASL1874	i
EASL1875	i
EASL1876	i
EASL1877	i
EASL1878	i
EASL1879	i
EASL1880	i
EASL1881	i
EASL1882	i
EASL1883	i
EASL1884	i
EASL1885	i
EASL1886	i
EASL1887	i
EASL1888	i
EASL1889	1i
EASL1890	1i
EASL1891	i
EASL1892	i
EASL1893	i
EASL1894	5i
EASL1895	i
EASL1896	i
EASL1897	1i
EASL1898	i
EASL1899	i
EASL1900	i
EASL1901	i
EASL1902	i
EASL1903	i
EASL1904	i
EASL1905	i
EASL1906	i
EASL1907	i
EASL1908	i
EASL1909	i
EASL1910	i
EASL1911	i
EASL1912	i
EASL1913	i
EASL1914	i
EASL1915	i
EASL1916	i
EASL1917	i
EASL1918	i
EASL1919	i
EASL1921	i
EASL1923	i
EASL1924	i
EASL1925	i
EASL1926	i
EASL1928	i
EASL1929	i
EASL1930	i
EASL1931	i
EASL1932	i
EASL1933	i
EASL1934	i
EASL1935	i
EASL1936	i
EASL1937	1i
EASL1938	1i
EASL1939	1i
EASL1940	1i
EASL1941	1i
EASL1942	i
EASL1943	1i
EASL1944	1i
EASL1945	1i
EASL1946	i
EASL1947	i
EASL1948	i
EASL1949	i
EASL1950	i
EASL1951	i
EASL1952	i
EASL1953	i
EASL1954	i
EASL1955	i
EASL1956	i
EASL1957	i
EASL1958	1i
EASL1959	i
EASL1960	i
EASL1961	i
EASL1962	i
EASL1963	i
EASL1964	i
EASL1965	i
EASL1966	i
EASL1967	i
EASL1968	i
EASL1969	i
EASL1970	i
EASL1971	i
EASL1972	i
EASL1973	i
EASL1974	i
EASL1975	i
EASL1976	i
EASL1977	i
EASL1978	i
EASL1979	i
EASL1980	i
EASL1981	i
EASL1982	i
EASL1983	i
EASL1984	i
EASL1985	i
EASL1986	i
EASL1987	i
EASL1988	i
EASL1989	i
EASL1990	i
EASL1991	i
EASL1992	i
EASL1993	i
EASL1994	i
EASL1995	i
EASL1996	i
EASL1997	i
EASL1998	1i
EASL1999	1i
EASL2000	i
EASL2001	i
EASL2002	i
EASL2003	i
EASL2004	i
EASL2005	i
EASL2006	i
EASL2007	i
EASL2008	i
EASL2009	i
EASL2010	i
EASL2011	1i
EASL2012	i
EASL2013	i
EASL2014	i
EASL2015	i
EASL2016	i
EASL2017	i
EASL2018	i
EASL2019	i
EASL2020	i
EASL2021	i
EASL2022	1i
EASL2023	i
EASL2024	i
EASL2025	i
EASL2026	i
EASL2027	i
EASL2028	i
EASL2029	i
EASL2030	i
EASL2031	i
EASL2032	i
EASL2033	i
EASL2034	i
EASL2035	i
EASL2036	i
EASL2037	i
EASL2038	i
EASL2039	i
EASL2040	i
EASL2041	1i
EASL2042	1i
EASL2043	1i
EASL2044	1i
EASL2045	1i
EASL2046	i
EASL2047	i
EASL2048	1i
EASL2049	1i
EASL2050	i
EASL2051	i
EASL2052	i
EASL2053	i
EASL2054	i
EASL2055	i
EASL2056	i
EASL2057	i
EASL2058	i
EASL2059	i
EASL2060	i
EASL2061	i
EASL2062	i
EASL2063	i
EASL2065	1-
EASL2075	i
EASL2076	i
EASL2077	i
EASL2078	i
EASL2079	i
EASL2080	i
EASL2081	i
EASL2082	i
EASL2083	i
EASL2084	i
EASL2085	i
EASL2086	i
EASL2087	i
EASL2088	i
EASL2089	i
EASL2090	i
EASL2091	i
