12690	A
12691	|A×AB₂|
F2C47	|A×AN|
12692	|A×EN~a~v2|
12693	|A×ŠUBUR|
12694	|A×ZATU672|
12695	|A×1(N14)|
F26E9	A@g
12696	A@t
12697	A₂
126A2	AB~a
12699	|AB~a×A@t|
1269A	|AB~a×AŠ₂|
1269B	|AB~a×KU₆~a|
1269C	|AB~a×SUKKAL|
1269D	|AB~a×(ŠE~a&ŠE~a)|
1269E	|AB~a×X|
1269F	|AB~a×ZATU659|
126A0	|AB~a×1(N01)|
126A1	AB~a@g
126A3	AB~b
126A4	|AB~b×A|
126A5	|AB~b×KU₆~a|
126A6	|AB~b×ŠA₃~a1|
126A9	AB₂
126AA	|AB₂×2(N14)|
126AC	ABGAL
126AD	ABRIG
126AE	ABZU
126AF	AD~a
126B0	AD~b
126B1	AD~c
126B2	ADAB
126B3	ADDA
126B4	ADDA@t
126B5	AGAR₂
126B6	AK~a
126B7	AK~b
126B8	AL
126B9	ALAN~a
126BA	ALAN~b
126BB	ALAN~c
126BC	ALAN~d
126BD	ALAN~e
F2704	ALAN~f
126BE	ALIM
126BF	AM~a
126C0	AM~b
126C3	AMA~a
126C2	|AMA~a×E₂~a|
126C4	AMA~b
126CA	AMAR
126C6	|AMAR.1(N02)|
126C7	|AMAR&AMAR|
126CB	|AMAR~v2×TAR~c|
126C8	AMAR@g
126CD	AN
126CE	ANŠE~a
126CF	ANŠE~b
126D0	ANŠE~c
126D1	ANŠE~e
F2716	ANZU₂
126D2	APIN~a
126D3	|APIN~a.APIN~a|
126D4	APIN~b
126D5	APIN~c
126D7	ARARMA₂~a
126D8	ARARMA₂~b
126D9	ARATTA
F271E	ASAL₂
126DA	ASAR
126DB	AŠ₂
126DC	AZ
126DD	AZU
126DE	BA
126DF	BAD
126E0	|BAD&BAD|
126E1	BAD₃~a
126E2	BAD₃~b1
126E3	BAD₃~b2
126E5	BAHAR₂~a
126E7	BAHAR₂~b
126E8	BAHAR₂~c
126E9	BALA~a
126EB	BALA~b
126ED	BALAG
126F0	BAN~a
126F1	BAN~b
126F2	BANŠUR~a
126F3	BANŠUR~a@t
126F4	BANŠUR~b1
126F5	BANŠUR~b2
126F6	BANŠUR~c
126F7	BAPPIR~a
126F8	BAPPIR~b
126F9	BAPPIR~c
126FA	BAPPIR~d
126FB	BAPPIR~e
126FC	BAPPIR~f
126FD	BAR
126FF	BARA₂~a
12701	BARA₂~b
12702	BARA₃
F2AA5	BAU405
12703	BIR~a
12704	BIR~b
12705	BIR~c
12707	BIR₃~a
12709	BIR₃~b
1270A	BIR₃~c
12713	BU~a
1270D	|BU~a+DU₆~a|
1270E	|BU~a×GIŠ@t|
1270F	|BU~a×1(N58)|
12711	|(BU~a&BU~a).NA₂~a|
F2C63	|(BU~a&BU~a).NA₂~b|
12712	|(BU~a&BU~a).X|
12714	|BU~a~v1×A|
12715	|(BU~a~v1%BU~a~v1).NA₂~a@n|
12716	BU~b
12717	|BU~b.NA₂~a~v1|
12718	BU₃
12719	BULUG
1271A	BULUG₃
1271B	BUR~a
1271C	BUR~b
1271D	BUR~c
1271E	BUR~d
1271F	BUR₂
12720	DA~a
12721	|DA~a.LIŠ|
12722	DA~b
12723	DA~c
12724	DA~d
F275E	DAG
12725	DAH
12726	DAM
12727	DANNA
12728	DAR~a
12729	|DAR~a×A|
1272A	DAR~b
1272B	DAR~c
1272C	DAR~d
1272D	DARA₃~a
1272E	DARA₃~b
12732	DARA₃~c
12730	|DARA₃~c×KAR₂~b|
12731	|DARA₃~c×(KAR₂~c.ŠE~a)|
12733	DARA₃~d
12734	|DARA₃~d×KAR₂~b|
12737	|DARA₃~d2×(KAR₂~a1.ŠE~a)|
12738	DARA₄~a1
12739	DARA₄~a2
1273A	DARA₄~a3
1273B	DARA₄~b
1273C	DARA₄~c1
1273D	DARA₄~c2
1273E	DARA₄~c3
1273F	DARA₄~c4
12740	DARA₄~c5
12741	DI
12742	DI@t
12744	DIB
12747	DILMUN
12748	DIM~a
F2C71	|DIM~a×GU|
F2C72	|DIM~a×X|
12749	DIM~b
1274A	DIM~c
1274B	DIN
1274C	DIN@t
1274E	|DU×1(N58@t)|
1274F	DU@g
12751	DU₆~a
12752	|DU₆~a~v1×1(N58)|
12753	DU₆~b
12754	DU₆~c
12755	DU₇
12756	DU₈~a
12758	DU₈~b
12759	DU₈~c
1275A	|DU₈~c×HI|
1275B	|DU₈~c×UDU~a|
1275C	|DU₈~c×X|
1275E	DU₈~c@g
1275F	DUB~a
12764	DUB~b
12765	DUB~c
12766	DUB~d
12767	DUB~e
12768	DUB~f
12769	|(DUB@n~a×1(N58))~a|
1276A	|(DUB@n~a×1(N58))~b|
1276B	|DUB@n~b×1(N58)~a|
1276C	DUB₂
12776	DUG~a
F2C7C	|DUG~a×HI|
1276E	|DUG~a×KASKAL|
1276F	|DUG~a×LAM~b|
12770	|DUG~a×NAGA~a|
12771	|DUG~a×U₂~a|
12772	|DUG~a×U₂~b|
F2C82	|DUG~a×X|
12773	|DUG~a×1(N57)|
127AD	DUG~b
12778	|DUG~b×ANŠE~b|
12779	|DUG~b×ANŠE~d|
1277A	|DUG~b×BALA~a|
1277B	|DUG~b×BIR₃~c|
127AF	|DUG~b×DIN|
1277D	|(DUG~b×DIN)@r|
1277E	|DUG~b×E~a|
1277F	|DUG~b×GA~a~v4|
12780	|DUG~b×GA~b|
12781	|DUG~b×GEŠTU~a~v2|
12782	|DUG~b×GEŠTU~b|
12783	|DUG~b×GI₆|
12784	|DUG~b×GIŠ|
127B1	|DUG~b×HI|
12786	|DUG~b×KASKAL|
12787	|DUG~b×KU₆~a|
12788	|DUG~b×KUR~a|
12789	|DUG~b×(KUR~a.X)|
1278A	|DUG~b×KUR~b|
1278B	|DUG~b×KUR@g~a|
1278C	|DUG~b×LAM~a|
127B3	|DUG~b×MAŠ|
1278E	|DUG~b×NAGA~a|
1278F	|DUG~b×NAM₂|
12790	|DUG~b×(NI~a@g.ZATU779)|
12791	|DUG~b×SA~a|
12792	|DUG~b×SI₄~a|
12793	|DUG~b×(SI₄~a.X)|
12794	|DUG~b×SIG₂~a1|
12795	|DUG~b×SIG₂~a2|
12796	|DUG~b×SIG₇|
12797	|DUG~b×SUHUR|
12798	|DUG~b×ŠAH₂~a|
127B4	|DUG~b×ŠE~a|
1279A	|DUG~b×(ŠE~a.NAM₂)|
1279B	|DUG~b×TAK₄~a|
1279C	|DUG~b×(TAK₄~a.SA~a)|
1279D	|DUG~b×(TAK₄~a.SAL)|
1279E	|DUG~b×TI|
1279F	|DUG~b×U₂~a|
127A1	|DUG~b×UH₃~a|
127A2	|DUG~b×UH₃~a@t|
127B7	|DUG~b×X|
127A4	|DUG~b×ZATU707~a|
127A5	|DUG~b×ZATU764|
127A6	|DUG~b×ZATU779|
127A7	|DUG~b×ZATU780|
127A8	|DUG~b×ZATU781|
127A9	|DUG~b×(ZATU789.SA~a)|
127B8	|DUG~b×1(N57)|
127AB	|DUG~b×(1(N57).KU₃~a)|
127AC	|DUG~b×3(N57)|
127AE	|DUG~b~v1×AB₂|
127B2	|DUG~b~v1×HI@g~a|
127B6	|DUG~b~v1×U₂~b|
127B9	|(DUG~b~v1&DUG~b~v1)×1(N58)|
127BC	DUG~c~v1
127BD	|DUG~c~v1×1(N57)|
127BB	DUG~c@t
F27A0	DUG~d
127C2	DUGUD
127C3	DUR~a
127C4	DUR~b
127C5	DUR₂
127C6	E~a
127C7	E~b
127C8	E~c
127C9	E~d
F27A9	E~e
127CA	E₂~a
127CB	|E₂~a.LIŠ|
127CC	|E₂~a×3(N58)|
127CD	|E₂~a×1(N58@t)|
127CE	E₂~b
127CF	|E₂~b.LIŠ|
127D0	|E₂~b×1(N58@t)|
127D1	E₂~c
127D2	E₂~d
127D3	E₃~a
127D4	E₃~b
127D5	EDIN
127D9	EN~a
127DC	EN~b
127DB	EN~b@t
127DF	EN~c
127DE	|EN~c&EN~c|
127E0	EN~e
127E1	EN@g~a
127E2	EN@g~b
127E3	EN₂
127E4	|EN₂.E₂~a|
127E5	|EN₂.E₂~b|
127E6	ENDIB
127E7	ENGIZ
127E9	ENKUM
127EA	ENLIL
F27C3	ENSI
F27C4	ENSI₂
127EB	ERIM~a
127EC	ERIM~b1
127ED	ERIM~b2
127EE	ERIM₂
127EF	ERIN
12B5D	ŠE₃@t
127F0	EŠDA
127F1	|EŠDA×TAR~a|
127F2	EŠGAR
12801	EZEN~a
127F4	|EZEN~a×EN~b~v1|
127F5	|EZEN~a×(HI×1(N57).AN)|
127F6	|EZEN~a×KAB|
127F7	|EZEN~a×KI|
127F8	|EZEN~a×LA~e|
127F9	|EZEN~a×NIM~b2|
127FA	|EZEN~a×NIMGIR|
127FB	|EZEN~a×RAD~a|
127FC	|EZEN~a×SAG~v1|
127FD	|EZEN~a×SU~a|
127FE	|EZEN~a×(U₂~b.A)|
127FF	|EZEN~a×U₄|
12800	|EZEN~a×X|
12802	|EZEN~a~v1×EN~a|
12803	EZEN~b
12804	|EZEN~b×6(N57)|
12805	EZEN~b@t
F27D0	EZEN~c
12806	EZINU~a
12807	EZINU~b
12808	EZINU~c
12809	EZINU~d
1280F	GA~a
1280C	|GA~a~v1.ZATU753|
F2CE1	|GA~a~v4×X|
12811	GA~b
12812	GA~c
12813	|GA~c×KASKAL|
12814	|GA~c×1(N14)|
12815	GA₂~a1
12816	|GA₂~a1×A|
12817	|GA₂~a1×EN~b~v1|
12818	|GA₂~a1×GEŠTU~c3|
12819	|GA₂~a1×GEŠTU~c5|
1281A	|GA₂~a1×GIR~a|
1281B	|GA₂~a1×(GIR~a.KU₆~a)|
1281C	|GA₂~a1×GIŠ@t|
F2CF0	|GA₂~a1×GU₄|
1281D	|GA₂~a1×HAL|
1281E	|GA₂~a1×HI|
1281F	|GA₂~a1×(HI.SUHUR~v1)|
12820	|GA₂~a1×KU₃~a|
12821	|GA₂~a1×KU₆~a|
12822	|GA₂~a1×(KU₆~a.KU₆~a)|
12823	|GA₂~a1×LAGAB~b|
12824	|GA₂~a1×MAŠ|
12825	|GA₂~a1×NAGA~a|
12826	|GA₂~a1×NIM~b1|
F2CFB	|GA₂~a1×NUN~a|
12827	|GA₂~a1×PAD~b|
12828	|GA₂~a1×PAP~a|
12829	|GA₂~a1×SU~a|
1282A	|GA₂~a1×SUHUR|
1282B	|GA₂~a1×SUKUD|
1282C	|GA₂~a1×((SUKUD+SUKUD)~a)|
1282D	|GA₂~a1×((SUKUD+SUKUD)~b)|
1282E	|GA₂~a1×SUMAŠ|
1282F	|GA₂~a1×ŠA|
12830	|GA₂~a1×TI|
12831	|GA₂~a1×U₄|
12832	|GA₂~a1×X|
12833	|GA₂~a1×1(N14)|
12834	|GA₂~a1×1(N57)|
12835	|GA₂~a1×3(N57)|
12836	GA₂~a2
12837	|GA₂~a2×GU₄|
12838	|GA₂~a2×NI~a|
12839	|GA₂~a2×NI~b|
1283A	|GA₂~a2×SUHUR|
1283B	|GA₂~a2×ŠE₃~v1|
1283C	|GA₂~a2×(ŠE₃~v1.GU₄)|
1283D	|GA₂~a2×X|
1283E	GA₂~a3
1283F	|GA₂~a3×X|
12840	GA₂~a4
12841	GA₂~b
12842	|GA₂~b×DUB~a|
12843	|GA₂~b×DUB~b~v2|
12844	|GA₂~b×KU₃~a|
12845	|GA₂~b×ZATU659|
12846	GA₂~c
12847	GAʾAR~a1
12848	GAʾAR~a2
12849	GAʾAR~b1
1284A	GAʾAR~b2
1284B	GADA~a
1284C	GADA~b
1284D	GADA~b@g
1284E	GAL~a
1284F	GAL~b
12850	GALGA~a
12851	GALGA~b
12853	GAN~a
12857	GAN~b
12860	GAN~c
12859	|GAN~c×DIN|
1285A	|GAN~c×HI|
1285B	|GAN~c×(HI.DIN)|
1285C	|GAN~c×LAGAB~b|
1285D	|GAN~c×NE~a|
1285E	|GAN~c×SIG₇|
1285F	|GAN~c×X|
12861	|GAN~c~v1×KAŠ~c|
12862	|GAN~c~v1×(KUR~a.A)|
12863	|GAN~c~v1×ZATU777~v1|
12864	|GAN~c~v2×ŠE~a|
12865	|GAN~c~v2×ŠE₃~v1@t|
F27F5	GAN~d
12866	|GAN~d×GEŠTU~a~v2|
F2D21	|GAN~d×HI|
12867	GAN₂
12868	GAR
12869	GAR@g~a
1286A	GAR@g~b
1286B	GAR@g~c
1286C	GAR₃
1286D	GARA₂~a
1286E	GARA₂~b
1286F	GAZI
12870	GEŠTIN~a
F2800	GEŠTIN~c
F2D22	|GEŠTIN~c×X|
12873	GEŠTU~a
F2D23	|GEŠTU~a×ŠE~a@t~v1|
12874	GEŠTU~b
12876	GEŠTU~c3
12877	GEŠTU~c5
12884	GI
12879	|GI×KU~b1|
1287A	|GI×NAM₂|
1287B	|GI×SIG₂~d1|
1287C	|GI×ŠE₃~v1|
1287D	|GI×X|
1287E	|GI×1(N58@t)|
1287F	|GI&GI|
12880	|(GI&GI)×GIŠ@t|
12881	|(GI&GI)×ŠE₃~v1|
12882	|(GI&GI)×X|
12885	|GI~v1×GIŠ@t|
12886	|GI~v1×LAGAB~a|
12887	|GI~v1×1(N14)|
12888	|GI~v1&GI~v1&GI~v1|
12883	GI@t
12889	GI₄~a
1288A	|GI₄~a×A|
1288B	|GI₄~a&GI₄~a|
1288C	GI₄~b
1288D	|GI₄~b&GI₄~b|
1288F	GI₆
12890	GIBIL
12891	GIBIL@t
12892	GIBIL₆
F2812	GIG
F2813	GIL
12893	GIR~a
12894	|GIR~a.KU₆~a|
12896	GIR~b
12897	|GIR~b~v1.GIR~b~v1|
12898	GIR~c
12899	GIR~d
1289A	GIR₂~a
1289B	GIR₂~b
1289C	GIR₃~a
1289D	|GIR₃~a×ŠE~b|
1289E	GIR₃~b
1289F	GIR₃~c
128A0	|GIR₃~c×KAR₂~b|
128A1	|GIR₃~c×ŠE₃~v1|
128A2	GIR₃@g~a
128A3	GIR₃@g~b
128A4	GIR₃@g~c
F2821	GIR₄
128A5	GISAL~a
128A6	GISAL~b
128A7	GIŠ
128A8	|GIŠ.TE|
128A9	|(GIŠ×(DIN.DIN))~a|
128AA	|(GIŠ×(DIN.DIN))~b|
128AB	|(GIŠ×(DIN.DIN))~c|
128AC	|GIŠ×ŠU₂~a|
128AD	|GIŠ×ŠU₂~b|
F2825	GIŠ~v
128AE	GIŠ@t
F2D40	|GIŠ@t.E₂~a|
128AF	GIŠ₃~a
128B0	|GIŠ₃~a&GIŠ₃~a|
128B1	GIŠ₃~b
128B3	GIŠGAL
128B4	GIŠIMMAR~a1
128B5	GIŠIMMAR~a2
128B6	GIŠIMMAR~a3
128B9	GIŠIMMAR~b1
128BA	GIŠIMMAR~b3
128BB	GIZZAL~v
128BC	GU
128BD	GU₂
128C1	GU₄
128BF	|GU₄.ZATU755~b|
128C0	GU₄@g
128C3	GU₇
128C4	GUB₃~a
128C5	GUB₃~b
128C6	GUB₃~c
128C7	GUB₃~d
128CA	GUG₂
128CB	|GUG₂~v1×SILA₃~a|
F2D43	|GUG₂~v1×ŠITA~a1|
128CC	|GUG₂~v1×TUR~v1|
128C9	GUG₂@t
128CD	GUKKAL~a
128CE	|GUKKAL~a.HI@g~a|
128CF	GUKKAL~b
128D0	GUKKAL~c
128D1	GUKKAL~d
128D2	GUL
128D3	GUM~a
128D7	GUM~b
128D6	GUM~b@n
128D8	GUN₃~a
128D9	GUN₃~b
128DA	GUR
128DD	GURUŠ~a
128DC	|GURUŠ~a×2(N14)|
128DE	GURUŠ~b
128DF	|GURUŠ~b×2(N14)|
128E0	|GURUŠ~c×2(N14)|
128E1	GURUŠDA
128E2	HAL
128E3	HALUB
128E4	HAŠHUR
128E5	|HAŠHUR×MA|
128E6	HI
128E9	|HI.SUHUR|
128EA	|HI×LAGAB~a|
F2DF1	|HI×ŠE₃~v1@t|
128EB	|HI×ZATU707~a|
F2D4B	|HI×1(N01@f)|
128EC	|HI×1(N57)|
128ED	|(HI×1(N57)).(HI×1(N57))|
128EE	|HI×1(N57@t)|
128EF	|HI×1(N58)|
128F0	HI@g~a
128F1	HI@g~b
128F2	HI@g~c
F2859	HUB₂
128F3	I
128F4	IB~a
128F5	IB~a@n
128F6	IB~b
128F8	IDIGNA
128F9	IG~a
128FA	IG~b
F2862	IGI
128FB	IL
128FC	ILDUM~a
128FD	ILDUM~b
128FE	IM~a
F2867	IM~a@g
128FF	IM~b
12901	IN~b
12902	IN~d
12903	IR~a
12904	|IR~a.GA₂~a1|
12905	IR~b
12906	IR~c
12907	IR~d
12909	IR₁₁
1290A	IRHAN
1290C	IŠ~a
12912	IŠ~b
12913	IŠ~c
12914	KA~a
12915	|KA~a×SAR~a|
12916	|KA~a~v1.ŠE~a|
12918	KA₂~a
12919	KA₂~b
1291A	KA₂~c
F2880	KA₂~d
1291B	|KA₂~d×LAM~b~v2|
1291C	KAB
1291D	|KAB×1(N58)|
1291E	KAD₄~a
1291F	KAD₄~b
12920	KAD₄~c1
12921	KAD₄~c2
12922	KAK~a
12923	|KAK~a.GA₂~a1|
12924	KAK~b
12925	KAL~a
12927	KAL~b1
12928	KAL~b2
12929	KALAM~a
1292A	KALAM~b
1292B	KALAM~c
1292C	KALAM~d
1292D	KALAM~e
1292E	KALAM~f
1292F	KAR
12930	KAR₂~a
12931	KAR₂~b
12932	KASKAL
12933	KASKAL@g
12935	KAŠ~a
12938	KAŠ~b
12939	|KAŠ~b~v1×ŠE~a@t~v1|
12937	KAŠ~b@t
1293A	KAŠ~c
1293B	KAŠ~d
F289E	KEŠ₂
1293C	KI
1293D	KI@n
1293E	|KI@n×DUB~a|
1293F	KIB
12940	KIB@g
12941	KID~a
12942	KID~b
12943	KID~c
12944	KID~d
12945	KID~e
12946	KIN
12947	KIN₂~a
12948	KIN₂~c
12949	KIN₂~d
1294A	KIN₂~e
1294C	KINGAL
1294D	KIR₁₁
1294E	KISAL~a1
1294F	KISAL~a2
12950	KISAL~b1
12951	KISAL~b2
12952	KISAL~b2@t
12953	KISAL~b3
12954	KISIM~a
12958	KISIM~b
12959	KISIM~c
1295B	KIŠ
1295C	KIŠIK~a
1295D	KIŠIK~b
1295F	KITI
12960	KU~a
F28C3	KU~a@t
12961	KU~b1
12962	KU~b2
12963	KU₃~a
12964	KU₃~c
12965	KU₆~a
12966	|KU₆~a.1(N02)|
12967	|KU₆~a+GIŠ|
12968	|KU₆~a+KU₆~a|
12969	KU₆~a@s
1296A	KU₆~c
1296B	KU₆~d
F28CC	KUN
1296C	KUR~a
1296D	|KUR~a.E₂~a|
1296E	|KUR~a.NUNUZ~a1|
1296F	KUR~b
12970	|KUR~b.E₂~a|
12972	KUR~c
12973	KUR~d
12974	KUR@g~a
12975	KUR@g~b
12976	KUŠU₂~a
12977	KUŠU₂~b
12978	KUŠU₂~c
12979	KUŠU₂~d
1297A	KUŠU₂~e
1297B	KUŠU₂~f
1297C	LA~b
1297D	LA~c
1297E	LA~d
F28DD	LA~e
1297F	LA₂
12980	LAGAB~a
12981	|LAGAB~a×BA|
12982	|LAGAB~a×BIR₃~b|
12983	|LAGAB~a×DU₆~a~v1|
12984	|LAGAB~a×KAK~a|
12985	|LAGAB~a×KU₆~a|
12986	|LAGAB~a×(KU₆~a+KU₆~a)|
12987	|LAGAB~a×KUŠU₂~a@t|
12988	|LAGAB~a×LAGAB~a|
12989	|LAGAB~a×ME~a|
1298A	|LAGAB~a×NUN~b|
1298B	|LAGAB~a×PA~a|
1298C	|LAGAB~a×SI~v1|
1298D	|LAGAB~a×SIG₇~v1|
1298E	|LAGAB~a×SU~a|
1298F	|LAGAB~a×ŠA|
12990	|LAGAB~a×ŠITA~a1|
12991	|LAGAB~a×TI|
12992	|LAGAB~a×U₄|
12993	|LAGAB~a×UB|
12994	|LAGAB~a×X|
12995	|LAGAB~a×ZATU753|
12996	|LAGAB~a×2(N14)|
12997	LAGAB~b
12998	|LAGAB~b×BANŠUR~a|
12999	|LAGAB~b×GAʾAR~a1|
1299A	|LAGAB~b×HI|
1299B	|LAGAB~b×KUR~e|
1299C	|LAGAB~b×PA~a|
F2D83	|LAGAB~b×SI|
1299D	|LAGAB~b×SUH₃|
F2D82	|LAGAB~b×ŠITA~c|
1299E	|LAGAB~b×U₄|
F2D86	|LAGAB~b×X|
F2D7B	|LAGAB~b×1(N01)|
1299F	|LAGAB~b&LAGAB~b|
129A0	LAGAR~a
129A1	LAGAR~a@r
129A2	LAGAR~b1
129A3	LAGAR~b2
129A4	LAGAR~c
129A5	LAHTAN₂
F28E7	LAK025
F28E8	LAK050
F28E9	LAK172
F28EA	LAK251
F28EB	LAK350
F28EC	LAK777
129A6	LAL₂~a
129A7	|LAL₂~a×EZEN~a~v1|
129A8	|LAL₂~a×NIM~b2|
129A9	LAL₂~b
129AA	LAL₃~a
129AB	LAL₃~b
F28F1	LAL₃~c
129AC	LAM~a
129B2	LAM~b
129AE	LAM~b@r
129AF	LAM~b@s
129B0	LAM~b@t
F28F9	LAM~c
129B4	LI
129B5	LIŠ
129B9	LU₂
129B7	|LU₂×GEŠTU~c3|
F2900	LU₂@t
129BB	LUGAL
129BC	LUM
129C0	MA
129BE	|MA×MA|
129BF	|MA×1(N58)|
129C1	|MA~v1×A|
F2D8E	|MA~v1×X|
F2D8B	|MA~v1×2(N57)|
129C2	MA₂
129C3	MAGUR~a
129C4	MAGUR~b
129C5	MAH~a
129C6	|MAH~a×AB₂|
129C7	|MAH~a×GUKKAL~a|
129C8	|MAH~a×KU₆~a|
129C9	|MAH~a×MAŠ|
129CA	|MAH~a×NA~a|
129CB	|MAH~a×(SILA₃~a×UMBIN~a)|
129CC	|MAH~a×TUG₂~a|
129CD	|MAH~a×UD₅~a~v1|
129CE	|MAH~a×UDU~a|
129CF	|MAH~a×UR~a|
129D0	|MAH~a×UTUA~a|
129D1	|MAH~a×X|
129D2	|MAH~a×ZATU659|
129D3	MAH~b
129D4	|MAH~b×KU₆~a|
129D5	|MAH~b×MAŠ|
129D6	|MAH~b×NA~a|
129D7	|MAH~b×SAL|
129DA	MAR~a
129D9	MAR~a@t
129DB	MAR~b
129DC	|MAR~b×(LAGAB~b.ŠE₃~v1)|
129DD	|MAR~b×ŠE~a|
129DE	|MAR~b×X|
129DF	MAŠ
129E0	MAŠ₂
129E1	MAŠ₂@g
129E2	ME~a
129E3	ME~b
129E4	ME₃
129E6	MEN~a
129E7	MEN~b
129E9	MES
129EA	MIR~a
129EB	MIR~b
129EC	MU
129EE	MUD
129EF	MUD₃~a
129F0	MUD₃~a@g
F2DA3	|MUD₃~a@g×GU|
129F1	MUD₃~b
129F2	MUD₃~c
129F3	MUD₃~d
129F4	MUL
129F5	MUN~a1
129F6	MUN~a2
129F7	MUN~a3
129F8	MUN~a4
129F9	MUN~b
129FA	MUNŠUB~a
129FB	MUNŠUB~b
129FC	MUNU₃
129FD	MURUB₂
129FE	MUŠ
12A03	MUŠ₃~a
12A01	MUŠ₃~a@g
12A04	MUŠ₃~b
12A05	MUŠEN
12A06	|MUŠEN.UR₃~b2|
F2DA7	|MUŠEN×PAP~a|
12A07	|MUŠEN×X|
12A08	|MUŠEN×1(N57)|
12A09	|MUŠEN×2(N57)|
12A0A	|MUŠEN×3(N57)|
12DF1	|1(N02).RU|
12DF2	|X(N57).GAR|
12DF3	|1(N57).AB₂|
12DF4	|1(N57).SIG|
12DF5	|1(N57).ŠAH₂~a|
12DF7	|1(N57).ŠUBUR|
12DF8	|2(N57).AB₂|
12DF9	|2(N57).KU₆~a|
12DFA	|2(N57).SU~a|
12DFB	|2(N57).ŠUBUR|
12DFC	|3(N57).AMAR|
12DFD	|3(N57).BARA₃|
12DFE	|3(N57).E₂~b|
12DFF	|3(N57).GAR|
12E00	|3(N57).NUNUZ~a1|
12E01	|3(N57).NUNUZ~c|
12E02	|3(N57).PIRIG~b1|
12E03	|3(N57).ŠUBUR|
12E04	|4(N57).AMAR|
12E05	|4(N57).GAR|
12E06	|4(N57).KU₃~a|
12E07	|4(N57).NI~b|
12E08	|5(N57).GAR|
12E09	|5(N57).KU₃~a|
12E0A	|6(N57).GAR|
12E0B	|6(N57).KU₃~a|
12E0C	|8(N57).NI~b|
12E0E	|1(N58)~a.BAD|
12E0D	|1(N58).BAD|
12E10	|3(N58).UR₃~b1|
12A0B	NA~a
12A0C	NA~b
12A0D	NA~c
12A0E	NA~d
12A10	NA₂~a
12A11	NA₂~b1
12A12	NA₂~b2
12A15	NAB
12A16	NAGA~a
12A17	|NAGA~a×TAK₄~a|
12A18	NAGA~b
12A1C	NAGAR~a
12A1E	NAGAR~b
12A1F	NAM~a
12A20	NAM~b
12A21	NAM~c
12A22	NAM~d
12A23	NAM₂
12A24	|NAM₂×1(N01)|
12A25	NAM₂@g
12A26	NAM₂@t
12A28	NAMEŠDA
12A2A	NANNA~a
12A2B	NANNA~b
12A2C	NANŠE~a
12A2D	NANŠE~b
12A2E	NAR
12A31	NE~a
12A32	NE~b
12A33	NE~c
12A34	NE~d
12A35	NERGAL~v
12A36	NESAG₂~a
12A39	NESAG₂~b
12A38	NESAG₂~b@t
12A3A	NI~a
12A3B	|NI~a.RU~v1|
12A3C	|NI~a×1(N57)|
12A3D	NI~a@g
12A3E	NI~b
12A3F	|NI~b×X|
12A40	|NI~b×4(N57)|
12A41	NI₂
12A42	NIGIN
12A43	NIM~a
12A44	NIM~b1
12A45	NIM~b2
12A46	NIM~b3
12A48	NIMGIR
12A49	NIN
12A67	NINDA₂
12A4B	|NINDA₂×AN|
12A4C	|NINDA₂×(AN.HI)|
12A4D	|NINDA₂×(AN.ME~a)|
12A4E	|NINDA₂×(AN.X)|
12A4F	|NINDA₂×BA|
12A50	|NINDA₂×EZEN~b|
12A51	|NINDA₂×GAʾAR~a1|
12A52	|NINDA₂×GAR|
12A53	|NINDA₂×GIŠ|
F2DBD	|NINDA₂×(GIŠ.DAR~a)|
12A54	|NINDA₂×GU₄|
F2DC1	|NINDA₂×GUDU₄|~v2
12A55	|NINDA₂×HI|
12A56	|NINDA₂×(HI.AN.ME~a)|
12A57	|NINDA₂×(HI.ME~a)|
12A58	|NINDA₂×(HI.X)|
12A5B	|NINDA₂×KAŠ~b|
12A5C	|NINDA₂×MAR~b|
F2DCA	|NINDA₂×NE~a~v1|
F2DCB	|NINDA₂×ŠIM~a~v2|
12A5D	|NINDA₂×U₄|
12A5E	|NINDA₂×(U₄.X)|
12A5F	|NINDA₂×(UDU~a×TAR~a)|
12A61	|NINDA₂×X|
F2DD1	|NINDA₂×(X.MAŠ)|
12A62	|NINDA₂×(ZATU659×1(N01))|
12A63	|NINDA₂×1(N01)|
12A64	|NINDA₂×2(N01)|
F2DB1	|NINDA₂×1(N06)|
12A65	|NINDA₂×(1(N06).HI@g~a)|
12A66	|NINDA₂×1(N08)|
12A68	NINKUM
12A69	NINLIL
12A6A	NIR~a
12A6B	|NIR~a×AN|
12A6C	NIR~b
12A6D	NU
12A6E	NU@g
12A6F	NU₁₁
12A70	|NU₁₁&NU₁₁|
12A71	NU₁₁@t
12A72	NUMUN
12A73	NUMUN₂
12A74	NUN~a
12A75	|NUN~a+A|
12A76	|NUN~a+EN~a~v2|
12A77	|NUN~a+EN~b~v1|
12A78	|NUN~a+EN~d|
12A79	|NUN~a+NAM₂|
12A7A	NUN~b
12A7B	|NUN~b+EN~a|
12A7F	NUN~c
12A80	NUN~d
12A81	NUNUZ~a0
12A82	NUNUZ~a1
12A83	NUNUZ~a1@t
12A84	NUNUZ~a2
12A85	NUNUZ~b1
12A86	NUNUZ~b2
12A8A	NUNUZ~c
12A8D	PA~a
12A8E	PA~b
F2991	PA₃
12A8F	PAD~a
12A90	PAD~b
12A91	PAP~a
12A92	PAP~a@t
12A94	PAP~b
12A95	PIRIG~a1
12A96	PIRIG~a2
12A97	PIRIG~a3
12A98	PIRIG~b1
12A99	|PIRIG~b1×UR₂|
12A9A	PIRIG~b2
12A9B	PU₂
12A9C	RA
12A9D	RAD~a
12A9E	RAD~a@g
12A9F	RAD~a@t
12AA0	RAD~b
F29A3	RI
F29A4	RI~x
12AA1	RI₈~a
12AA2	RI₈~b
12AA5	RU
12AA4	RU@t
12AA6	SA~a
12AA8	SA~c
12AB2	SAG
12AAA	|SAG×GEŠTU~a|
F2DE3	|SAG×SAR~a|
12AAF	|SAG~v1×GEŠTU~c|
F2DE1	|SAG~v1×LAM~c|
12AB0	|SAG~v1×MA~v1|
12AB1	|SAG~v1×1(N14)|
12AAB	SAG@g
12AAC	SAG@n
12AAD	|SAG@n×GEŠTU~b|
12AB4	SAGŠU
12AB5	SAL
12AB6	|SAL.KUR~a|
12AB7	|SAL.LAM~b|
12AB8	|SAL.ŠU₂~b|
12AB9	|SAL×1(N58)|
12ABC	SANGA~a
12ABE	SANGA~b
12ABF	SANGA~c
12AC0	SAR~a
12AC1	|SAR~a×ŠE~a|
12AC2	SAR~b
12AC3	SAR~c
12AC7	SI
12AC5	|SI×GU₄|
12AC6	|SI×ŠE₃~v1|
12AC8	SI₄~a
12AC9	SI₄~b
12ACA	SI₄~c
12ACC	SI₄~d
12ACE	SI₄~f
12ACF	SIG
12AD1	SIG₂~a1
12AD2	SIG₂~a2
12AD5	SIG₂~a3
12AD6	SIG₂~a4
12AD7	SIG₂~b
12AD8	|SIG₂~b×1(N14)|
12AD9	|SIG₂~b&SIG₂~b|
12ADA	SIG₂~c1
12ADB	SIG₂~c2
12ADC	SIG₂~d1
12ADE	SIG₂~d2
12ADF	SIG₂~d3
12AE0	SIG₂~d4
12AE1	SIG₂~e
12AE2	SIG₄
12AE4	SIG₇
F2A30	SIKIL
12AE5	SILA₃~a
12AE6	|SILA₃~a×A|
12AE7	|SILA₃~a×AMAR|
12AE8	|SILA₃~a×DUG~a|~v1
F2E11	|SILA₃~a×DUG~b|
12AE9	|SILA₃~a×GA~a~v3|
12AEA	|SILA₃~a×GARA₂~a|
12AEB	|SILA₃~a×GEŠTU~a~v2|
12AEC	|SILA₃~a×GEŠTU~c3|
12AED	|SILA₃~a×GEŠTU~c5|
12AEE	|SILA₃~a×HAŠHUR|
12AEF	|SILA₃~a×HI|
12AF0	|SILA₃~a×HI@g~a|
12AF1	|SILA₃~a×IB~a|
12AF2	|SILA₃~a×KAŠ~a|
12AF3	|SILA₃~a×KAŠ~c|
12AF4	|SILA₃~a×KAŠ~d|
12AF5	|SILA₃~a×KU₆~a|
12AF6	|SILA₃~a×KUR~a|
12AF7	|SILA₃~a×MA~v1|
12AF8	|SILA₃~a×MAŠ|
12AF9	|SILA₃~a×NAGA~a|
12AFA	|SILA₃~a×NI~a|
12AFB	|SILA₃~a×NUN~b|
12AFC	|SILA₃~a×SUHUR|
12AFD	|SILA₃~a×SUM~a~v1|
12AFE	|SILA₃~a×SUM~b|
12AFF	|SILA₃~a×ŠE~a|
12B00	|SILA₃~a×ŠE~a@t|
12B01	|SILA₃~a×ŠU|
12B02	|SILA₃~a×ŠU₂~b|
12B03	|SILA₃~a×X|
12B04	|SILA₃~a×ZATU629~v1|
12B05	|SILA₃~a×ZATU646|
12B06	|SILA₃~a×(ZATU659.TU~c~v1)|
12B07	|SILA₃~a×1(N57)|
12B08	|SILA₃~a×1(N58)|
12B0A	SILA₃~b
F2E30	|SILA₃~b×DUG~a|
12B0B	|SILA₃~b×GUG₂|
12B0C	|SILA₃~b×NAGA~b|
12B0D	|SILA₃~b×NI~b|
12B0E	SILA₃~c
12B0F	|SILA₃~c×NI~a|
12B10	|SILA₃~c×ŠU|
12B11	|SILA₃~c×ZATU687|
12B12	|SILA₃~d×NI~a|
12B13	SILA₄~a
12B14	SILA₄~b
12B15	SILA₄~c
12B16	SILA₄~d
12B17	SILANITA
12B19	SIMUG
12B1A	SIPA
12B1D	SU~a
12B1C	|SU~a×1(N58)|
12B1E	SU~b
12B1F	SU₃
12B20	SUG
12B21	SUG₅
12B22	SUH₃
12B23	SUHUR
12B24	SUHUR@g
12B25	SUHUR@n
12B26	SUKKAL
12B27	SUKUD
12B28	|(SUKUD+SUKUD)~a|
12B29	|(SUKUD+SUKUD)~b|
F2E3B	|(SUKUD+SUKUD)~c|
12B2A	|(SUKUD+SUKUD)~d|
12B2B	SUKUD@g~a
12B2D	SUKUD@g~b
12B2E	SUKUD@g~c
12B2F	SUKUD@g~d
12B32	SUM~a
12B31	SUM~a@t
12B33	SUM~b
12B34	SUMAŠ
12B35	SUR
12B36	SUSA
12B3C	ŠA
12B38	|(ŠA×HI@g~a)~a|
12B39	|(ŠA×HI@g~a)~b|
12B3A	ŠA@g
12B3D	ŠA₃~a1
12B3E	ŠA₃~a2
12B3F	ŠA₃~b
12B40	ŠA₃~c
12B41	ŠA₃~d
12B43	ŠAB~a
12B45	ŠAB~b
12B47	ŠAGAN
12B48	ŠAGINA
12B49	ŠAH₂~a
12B4A	ŠAH₂~b
12B4B	ŠAH₂~c
12B4C	ŠAKIR~a
12B4D	ŠAKIR~b
12B4E	ŠAKIR~c
12B4F	ŠAM₂
12B50	ŠANDANA~a
12B51	ŠANDANA~b
12B53	|ŠE~a.KIN₂~c|
12B55	|ŠE~a.NAM₂|
12B56	|ŠE~a&ŠE~a|
12B57	ŠE~a@t
12B58	ŠE~b
12B59	ŠE~c
12B5C	ŠE₃
12B5E	ŠEG₉
12B5F	ŠELU
12B61	ŠEN~a
12B63	ŠEN~b
12B64	ŠEN~c
12B65	ŠEN~c@t
12B69	ŠEN~d
12B67	|ŠEN~d×A|
12B6A	ŠEN~e
12B6B	ŠENNUR~a
12B6C	ŠENNUR~b
12B6E	ŠEŠ~a
12B6F	ŠEŠ~b
12B70	ŠIDIM
12B71	ŠIDIM@t
12B74	ŠIM~a
12B75	ŠIM~b
12B77	ŠIR~a
12B7A	ŠIR~b
12B7B	ŠITA~a1
12B7C	|ŠITA~a1×KAK~a|
12B7D	|ŠITA~a1×ŠU|
12B7E	|ŠITA~a1×ŠU₂~b|
12B7F	|ŠITA~a1×UDU~a|
12B80	|ŠITA~a1×1(N06)|
12B81	ŠITA~a1@g
12B82	ŠITA~a2
12B83	ŠITA~a3
12B84	ŠITA~b1
12B85	ŠITA~b1@g
12B86	ŠITA~b2
12B87	|ŠITA~b2@g×HI@g~a|
12B88	ŠITA~b3
12B89	|ŠITA~b3×NAM₂|
12B8B	|ŠITA~b3@g×1(N04)|
12B8C	|ŠITA~b3@g×1(N06)|
F2A00	ŠITA~c
12B8D	ŠU
12B8E	|ŠU×1(N58)|
12B8F	|ŠU&ŠU|
12B90	ŠU@g
F2A06	ŠU@s
12B91	ŠU₂~a
12B93	|ŠU₂~a.EN~a~v1|
12B95	|ŠU₂~a.EN~b~v1|
12B96	|ŠU₂~a.(HI×1(N57))&(HI×1(N57))|
12B97	|ŠU₂~a.URI₃~a~v1|
12B99	|ŠU₂~b.E₂~a|
12B9A	|ŠU₂~b.E₂~b|
12B9B	|ŠU₂~b.GIŠ|
12B9C	|ŠU₂~b.1(N02)|
F2DFC	|ŠU₂~b.2(N57)|
12B9D	ŠU₁₂
12B9E	ŠUBUR
12B9F	ŠUM
12BA0	ŠUR₂~a
12BA1	ŠUR₂~b
12BA3	ŠURUPPAK~a
12BA5	ŠURUPPAK~b
F2A12	ŠURUPPAK~c
12BA6	TA~a
12BA7	TA~b
12BA8	TA~c
12BA9	TA~d
12BAA	|TA~d×MAŠ|
12BAB	TA~e
F2A59	TA~f
12BAC	TAG~a1
12BAD	TAG~a1@t
12BAE	TAG~a2
12BAF	TAG~a3
12BB0	TAG~a4
12BB1	TAG~b
12BB2	TAG~c
12BB3	TAG~d
12BB6	TAK₄~a
12BB5	TAK₄~a@n
12BB7	TAK₄~c
12BB8	TAR~a
F2A67	TAR~d
12BB9	TE
12BBE	TI
12BBB	TI@g
12BBC	TI@r
12BBD	TI@t
12BBF	TIDNUM
12BC0	TILLA₂
12BC1	TU~a
12BC2	TU~b
12BC3	TU~c
12BC4	TUG₂~a
12BC5	|TUG₂~a.(BAD&BAD)|
12BC7	TUG₂~a@g
12BC8	TUG₂~b
12BC9	TUG₂~c
12BCA	TUG₂~d
12BCB	TUM~a
12BCC	TUM~a@g
12BCD	TUM~b
12BCE	TUM~c
12BCF	TUM~d
12BD0	TUN₃~a
12BD1	TUN₃~b
12BD2	TUN₃~c
12BD7	TUR
F2E3F	|TUR~v1×X|
12BD4	TUR@g
12BD8	TUR₃~a
12BD9	TUR₃~a@n
12BDA	TUR₃~b
F2E40	|TUR₃~b×TAK₄~a|
12BDB	TUR₃~c
12BDC	U₂~a
12BDF	U₂~b
12BE0	U₂~c
12BE1	U₄
12BE2	|U₄.ŠU₂~b|
12BE3	|U₄.1(N08)|
12BE4	|U₄.2(N08)|
12BE5	|U₄.3(N08)|
12BE6	|U₄.4(N08)~v1|
12BE7	|U₄.5(N08)|
12BE8	|U₄.6(N08)|
12BE9	|U₄.7(N08)|
12BEA	|U₄.8(N08)|
12BEB	|U₄.1(N14)|
12BEC	|U₄.(1(N14).3(N08))|
12BED	|U₄.(1(N14).4(N08))|
12BEE	|U₄.(1(N14).5(N08))|
12BEF	|U₄.(1(N14).8(N08))|
12BF0	|U₄.2(N14)|
12BF1	|U₄×X|
12BF2	|U₄×(X+2(N01))|
12BF3	|U₄×1(N01)|
12BF4	|U₄×1(N01).5(N08)|
12BF5	|U₄×2(N01)|
12BF6	|U₄×2(N01).X|
12BF7	|U₄×2(N01).2(N14)|
12BF8	|U₄×2(N01).(2(N14).1(N08))|
12BF9	|U₄×3(N01)|
12BFA	|U₄×3(N01).3(N08)~v1|
12BFB	|U₄×4(N01)|
12BFC	|U₄×4(N01).2(N14)|
12BFD	|U₄×5(N01)|
12BFE	|U₄×5(N01).1(N14)|
12BFF	|U₄×6(N01)|
12C00	|U₄×8(N01)|
12C01	|U₄×8(N01).X|
12C02	|U₄×N(N01)|
F2E43	|U₄×1(N01@f)|
12C03	|U₄×1(N14)|
12C04	|U₄×(1(N14).2(N01))|
12C05	|U₄×(1(N14).4(N01))|
12C06	|U₄×(1(N14).8(N01))|
12C07	|U₄×2(N14)|
12C08	|U₄×(2(N14).4(N01))|
12C09	|U₄×(3(N14).2(N01))|
12C0A	|U₄×(3(N14).7(N01))|
12C0B	|U₄×1(N57)|
12C0C	|U₄×2(N57)|
12C0D	|U₄×3(N57)|
12C0E	|U₄×4(N57)|
12C0F	|U₄×5(N57)|
12C10	|U₄×6(N57)|
12C11	|U₄×7(N57)|
12C12	|U₄×8(N57)|
12C13	|U₄×10(N57)|
12C14	|U₄×1(N58@t)|
12C15	U₄@t
12C1A	U₈
12C17	|U₈×TAR~b|
12C1B	UB
12C1C	UBI~a
12C1E	UBI~c
12C22	UD₅~a
12C20	UD₅~a@g
12C23	UD₅~b
12C24	UD₅~c
12C25	UDU~a
12C26	|UDU~a×TAR~a|
12C27	|UDU~a×TAR~b|
12C28	UDU~b
12C29	UDU~c
12C2A	UDUNITA~a
12C2B	UDUNITA~b
12C2C	UDUNITA~c
12C2D	UH
12C2E	UH₃~a
12C2F	UH₃~a@t
12C30	UH₃~b
12C32	UKKIN~a
12C3C	UKKIN~b
12C34	|UKKIN~b×DIN|
12C35	|UKKIN~b×(DIN.1(N01))|
F2E7D	|UKKIN~b×DUG~a|
12C36	|UKKIN~b×HI@g~a|
12C37	|UKKIN~b×NI~a|
12C38	|UKKIN~b×X|
12C39	|UKKIN~b×2(N01)|
12C3A	|UKKIN~b×3(N01)|
12C3B	|UKKIN~b×5(N01)|
12C3D	UKKIN~c
12C3E	UMBIN~a
12C3F	UMBIN~b1
12C40	UMBIN~b2
12C41	UMBIN~c
12C43	UMUN₂
12C46	UNUG~a
12C47	|UNUG~a~v1×A@t|
12C45	UNUG~a@s
12C48	UNUG~b
12C49	UNUG~c
12C4A	UR~a
12C4B	|UR~a×KAR₂~b|
12C4C	UR~a@g
12C4D	UR~b
12C4E	UR~c
12C4F	UR₂
12C50	|UR₂×TAR~c|
12C51	|UR₂×1(N57)|
12C53	UR₃~a1
12C54	UR₃~a2
12C55	UR₃~a3
12C56	UR₃~b1
12C57	|UR₃~b1×MAŠ|
12C58	UR₃~b2
12C59	UR₄~a
12C5A	UR₄~b
12C5B	UR₄~c
12C5C	UR₅~a
12C5D	UR₅~b
12C5E	URI
F2ACB	URI₂
12C60	URI₃~a
F2E86	|URI₃~a+IB~a|
12C61	URI₃~b
12C62	URI₅
12C63	URU~a1
F2E89	|URU~a1×A|
12C64	|URU~a1×AMAR~v2|
12C65	|URU~a1×GU₄|
12C66	|URU~a1×HI@g~a|
12C67	|URU~a1×NIMGIR|
12C68	|URU~a1×U₄|
12C69	|URU~a1×X|
12C6A	|URU~a1×1(N57)|
12C6B	|URU~a1×2(N57)|
12C6C	URU~a1@n
12C6D	URU~a2
12C6E	|URU~a2×1(N58)|
12C6F	|URU~a3×KALAM~a|
12C70	URU~b1
12C71	URU~b2
12C72	URU~c
12C75	URUDU~a
12C76	URUDU~c
12C77	URUDU~d
12C78	URUDU@g~a
12C79	URUDU@g~b
12C7A	URUDU@g~c
12C7B	URUDU@g~d
12C7C	UŠ~a
12C7D	|UŠ~a&UŠ~a|
12C81	UŠ~b
12C82	|UŠ~b×TAR~c|
F2E95	|UŠ~b×TAR~d|
12C80	|UŠ~b&UŠ~b|
12C83	UŠUMGAL
F2AE3	UŠUR₃~a
12C84	UŠUR₃~b1
12C85	UŠUR₃~b2
12C86	UTUA~a
12C87	UTUA~a@t
12C89	UTUA~b
12C8A	UTUL~a
12C8B	UTUL~b
12C8C	UTUL~c
12C8D	UTUL~d
12C8E	UZ~a
12C8F	UZU
12C90	ZA~v
12C91	ZABALAM~a
12C92	ZABALAM~b
F2AF2	ZADIM
12C94	ZAG~a
12C95	ZAG~b
12C96	ZAG~c
12C97	ZAR~a
12C98	ZAR~b1
12C99	ZAR~b2
12C9A	ZAR~c
12C9B	ZATU620
12C9C	ZATU621~a
12C9D	ZATU621~b
12C9E	ZATU621~c
12C9F	ZATU621~d
12CA0	ZATU622
12CA3	ZATU623
12CA4	ZATU624~a
12CA5	ZATU624~b
12CA6	ZATU624~c
12CA8	ZATU625
12CA9	ZATU626~a
12CAA	ZATU626~b
12CAB	ZATU626~c
12CAC	ZATU627
12CAE	ZATU628~a
12CAF	ZATU628~b
12CB1	ZATU629
12CB2	ZATU630
12CB3	ZATU631
12CB5	ZATU632~a
12CB6	ZATU632~b
12CB7	ZATU632~c
12CB8	ZATU633~a
12CB9	ZATU633~b
12CBA	ZATU634
12CBB	ZATU635
12CBD	ZATU636
12CBE	ZATU637
12CBF	ZATU639
12CC0	ZATU640
12CC1	ZATU641
12CC2	ZATU642
12CC3	ZATU643
12CC4	ZATU644~a
12CC5	|ZATU644~a×1(N14)|
12CC6	ZATU644~b
12CC7	ZATU646
12CC9	ZATU647
12CCA	ZATU648
12CCC	ZATU649
12CCD	ZATU650
12CD8	ZATU651
12CCF	|ZATU651×AN|
12CD0	|ZATU651×EN~a~v2|
12CD1	|ZATU651×GAR|
12CD2	|ZATU651×MA|
12CD3	|ZATU651×NUN~a|
12CD4	|ZATU651×X|
12CD5	|ZATU651×ZAR~c|
12CD9	|ZATU651~v2×ŠE~a|
12CD6	ZATU651@g
12CDA	ZATU659
12CDB	|ZATU659×1(N01)|
12CDC	|ZATU659×1(N14)|
12CDD	|ZATU659×1(N58@t)|
12CE4	ZATU662
12CE3	|ZATU662×1(N14)|
12CE5	ZATU664
12CE6	ZATU665
12CE7	ZATU666
12CE8	ZATU667
12CE9	ZATU668
12CEA	ZATU669
12CEB	ZATU670
12CEC	ZATU672
12CED	ZATU674
12CEE	ZATU675~a
12CF0	ZATU675~b
12CF1	ZATU675~c
12CF2	ZATU675~d
12CF3	ZATU676~a
12CF4	ZATU676~b
12CF5	ZATU677~a
12CF6	ZATU677~b
12CF7	ZATU678
12CF8	ZATU679
12CF9	ZATU680~a1
12CFA	ZATU680~a2
12CFC	ZATU680~b
12CFD	ZATU680~d
12CFE	ZATU680~e
12CFF	ZATU681
12D00	ZATU682
12D01	ZATU683~a
12D02	ZATU683~b
12D03	ZATU683@t
12D04	ZATU684
12D05	ZATU685
12D06	ZATU686~a
12D07	ZATU686~b
12D08	ZATU686~c
12D09	ZATU687
12D0A	ZATU688~a
12D0B	ZATU688~b
12D0C	ZATU689
12D0D	ZATU690
12D0E	ZATU691
12D0F	ZATU692
12D13	ZATU693
12D11	ZATU693@t
12D14	ZATU694~a
12D15	ZATU694~b
12D17	ZATU694~c
12D18	ZATU694~d
12D19	ZATU694~d@t
12D1A	ZATU695
12D1B	ZATU696
12D1F	ZATU697~a
12D20	ZATU697~b
12D21	ZATU697~c
12D22	ZATU699~a
12D23	ZATU699~b
12D24	ZATU700
12D25	ZATU701
12D26	ZATU702
12D27	ZATU703
12D28	ZATU704
12D29	ZATU705
12D2A	ZATU706
12D2B	ZATU707~a
12D2C	ZATU707~b
12D2D	ZATU708
12D2E	ZATU709
12D30	ZATU710
12D32	ZATU711
12D33	|ZATU711~v1×HI@g~a|
12D34	|ZATU711~v1×X|
12D35	ZATU713
12D36	ZATU714
12D37	|ZATU714.RU|
12D38	|ZATU714×HI@g~a|
12D39	|ZATU714×X|
12D3A	ZATU717
12D3B	ZATU718
12D3C	ZATU719
12D3D	ZATU720
12D3E	ZATU721
12D3F	ZATU722
12D40	ZATU723
12D41	ZATU724
12D43	ZATU725
12D44	ZATU726~a
12D45	ZATU726~c
12D46	ZATU726~d
12D47	ZATU727
12D48	ZATU728
12D4A	ZATU729
12D4B	ZATU730
12D4C	ZATU732
12D4D	ZATU733
12D4E	ZATU734
12D4F	ZATU735~a
12D52	ZATU735~b
12D53	ZATU735~c
12D54	ZATU736~a
12D55	ZATU736~b
12D67	ZATU737
12D57	|ZATU737×AB~a|
12D58	|ZATU737×BU~a|
12D59	|ZATU737×BUR~a|
12D68	|ZATU737×DI|
12D5B	|ZATU737×E~a|
12D5C	|ZATU737×EN~a~v2|
12D66	|ZATU737×GAR|
12D5E	|ZATU737×NI~a@g|
12D5F	|ZATU737×NIMGIR|
12D60	|ZATU737×SU~a|
12D61	|ZATU737×ŠE~a|
12D62	|ZATU737×ŠITA~a1|
F2EBA	|ZATU737×ŠITA~b1@g|
12D63	|ZATU737×UNUG~a~v1|
12D65	|ZATU737~v1×EN~b~v1|
12D69	|ZATU737~v2×X|
12D6A	|ZATU737~v3×SAL|
12D6B	|ZATU737~v3×U₄|
12D6E	ZATU749~a
12D6F	ZATU749~b
12D70	ZATU749~c
12D74	ZATU750
12D75	ZATU751~a
12D76	ZATU751~b
12D78	ZATU752
12D79	ZATU753
12D7A	ZATU754
12D7B	ZATU755~a
12D7C	ZATU755~b
12D7E	ZATU756
12D80	ZATU757
12D81	ZATU758
12D88	ZATU759
12D83	|ZATU759×KU₆~a|
12D84	|ZATU759×(KU₆~a+KU₆~a)|
12D85	|ZATU759×KU₆~d|
12D86	|ZATU759×X|
12D87	|ZATU759@t×X|
12D89	ZATU761
12D8D	ZATU762~a
12D8B	|ZATU762~a×NIM~a|
12D8E	ZATU762~b
12D8F	|ZATU762~b×AB~a|
12D90	ZATU764
12D91	ZATU765
12D92	ZATU766
12D93	ZATU767
12D94	ZATU768
12D95	ZATU769
12D96	ZATU771
12D97	ZATU772
12D99	ZATU773~a
12D9A	ZATU773~b
12D9B	ZATU774
12D9C	ZATU775
12D9E	ZATU776
12DA1	ZATU777
12DA2	ZATU778
12DA3	ZATU779
12DA4	ZATU780
12DA5	ZATU781
12DA6	ZATU782
12DA7	ZATU783
12DA8	ZATU784
12DA9	ZATU785
12DAA	ZATU786
12DAB	ZATU787
12DAC	ZATU788
12DAD	ZATU789
12DAE	ZATU791
12DAF	ZATU792
12DB0	ZATU795
12DB1	ZATU797
12DB2	ZATU798
12DB3	ZATU799
12DB4	ZATU800
12DB5	ZATU801
12DB6	ZATU802
12DB7	ZATU803
12DB8	ZATU804
12DB9	ZATU805
12DBA	ZATU806
12DBB	ZATU807
12DBC	ZATU808
12DBD	ZATU809
12DBE	ZATU810
12DBF	ZATU811
12DC0	ZATU812
12DC1	ZATU813
12DC2	ZATU814
12DC3	ZATU815
12DC4	ZATU817
12DC5	ZATU818
12DC6	ZATU819
12DC7	ZATU820
12DC8	ZATU821
12DC9	ZATU822
12DCA	ZATU823
12DCB	ZATU824
12DCC	ZATU825
12DCD	ZATU826
12DCE	ZATU829
12DCF	ZATU831
12DD0	ZATU831@g
12DD1	ZATU832
12DD2	ZATU833
12DD3	ZATU834
12DD4	ZATU835
12DD5	ZATU836
12DD6	ZATU837~a
12DD7	ZATU837~b
12DD8	ZATU838
12DDA	ZATU839
12DDB	ZATU840
12DDC	ZATU841
12DDD	ZATU842
12DDE	ZATU843
12DDF	ZATU844
12DE0	ZATU845
12DE1	ZATU846
12DE2	ZATU847
12DE3	ZATU848
12DE4	ZATU849
12DE5	ZATU850
12DE6	ZATU851
12DE7	ZATU852
12DE8	ZATU853
12DE9	ZATU854
12DEA	ZATU855
12DEC	ZI~a
12DED	ZI~b
12DEE	ZI~d
F2EC6	|(ZU&ZU).SAR~a|
12DEF	ZUBI~a
12DF0	ZUBI~b
F00F0	2(LAGAB~a)
F00F2	4(LAGAB~a)
F00F3	6(LAGAB~a)
F2580	1(N01)
F005F	2(N01)
F0060	3(N01)
F2641	4(N01)
F0061	5(N01)
F0062	6(N01)
F0063	7(N01)
F0064	8(N01)
F26CC	9(N01)
F00DA	10(N01)
F2581	1(N01@f)
F0066	2(N01@f)
F0067	3(N01@f)
F2642	4(N01@f)
F0068	5(N01@f)
F0069	6(N01@f)
F006A	7(N01@f)
F006B	8(N01@f)
F006C	9(N01@f)
F2582	1(N01@r)
F2583	1(N02)
F006D	2(N02)
F006E	3(N02)
F2643	4(N02)
F006F	5(N02)
F0070	6(N02)
F0071	7(N02)
F0072	8(N02)
F0073	9(N02)
F2584	1(N03)
F0074	2(N03)
F0075	3(N03)
F2644	4(N03)
F0076	5(N03)
F2585	1(N04)
F0077	2(N04)
F0078	3(N04)
F2645	4(N04)
F0079	5(N04)
F2586	1(N04@f)
F007A	2(N04@f)
F2619	3(N04@f)
F2646	4(N04@f)
F007B	5(N04@f)
F2587	1(N05)
F007C	2(N05)
F007D	3(N05)
F2647	4(N05)
F007E	5(N05)
F2588	1(N06)
F2589	1(N07~a)
F25E6	2(N07~a)
F261B	3(N07~a)
F258A	1(N07~b)
F25E7	2(N07~b)
F261C	3(N07~b)
F258B	1(N08)
F25E8	2(N08)
F261D	3(N08)
F007F	4(N08)
F2673	5(N08)
F2690	6(N08)
F26A8	7(N08)
F26BC	8(N08)
F26CF	9(N08)
F00F5	1(N08~b)
F00F6	2(N08~b)
F00F7	3(N08~b)
F00F8	4(N08~b)
F00F9	4(N08~c)
F258D	1(N08@f)
F012C	|1(N08@f)×1(N57)|
F258E	1(N09)
F258F	1(N11)
F2590	1(N12)
F2591	1(N14)
F25EA	2(N14)
F261F	3(N14)
F264B	4(N14)
F2675	5(N14)
F2692	6(N14)
F0082	7(N14)
F0083	8(N14)
F0084	9(N14)
F00DB	10(N14)
F00DD	12(N14)
F2592	1(N14@f)
F25EB	2(N14@f)
F2620	3(N14@f)
F264C	4(N14@f)
F0085	5(N14@f)
F0086	6(N14@f)
F0087	7(N14@f)
F0088	8(N14@f)
F0089	9(N14@f)
F00DF	10(N14@f)
F2593	1(N15)
F25EC	2(N15)
F2621	3(N15)
F264D	4(N15)
F008A	5(N15)
F00FB	1(N16)
F00FC	1(N17)
F2596	1(N18)
F25ED	2(N18)
F2622	3(N18)
F264E	4(N18)
F008B	5(N18)
F008C	6(N18)
F008D	7(N18)
F008E	8(N18)
F26D3	9(N18)
F2597	1(N19)
F25EE	2(N19)
F2623	3(N19)
F264F	4(N19)
F0090	5(N19)
F0091	6(N19)
F0092	7(N19)
F0093	8(N19)
F0095	9(N19)
F2598	1(N19@f)
F25EF	2(N19@f)
F2624	3(N19@f)
F2650	4(N19@f)
F0096	5(N19@f)
F0097	6(N19@f)
F0098	7(N19@f)
F0099	8(N19@f)
F009A	9(N19@f)
F2599	1(N20)
F25F0	2(N20)
F2625	3(N20)
F2651	4(N20)
F009B	5(N20)
F009C	6(N20)
F009D	7(N20)
F009E	8(N20)
F009F	9(N20)
F25F1	2(N21)
F2626	3(N21)
F2652	4(N21)
F00A0	5(N21)
F00E0	6(N21)
F259A	1(N22)
F25F2	2(N22)
F259B	1(N22@f)
F25F3	2(N22@f)
F00FE	1(N23)
F00FF	2(N23)
F0100	3(N23)
F0101	5(N23)
F0102	7(N23)
F259D	1(N24)
F0103	2(N24)
F0104	4(N24)
F0105	6(N24)
F259E	1(N24~a)
F259F	1(N24~b)
F0106	1(N24@f)
F25A1	1(N25)
F00A1	1(N26)
F25A4	1(N26~b)
F00A2	1(N27)
F25A7	1(N28)
F25A8	1(N28~b)
F25A9	1(N28~c)
F25AB	1(N29~a)
F0107	2(N29~a)
F25AC	1(N29~b)
F25AD	1(N29A~b)
F010A	2(N29A~b)
F25AE	1(N29A~c)
F25B0	1(N30~a)
F25B1	1(N30~c)
F25B2	1(N30~d)
F25B3	1(N30~e)
F25B4	1(N30A~c)
F010C	1(N30C~b)
F25B6	1(N30C~c)
F25B7	1(N31)
F25B8	1(N32)
F25B9	1(N33)
F25BA	1(N34)
F012D	|1(N34)×1(N58)|
F00A5	2(N34)
F00A6	3(N34)
F2654	4(N34)
F00A7	5(N34)
F00A8	6(N34)
F00A9	7(N34)
F00AA	8(N34)
F00AB	9(N34)
F25BB	1(N34@f)
F25F9	2(N34@f)
F2629	3(N34@f)
F2655	4(N34@f)
F00AC	5(N34@f)
F00AD	6(N34@f)
F00AE	7(N34@f)
F00AF	8(N34@f)
F00B0	9(N34@f)
F25BC	1(N34@f@t)
F25BD	1(N35)
F00B1	2(N35)
F00B2	5(N35)
F25BE	1(N36)
F00B3	2(N36)
F00B4	3(N36)
F2656	4(N36)
F00B5	5(N36)
F00B6	6(N36)
F00B7	7(N36)
F00B8	8(N36)
F00B9	9(N36)
F25BF	1(N36@f)
F25C0	1(N37)
F00BA	2(N37)
F25C1	1(N38)
F25C2	1(N39~a)
F25FD	2(N39~a)
F262B	3(N39~a)
F2657	4(N39~a)
F25C3	1(N39~b)
F25FE	2(N39~b)
F262C	3(N39~b)
F2658	4(N39~b)
F25C4	1(N40)
F25FF	2(N40)
F262D	3(N40)
F2659	4(N40)
F25C5	1(N41)
F2600	2(N41)
F262E	3(N41)
F265A	4(N41)
F25C6	1(N42~a)
F2601	2(N42~a)
F262F	3(N42~a)
F265B	4(N42~a)
F25C7	1(N42~b)
F2602	2(N42~b)
F2630	3(N42~b)
F265C	4(N42~b)
F010D	1(N43)
F010E	4(N43)
F00E1	1(N44)
F25CA	1(N45)
F00BB	2(N45)
F2631	3(N45)
F265E	4(N45)
F00BC	5(N45)
F00BD	6(N45)
F00BE	7(N45)
F00BF	9(N45)
F25CB	1(N45~a)
F25CC	1(N45@f)
F2604	2(N45@f)
F00E2	3(N45@f)
F00E3	4(N45@f)
F00E4	5(N45@f)
F00E5	6(N45@f)
F00E6	7(N45@f)
F00E7	8(N45@f)
F00E8	9(N45@f)
F25CD	1(N46)
F00C0	2(N46)
F00E9	3(N46)
F25CE	1(N46@f)
F2606	2(N46@f)
F25CF	1(N47)
F00C1	2(N47)
F00EA	3(N47)
F25D0	1(N48)
F00C2	2(N48)
F00C3	3(N48)
F2660	4(N48)
F00C4	5(N48)
F00EB	6(N48)
F00EC	7(N48)
F010F	1(N48@f)
F25D2	1(N49)
F00C5	2(N49)
F00C6	3(N49)
F2661	4(N49)
F00ED	5(N49)
F25D3	1(N50)
F00C7	2(N50)
F2637	3(N50)
F2662	4(N50)
F00C8	5(N50)
F25D4	1(N51)
F00C9	2(N51)
F2638	3(N51)
F2663	4(N51)
F00CA	5(N51)
F00CB	6(N51)
F00CC	7(N51)
F00CD	8(N51)
F25D5	1(N51@f)
F00CE	2(N51@f)
F2639	3(N51@f)
F2664	4(N51@f)
F00CF	5(N51@f)
F00D0	6(N51@f)
F00D1	7(N51@f)
F00D2	8(N51@f)
F00D3	9(N51@f)
F25D6	1(N52)
F00D4	2(N52)
F263A	3(N52)
F2665	4(N52)
F00D5	5(N52)
F00EE	3(N53)
F25D7	1(N54)
F00D6	2(N54)
F263C	3(N54)
F2666	4(N54)
F00D7	5(N54)
F00EF	1(N55)
F25D9	1(N56)
F00D8	2(N56)
F0110	1(N57)
F2C26	|1(N57).1(N57)|
F0111	2(N57)
F0112	3(N57)
F0113	4(N57)
F0114	5(N57)
F00D9	6(N57)
F0116	7(N57)
F0117	8(N57)
F0118	9(N57)
F0119	10(N57)
F011A	1(N58)
F011B	2(N58)
F011C	3(N58)
F011D	4(N58)
F011E	5(N58)
F011F	8(N58)
F0120	9(N58)
F0121	10(N58)
F0122	12(N58)
F0123	1(N58@t)
F0125	2(N59)
F0126	3(N59)
F0127	4(N59)
F25DD	1(N60)
F0129	3(N61)
F012A	4(N62)
F012B	1(N63)
