pc25u	pc25c	ap24u	ap24c	pc25pcsl	ap24pcsl	pc25uname	ap24uname	oid
12690	𒚐	12690	𒚐	A	A	A	A	o0900000
12691	𒚑	12692	𒚒	|A×EN~a|	|A×EN~a~v2|	A TIMES EN-A	A TIMES EN-A VARIANT 2	o0900004
12692	𒚒	12693	𒚓	|A×ŠUBUR|	|A×ŠUBUR|	A TIMES SHUBUR	A TIMES SHUBUR	o0900006
12693	𒚓	12694	𒚔	|A×ZATU672|	|A×ZATU672|	A TIMES ZATU672	A TIMES ZATU672	o0900007
12694	𒚔	12695	𒚕	|A×1(N14)|	|A×1(N14)|	A TIMES ONE-N14	A TIMES ONE-N14	o0900005
12695	𒚕	12697	𒚗	A₂	A₂	A2	A2	o0900010
12696	𒚖	12698	𒚘	AB~a	AB~a	AB-A	AB-A	o0900012
12697	𒚗	12699	𒚙	|AB~a×A@t|	|AB~a×A@t|	AB-A TIMES A TENU	AB-A TIMES A TENU	o0900018
12698	𒚘	1269A	𒚚	|AB~a×AŠ₂|	|AB~a×AŠ₂|	AB-A TIMES ASH2	AB-A TIMES ASH2	o0900020
12699	𒚙	1269D	𒚝	|AB~a×(ŠE~a&ŠE~a)|	|AB~a×(ŠE~a&ŠE~a)|	AB-A TIMES SHE-A OVER SHE-A	AB-A TIMES SHE-A OVER SHE-A	o0900033
1269A	𒚚	1269F	𒚟	|AB~a×ZATU659|	|AB~a×ZATU659|	AB-A TIMES ZATU659	AB-A TIMES ZATU659	o0900038
1269B	𒚛	F302B	󳀫	|AB~a×1(N04)|		AB-A TIMES ONE-N4		o0900027
1269C	𒚜	126A1	𒚡	AB~a@g	AB~a@g	AB-A GUNU	AB-A GUNU	o0900040
1269D	𒚝	126A3	𒚣	AB~b	AB~b	AB-B	AB-B	o0900014
1269E	𒚞	126A7	𒚧	AB₂	AB₂	AB2	AB2	o0900041
1269F	𒚟	126A8	𒚨	|AB₂×2(N14)|	|AB₂×2(N14)|	AB2 TIMES TWO-N14	AB2 TIMES TWO-N14	o0900043
126A0	𒚠	126AB	𒚫	ABGAL	ABGAL	ABGAL	ABGAL	o0900047
126A1	𒚡	126AD	𒚭	ABRIG	ABRIG	ABRIG	ABRIG	o0900049
126A2	𒚢	126AE	𒚮	ABZU	ABZU	ABZU	ABZU	o0900050
126A3	𒚣	126AF	𒚯	AD~a	AD~a	AD-A	AD-A	o0900053
126A4	𒚤	126B0	𒚰	AD~b	AD~b	AD-B	AD-B	o0900054
126A5	𒚥	126B1	𒚱	AD~c	AD~c	AD-C	AD-C	o0900055
126A6	𒚦	126B2	𒚲	ADAB	ADAB	ADAB	ADAB	o0900056
126A7	𒚧	126B3	𒚳	ADDA	ADDA	ADDA	ADDA	o0900058
126A8	𒚨	126B5	𒚵	AGAR₂	AGAR₂	AGAR2	AGAR2	o0900060
126A9	𒚩	126B6	𒚶	AK~a	AK~a	AK-A	AK-A	o0900062
126AA	𒚪	126B7	𒚷	AK~b	AK~b	AK-B	AK-B	o0900063
126AB	𒚫	126B8	𒚸	AL	AL	AL	AL	o0900064
126AC	𒚬	126B9	𒚹	ALAN~a	ALAN~a	ALAN-A	ALAN-A	o0900066
126AD	𒚭	126BA	𒚺	ALAN~b	ALAN~b	ALAN-B	ALAN-B	o0900067
126AE	𒚮	126BB	𒚻	ALAN~c	ALAN~c	ALAN-C	ALAN-C	o0900068
126AF	𒚯	126BD	𒚽	ALAN~e	ALAN~e	ALAN-E	ALAN-E	o0900070
126B0	𒚰	126BE	𒚾	ALIM	ALIM	ALIM	ALIM	o0900072
126B1	𒚱	126BF	𒚿	AM~a	AM~a	AM-A	AM-A	o0900074
126B2	𒚲	126C0	𒛀	AM~b	AM~b	AM-B	AM-B	o0900075
126B3	𒚳	126C1	𒛁	AMA~a	AMA~a	AMA-A	AMA-A	o0900077
126B4	𒚴	126C2	𒛂	|AMA~a×E₂~a|	|AMA~a×E₂~a|	AMA-A TIMES E2-A	AMA-A TIMES E2-A	o0900081
126B5	𒚵	126C4	𒛄	AMA~b	AMA~b	AMA-B	AMA-B	o0900079
126B6	𒚶	126C5	𒛅	AMAR	AMAR	AMAR	AMAR	o0900082
126B7	𒚷	126C7	𒛇	|AMAR&AMAR|	|AMAR&AMAR|	AMAR OVER AMAR	AMAR OVER AMAR	o0900087
126B8	𒚸	126CB	𒛋	|AMAR×TAR~c|	|AMAR~v2×TAR~c|	AMAR TIMES TAR-C	AMAR VARIANT 2 TIMES TAR-C	o0900086
126B9	𒚹	126C8	𒛈	AMAR@g	AMAR@g	AMAR GUNU	AMAR GUNU	o0900088
126BA	𒚺	126CC	𒛌	AN	AN	AN	AN	o0900089
126BB	𒚻	126CE	𒛎	ANŠE~a	ANŠE~a	ANSHE-A	ANSHE-A	o0900093
126BC	𒚼	126CF	𒛏	ANŠE~b	ANŠE~b	ANSHE-B	ANSHE-B	o0900094
126BD	𒚽	126D0	𒛐	ANŠE~c	ANŠE~c	ANSHE-C	ANSHE-C	o0900095
126BE	𒚾	126D1	𒛑	ANŠE~e	ANŠE~e	ANSHE-E	ANSHE-E	o0900096
126BF	𒚿	F3068	󳁨	ANŠE~f		ANSHE-F		o0900097
126C0	𒛀	126D2	𒛒	APIN~a	APIN~a	APIN-A	APIN-A	o0900100
126C1	𒛁	126D4	𒛔	APIN~b	APIN~b	APIN-B	APIN-B	o0900101
126C2	𒛂	126D5	𒛕	APIN~c	APIN~c	APIN-C	APIN-C	o0900102
126C3	𒛃	126D6	𒛖	ARARMA₂~a	ARARMA₂~a	ARARMA2-A	ARARMA2-A	o0900106
126C4	𒛄	126D8	𒛘	ARARMA₂~b	ARARMA₂~b	ARARMA2-B	ARARMA2-B	o0900108
126C5	𒛅	126D9	𒛙	ARATTA	ARATTA	ARATTA	ARATTA	o0900109
126C6	𒛆	126DA	𒛚	ASAR	ASAR	ASAR	ASAR	o0900111
126C7	𒛇	126DC	𒛜	AZ	AZ	AZ	AZ	o0900113
126C8	𒛈	126DD	𒛝	AZU	AZU	AZU	AZU	o0900114
126C9	𒛉	126DE	𒛞	BA	BA	BA	BA	o0900115
126CA	𒛊	126DF	𒛟	BAD	BAD	BAD	BAD	o0900116
126CB	𒛋	126E0	𒛠	|BAD&BAD|	|BAD&BAD|	BAD OVER BAD	BAD OVER BAD	o0900117
126CC	𒛌	126E1	𒛡	BAD₃~a	BAD₃~a	BAD3-A	BAD3-A	o0900119
126CD	𒛍	126E2	𒛢	BAD₃~b1	BAD₃~b1	BAD3-B1	BAD3-B1	o0900121
126CE	𒛎	126E3	𒛣	BAD₃~b2	BAD₃~b2	BAD3-B2	BAD3-B2	o0900122
126CF	𒛏	126E4	𒛤	BAHAR₂~a	BAHAR₂~a	BAHAR2-A	BAHAR2-A	o0900124
126D0	𒛐	126E6	𒛦	BAHAR₂~b	BAHAR₂~b	BAHAR2-B	BAHAR2-B	o0900126
126D1	𒛑	126E8	𒛨	BAHAR₂~c	BAHAR₂~c	BAHAR2-C	BAHAR2-C	o0900128
126D2	𒛒	126E9	𒛩	BALA~a	BALA~a	BALA-A	BALA-A	o0900130
126D3	𒛓	126EA	𒛪	BALA~b	BALA~b	BALA-B	BALA-B	o0900131
126D4	𒛔	126EC	𒛬	BALAG	BALAG	BALAG	BALAG	o0900133
126D5	𒛕	126EE	𒛮	BAN~a	BAN~a	BAN-A	BAN-A	o0900136
126D6	𒛖	126F1	𒛱	BAN~b	BAN~b	BAN-B	BAN-B	o0900139
126D7	𒛗	126F2	𒛲	BANŠUR~a	BANŠUR~a	BANSHUR-A	BANSHUR-A	o0900141
126D8	𒛘	126F3	𒛳	BANŠUR~a@t	BANŠUR~a@t	BANSHUR-A TENU	BANSHUR-A TENU	o0900146
126D9	𒛙	126F4	𒛴	BANŠUR~b1	BANŠUR~b1	BANSHUR-B1	BANSHUR-B1	o0900142
126DA	𒛚	126F5	𒛵	BANŠUR~b2	BANŠUR~b2	BANSHUR-B2	BANSHUR-B2	o0900143
126DB	𒛛	126F6	𒛶	BANŠUR~c	BANŠUR~c	BANSHUR-C	BANSHUR-C	o0900144
126DC	𒛜	126F7	𒛷	BAPPIR~a	BAPPIR~a	BAPPIR-A	BAPPIR-A	o0900148
126DD	𒛝	126F8	𒛸	BAPPIR~b	BAPPIR~b	BAPPIR-B	BAPPIR-B	o0900149
126DE	𒛞	126F9	𒛹	BAPPIR~c	BAPPIR~c	BAPPIR-C	BAPPIR-C	o0900150
126DF	𒛟	126FA	𒛺	BAPPIR~d	BAPPIR~d	BAPPIR-D	BAPPIR-D	o0900151
126E0	𒛠	126FB	𒛻	BAPPIR~e	BAPPIR~e	BAPPIR-E	BAPPIR-E	o0900152
126E1	𒛡	126FC	𒛼	BAPPIR~f	BAPPIR~f	BAPPIR-F	BAPPIR-F	o0900153
126E2	𒛢	126FD	𒛽	BAR	BAR	BAR	BAR	o0900154
126E3	𒛣	126FE	𒛾	BARA₂~a	BARA₂~a	BARA2-A	BARA2-A	o0900158
126E4	𒛤	12700	𒜀	BARA₂~b	BARA₂~b	BARA2-B	BARA2-B	o0900160
126E5	𒛥	12702	𒜂	BARA₃	BARA₃	BARA3	BARA3	o0900162
126E6	𒛦	12703	𒜃	BIR~a	BIR~a	BIR-A	BIR-A	o0900165
126E7	𒛧	12704	𒜄	BIR~b	BIR~b	BIR-B	BIR-B	o0900166
126E8	𒛨	12705	𒜅	BIR~c	BIR~c	BIR-C	BIR-C	o0900167
126E9	𒛩	12706	𒜆	BIR₃~a	BIR₃~a	BIR3-A	BIR3-A	o0900169
126EA	𒛪	12708	𒜈	BIR₃~b	BIR₃~b	BIR3-B	BIR3-B	o0900171
126EB	𒛫	1270A	𒜊	BIR₃~c	BIR₃~c	BIR3-C	BIR3-C	o0900173
126EC	𒛬	1270B	𒜋	BU~a	BU~a	BU-A	BU-A	o0900175
126ED	𒛭	1270C	𒜌	|BU~a+DU₆~a|	|BU~a+DU₆~a|	BU-A JOINING DU6-A	BU-A JOINING DU6-A	o0900199
126EE	𒛮	F302D	󳀭	|BU~a+KI|		BU-A JOINING KI		o0900202
126EF	𒛯	F302C	󳀬	|BU~a&BU~a|		BU-A OVER BU-A		o0900189
126F0	𒛰	12714	𒜔	|BU~a×A|	|BU~a~v1×A|	BU-A TIMES A	BU-A VARIANT 1 TIMES A	o0900183
126F1	𒛱	12716	𒜖	BU~b	BU~b	BU-B	BU-B	o0900177
126F2	𒛲	12718	𒜘	BU₃	BU₃	BU3	BU3	o0900205
126F3	𒛳	12719	𒜙	BULUG	BULUG	BULUG	BULUG	o0900206
126F4	𒛴	1271A	𒜚	BULUG₃	BULUG₃	BULUG3	BULUG3	o0900207
126F5	𒛵	1271B	𒜛	BUR~a	BUR~a	BUR-A	BUR-A	o0900211
126F6	𒛶	1271C	𒜜	BUR~b	BUR~b	BUR-B	BUR-B	o0900212
126F7	𒛷	1271D	𒜝	BUR~c	BUR~c	BUR-C	BUR-C	o0900213
126F8	𒛸	1271E	𒜞	BUR~d	BUR~d	BUR-D	BUR-D	o0900214
126F9	𒛹	1271F	𒜟	BUR₂	BUR₂	BUR2	BUR2	o0900215
126FA	𒛺	12720	𒜠	DA~a	DA~a	DA-A	DA-A	o0900217
126FB	𒛻	12722	𒜢	DA~b	DA~b	DA-B	DA-B	o0900218
126FC	𒛼	12723	𒜣	DA~c	DA~c	DA-C	DA-C	o0900219
126FD	𒛽	12724	𒜤	DA~d	DA~d	DA-D	DA-D	o0900220
126FE	𒛾	12725	𒜥	DAH	DAH	DAH	DAH	o0900224
126FF	𒛿	12726	𒜦	DAM	DAM	DAM	DAM	o0900225
12700	𒜀	12727	𒜧	DANNA	DANNA	DANNA	DANNA	o0900226
12701	𒜁	12728	𒜨	DAR~a	DAR~a	DAR-A	DAR-A	o0900228
12702	𒜂	12729	𒜩	|DAR~a×A|	|DAR~a×A|	DAR-A TIMES A	DAR-A TIMES A	o0900233
12703	𒜃	1272A	𒜪	DAR~b	DAR~b	DAR-B	DAR-B	o0900229
12704	𒜄	1272B	𒜫	DAR~c	DAR~c	DAR-C	DAR-C	o0900230
12705	𒜅	1272D	𒜭	DARA₃~a	DARA₃~a	DARA3-A	DARA3-A	o0900235
12706	𒜆	1272E	𒜮	DARA₃~b	DARA₃~b	DARA3-B	DARA3-B	o0900236
12707	𒜇	1272F	𒜯	DARA₃~c	DARA₃~c	DARA3-C	DARA3-C	o0900237
12708	𒜈	12730	𒜰	|DARA₃~c×KAR₂|	|DARA₃~c×KAR₂~b|	DARA3-C TIMES KAR2	DARA3-C TIMES KAR2-B	o0900241
12709	𒜉	12731	𒜱	|DARA₃~c×(KAR₂.ŠE~a)|	|DARA₃~c×(KAR₂~c.ŠE~a)|	DARA3-C TIMES KAR2 PLUS SHE-A	DARA3-C TIMES KAR2-C PLUS SHE-A	o0900246
1270A	𒜊	12733	𒜳	DARA₃~d	DARA₃~d	DARA3-D	DARA3-D	o0900239
1270B	𒜋	12734	𒜴	|DARA₃~d×KAR₂|	|DARA₃~d×KAR₂~b|	DARA3-D TIMES KAR2	DARA3-D TIMES KAR2-B	o0900242
1270C	𒜌	12737	𒜷	|DARA₃~d×(KAR₂.ŠE~a)|	|DARA₃~d2×(KAR₂~a1.ŠE~a)|	DARA3-D TIMES KAR2 PLUS SHE-A	DARA3-D2 TIMES KAR2-A1 PLUS SHE-A	o0900247
1270D	𒜍	12738	𒜸	DARA₄~a1	DARA₄~a1	DARA4-A1	DARA4-A1	o0900249
1270E	𒜎	12739	𒜹	DARA₄~a2	DARA₄~a2	DARA4-A2	DARA4-A2	o0900250
1270F	𒜏	1273A	𒜺	DARA₄~a3	DARA₄~a3	DARA4-A3	DARA4-A3	o0900251
12710	𒜐	1273B	𒜻	DARA₄~b	DARA₄~b	DARA4-B	DARA4-B	o0900252
12711	𒜑	F3069	󳁩	DARA₄~c		DARA4-C		o0900253
12712	𒜒	1273C	𒜼	DARA₄~c1	DARA₄~c1	DARA4-C1	DARA4-C1	o0900254
12713	𒜓	1273D	𒜽	DARA₄~c2	DARA₄~c2	DARA4-C2	DARA4-C2	o0900255
12714	𒜔	1273E	𒜾	DARA₄~c3	DARA₄~c3	DARA4-C3	DARA4-C3	o0900256
12715	𒜕	1273F	𒜿	DARA₄~c4	DARA₄~c4	DARA4-C4	DARA4-C4	o0900257
12716	𒜖	12740	𒝀	DARA₄~c5	DARA₄~c5	DARA4-C5	DARA4-C5	o0900258
12717	𒜗	F302F	󳀯	DARA₄~d		DARA4-D		o0900259
12718	𒜘	12741	𒝁	DI	DI	DI	DI	o0900260
12719	𒜙	12742	𒝂	DI@t	DI@t	DI TENU	DI TENU	o0900261
1271A	𒜚	12743	𒝃	DIB	DIB	DIB	DIB	o0900262
1271B	𒜛	12745	𒝅	DILMUN	DILMUN	DILMUN	DILMUN	o0900264
1271C	𒜜	12748	𒝈	DIM~a	DIM~a	DIM-A	DIM-A	o0900269
1271D	𒜝	12749	𒝉	DIM~b	DIM~b	DIM-B	DIM-B	o0900270
1271E	𒜞	1274A	𒝊	DIM~c	DIM~c	DIM-C	DIM-C	o0900271
1271F	𒜟	1274B	𒝋	DIN	DIN	DIN	DIN	o0900276
12720	𒜠	F3030	󳀰	|DIN×1(N58)|		DIN TIMES ONE-N58		o0900277
12721	𒜡	1274C	𒝌	DIN@t	DIN@t	DIN TENU	DIN TENU	o0900278
12722	𒜢	1274D	𒝍	DU	DU	DU	DU	o0900279
12723	𒜣	1274E	𒝎	|DU×1(N58@t)|	|DU×1(N58@t)|	DU TIMES ONE-N58 TENU	DU TIMES ONE-N58 TENU	o0900281
12724	𒜤	1274F	𒝏	DU@g	DU@g	DU GUNU	DU GUNU	o0900282
12725	𒜥	12750	𒝐	DU₆~a	DU₆~a	DU6-A	DU6-A	o0900284
12726	𒜦	12752	𒝒	|DU₆~a×1(N58)|	|DU₆~a~v1×1(N58)|	DU6-A TIMES ONE-N58	DU6-A VARIANT 1 TIMES ONE-N58	o0900290
12727	𒜧	12753	𒝓	DU₆~b	DU₆~b	DU6-B	DU6-B	o0900287
12728	𒜨	12754	𒝔	DU₆~c	DU₆~c	DU6-C	DU6-C	o0900288
12729	𒜩	12755	𒝕	DU₇	DU₇	DU7	DU7	o0900291
1272A	𒜪	12756	𒝖	DU₈~a	DU₈~a	DU8-A	DU8-A	o0900293
1272B	𒜫	12757	𒝗	DU₈~b	DU₈~b	DU8-B	DU8-B	o0900294
1272C	𒜬	12759	𒝙	DU₈~c	DU₈~c	DU8-C	DU8-C	o0900296
1272D	𒜭	F3031	󳀱	|DU₈~c×AB₂|		DU8-C TIMES AB2		o0900299
1272E	𒜮	F3032	󳀲	|DU₈~c×AMAR|		DU8-C TIMES AMAR		o0900301
1272F	𒜯	1275A	𒝚	|DU₈~c×HI|	|DU₈~c×HI|	DU8-C TIMES HI	DU8-C TIMES HI	o0900303
12730	𒜰	1275B	𒝛	|DU₈~c×UDU~a|	|DU₈~c×UDU~a|	DU8-C TIMES UDU-A	DU8-C TIMES UDU-A	o0900305
12731	𒜱	1275D	𒝝	DU₈~c@g	DU₈~c@g	DU8-C GUNU	DU8-C GUNU	o0900309
12732	𒜲	1275F	𒝟	DUB~a	DUB~a	DUB-A	DUB-A	o0900312
12733	𒜳	12760	𒝠	DUB~b	DUB~b	DUB-B	DUB-B	o0900313
12734	𒜴	12765	𒝥	DUB~c	DUB~c	DUB-C	DUB-C	o0900318
12735	𒜵	12766	𒝦	DUB~d	DUB~d	DUB-D	DUB-D	o0900319
12736	𒜶	12767	𒝧	DUB~e	DUB~e	DUB-E	DUB-E	o0900320
12737	𒜷	12768	𒝨	DUB~f	DUB~f	DUB-F	DUB-F	o0900321
12738	𒜸	F3033	󳀳	DUB~h		DUB-H		o0900322
12739	𒜹	12769	𒝩	|(DUB@n~a×1(N58))~a|	|(DUB@n~a×1(N58))~a|	DUB NUTILLU-A TIMES ONE-N58 FORM A	DUB NUTILLU-A TIMES ONE-N58 FORM A	o0900324
1273A	𒜺	1276A	𒝪	|(DUB@n~a×1(N58))~b|	|(DUB@n~a×1(N58))~b|	DUB NUTILLU-A TIMES ONE-N58 FORM B	DUB NUTILLU-A TIMES ONE-N58 FORM B	o0900326
1273B	𒜻	1276B	𒝫	|DUB@n~b×1(N58)~a|	|DUB@n~b×1(N58)~a|	DUB NUTILLU-B TIMES ONE-N58-A	DUB NUTILLU-B TIMES ONE-N58 FORM A	o0900325
1273C	𒜼	1276C	𒝬	DUB₂	DUB₂	DUB2	DUB2	o0900329
1273D	𒜽	1276D	𒝭	DUG~a	DUG~a	DUG-A	DUG-A	o0900331
1273E	𒜾	F306A	󳁪	|DUG~a×KU₆~a|		DUG-A TIMES KU6-A		o0900378
1273F	𒜿	12770	𒝰	|DUG~a×NAGA~a|	|DUG~a×NAGA~a|	DUG-A TIMES NAGA-A	DUG-A TIMES NAGA-A	o0900407
12740	𒝀	12771	𒝱	|DUG~a×U₂~a|	|DUG~a×U₂~a|	DUG-A TIMES U2-A	DUG-A TIMES U2-A	o0900447
12741	𒝁	12772	𒝲	|DUG~a×U₂~b|	|DUG~a×U₂~b|	DUG-A TIMES U2-B	DUG-A TIMES U2-B	o0900448
12742	𒝂	12773	𒝳	|DUG~a×1(N57)|	|DUG~a×1(N57)|	DUG-A TIMES ONE-N57	DUG-A TIMES ONE-N57	o0900394
12743	𒝃	12777	𒝷	DUG~b	DUG~b	DUG-B	DUG-B	o0900334
12744	𒝄	12778	𒝸	|DUG~b×ANŠE~b|	|DUG~b×ANŠE~b|	DUG-B TIMES ANSHE-B	DUG-B TIMES ANSHE-B	o0900342
12745	𒝅	12779	𒝹	|DUG~b×ANŠE~d|	|DUG~b×ANŠE~d|	DUG-B TIMES ANSHE-D	DUG-B TIMES ANSHE-D	o0900343
12746	𒝆	1277A	𒝺	|DUG~b×BALA~a|	|DUG~b×BALA~a|	DUG-B TIMES BALA-A	DUG-B TIMES BALA-A	o0900347
12747	𒝇	1277B	𒝻	|DUG~b×BIR₃~c|	|DUG~b×BIR₃~c|	DUG-B TIMES BIR3-C	DUG-B TIMES BIR3-C	o0900349
12748	𒝈	1277C	𒝼	|DUG~b×DIN|	|DUG~b×DIN|	DUG-B TIMES DIN	DUG-B TIMES DIN	o0900351
12749	𒝉	1277D	𒝽	|(DUG~b×DIN)@r|	|(DUG~b×DIN)@r|	DUG-B TIMES DIN REVERSED	DUG-B TIMES DIN REVERSED	o0900354
1274A	𒝊	1277F	𒝿	|DUG~b×GA~a|	|DUG~b×GA~a~v4|	DUG-B TIMES GA-A	DUG-B TIMES GA-A VARIANT 4	o0900358
1274B	𒝋	12780	𒞀	|DUG~b×GA~b|	|DUG~b×GA~b|	DUG-B TIMES GA-B	DUG-B TIMES GA-B	o0900359
1274C	𒝌	12781	𒞁	|DUG~b×GEŠTU~a|	|DUG~b×GEŠTU~a~v2|	DUG-B TIMES GESHTU-A	DUG-B TIMES GESHTU-A VARIANT 2	o0900361
1274D	𒝍	12782	𒞂	|DUG~b×GEŠTU~b|	|DUG~b×GEŠTU~b|	DUG-B TIMES GESHTU-B	DUG-B TIMES GESHTU-B	o0900363
1274E	𒝎	12783	𒞃	|DUG~b×GI₆|	|DUG~b×GI₆|	DUG-B TIMES GI6	DUG-B TIMES GI6	o0900365
1274F	𒝏	12784	𒞄	|DUG~b×GIŠ|	|DUG~b×GIŠ|	DUG-B TIMES GISH	DUG-B TIMES GISH	o0900367
12750	𒝐	12785	𒞅	|DUG~b×HI|	|DUG~b×HI|	DUG-B TIMES HI	DUG-B TIMES HI	o0900370
12751	𒝑	12786	𒞆	|DUG~b×KASKAL|	|DUG~b×KASKAL|	DUG-B TIMES KASKAL	DUG-B TIMES KASKAL	o0900376
12752	𒝒	12787	𒞇	|DUG~b×KU₆~a|	|DUG~b×KU₆~a|	DUG-B TIMES KU6-A	DUG-B TIMES KU6-A	o0900379
12753	𒝓	12788	𒞈	|DUG~b×KUR~a|	|DUG~b×KUR~a|	DUG-B TIMES KUR-A	DUG-B TIMES KUR-A	o0900381
12754	𒝔	1278A	𒞊	|DUG~b×KUR~b|	|DUG~b×KUR~b|	DUG-B TIMES KUR-B	DUG-B TIMES KUR-B	o0900382
12755	𒝕	1278B	𒞋	|DUG~b×KUR@g~a|	|DUG~b×KUR@g~a|	DUG-B TIMES KUR GUNU-A	DUG-B TIMES KUR GUNU-A	o0900386
12756	𒝖	1278C	𒞌	|DUG~b×LAM~a|	|DUG~b×LAM~a|	DUG-B TIMES LAM-A	DUG-B TIMES LAM-A	o0900389
12757	𒝗	1278D	𒞍	|DUG~b×MAŠ|	|DUG~b×MAŠ|	DUG-B TIMES MASH	DUG-B TIMES MASH	o0900391
12758	𒝘	1278E	𒞎	|DUG~b×NAGA~a|	|DUG~b×NAGA~a|	DUG-B TIMES NAGA-A	DUG-B TIMES NAGA-A	o0900408
12759	𒝙	1278F	𒞏	|DUG~b×NAM₂|	|DUG~b×NAM₂|	DUG-B TIMES NAM2	DUG-B TIMES NAM2	o0900410
1275A	𒝚	12791	𒞑	|DUG~b×SA~a|	|DUG~b×SA~a|	DUG-B TIMES SA-A	DUG-B TIMES SA-A	o0900414
1275B	𒝛	F3054	󳁔	|DUG~b×(SA~a.GI)|		DUG-B TIMES SA-A PLUS GI		o0900416
1275C	𒝜	12792	𒞒	|DUG~b×SI₄~a|	|DUG~b×SI₄~a|	DUG-B TIMES SI4-A	DUG-B TIMES SI4-A	o0900418
1275D	𒝝	12794	𒞔	|DUG~b×SIG₂~a1|	|DUG~b×SIG₂~a1|	DUG-B TIMES SIG2-A1	DUG-B TIMES SIG2-A1	o0900422
1275E	𒝞	12795	𒞕	|DUG~b×SIG₂~a2|	|DUG~b×SIG₂~a2|	DUG-B TIMES SIG2-A2	DUG-B TIMES SIG2-A2	o0900423
1275F	𒝟	12796	𒞖	|DUG~b×SIG₇|	|DUG~b×SIG₇|	DUG-B TIMES SIG7	DUG-B TIMES SIG7	o0900425
12760	𒝠	12797	𒞗	|DUG~b×SUHUR|	|DUG~b×SUHUR|	DUG-B TIMES SUHUR	DUG-B TIMES SUHUR	o0900427
12761	𒝡	12798	𒞘	|DUG~b×ŠAH₂~a|	|DUG~b×ŠAH₂~a|	DUG-B TIMES SHAH2-A	DUG-B TIMES SHAH2-A	o0900431
12762	𒝢	12799	𒞙	|DUG~b×ŠE~a|	|DUG~b×ŠE~a|	DUG-B TIMES SHE-A	DUG-B TIMES SHE-A	o0900433
12763	𒝣	1279A	𒞚	|DUG~b×(ŠE~a.NAM₂)|	|DUG~b×(ŠE~a.NAM₂)|	DUG-B TIMES SHE-A PLUS NAM2	DUG-B TIMES SHE-A PLUS NAM2	o0900437
12764	𒝤	1279B	𒞛	|DUG~b×TAK₄~a|	|DUG~b×TAK₄~a|	DUG-B TIMES TAK4-A	DUG-B TIMES TAK4-A	o0900439
12765	𒝥	1279C	𒞜	|DUG~b×(TAK₄~a.SA~a)|	|DUG~b×(TAK₄~a.SA~a)|	DUG-B TIMES TAK4-A PLUS SA-A	DUG-B TIMES TAK4-A PLUS SA-A	o0900441
12766	𒝦	1279D	𒞝	|DUG~b×(TAK₄~a.SAL)|	|DUG~b×(TAK₄~a.SAL)|	DUG-B TIMES TAK4-A PLUS SAL	DUG-B TIMES TAK4-A PLUS SAL	o0900443
12767	𒝧	1279E	𒞞	|DUG~b×TI|	|DUG~b×TI|	DUG-B TIMES TI	DUG-B TIMES TI	o0900445
12768	𒝨	1279F	𒞟	|DUG~b×U₂~a|	|DUG~b×U₂~a|	DUG-B TIMES U2-A	DUG-B TIMES U2-A	o0900449
12769	𒝩	127A0	𒞠	|DUG~b×U₂~b|	|DUG~b×U₂~b|	DUG-B TIMES U2-B	DUG-B TIMES U2-B	o0900450
1276A	𒝪	F3034	󳀴	|DUG~b×(UDU~a×TAR~b)|		DUG-B TIMES UDU-A TIMES TAR-B		o0900454
1276B	𒝫	127A1	𒞡	|DUG~b×UH₃~a|	|DUG~b×UH₃~a|	DUG-B TIMES UH3-A	DUG-B TIMES UH3-A	o0900456
1276C	𒝬	127A2	𒞢	|DUG~b×UH₃~a@t|	|DUG~b×UH₃~a@t|	DUG-B TIMES UH3-A TENU	DUG-B TIMES UH3-A TENU	o0900458
1276D	𒝭	127A5	𒞥	|DUG~b×ZATU764|	|DUG~b×ZATU764|	DUG-B TIMES ZATU764	DUG-B TIMES ZATU764	o0900466
1276E	𒝮	127A6	𒞦	|DUG~b×ZATU779|	|DUG~b×ZATU779|	DUG-B TIMES ZATU779	DUG-B TIMES ZATU779	o0900468
1276F	𒝯	127A7	𒞧	|DUG~b×ZATU780|	|DUG~b×ZATU780|	DUG-B TIMES ZATU780	DUG-B TIMES ZATU780	o0900470
12770	𒝰	127A8	𒞨	|DUG~b×ZATU781|	|DUG~b×ZATU781|	DUG-B TIMES ZATU781	DUG-B TIMES ZATU781	o0900472
12771	𒝱	127A9	𒞩	|DUG~b×(ZATU789.SA~a)|	|DUG~b×(ZATU789.SA~a)|	DUG-B TIMES ZATU789 PLUS SA-A	DUG-B TIMES ZATU789 PLUS SA-A	o0900474
12772	𒝲	127AA	𒞪	|DUG~b×1(N57)|	|DUG~b×1(N57)|	DUG-B TIMES ONE-N57	DUG-B TIMES ONE-N57	o0900395
12773	𒝳	127AB	𒞫	|DUG~b×(1(N57).KU₃~a)|	|DUG~b×(1(N57).KU₃~a)|	DUG-B TIMES ONE-N57 PLUS KU3-A	DUG-B TIMES ONE-N57 PLUS KU3-A	o0900401
12774	𒝴	F3035	󳀵	|DUG~b×1(N58)|		DUG-B TIMES ONE-N58		o0903578
12775	𒝵	127AE	𒞮	|DUG~b×AB₂|	|DUG~b~v1×AB₂|	DUG-B TIMES AB2	DUG-B VARIANT 1 TIMES AB2	o0900340
12776	𒝶	127B2	𒞲	|DUG~b×HI@g~a|	|DUG~b~v1×HI@g~a|	DUG-B TIMES HI GUNU-A	DUG-B VARIANT 1 TIMES HI GUNU-A	o0900373
12777	𒝷	127B9	𒞹	|(DUG~b&DUG~b)×1(N58)|	|(DUG~b~v1&DUG~b~v1)×1(N58)|	DUG-B OVER DUG-B TIMES ONE-N58	DUG-B VARIANT 1 OVER DUG-B VARIANT 1 TIMES ONE-N58	o0900476
12778	𒝸	127BC	𒞼	DUG~c	DUG~c~v1	DUG-C	DUG-C VARIANT 1	o0900336
12779	𒝹	127BE	𒞾	|DUG~c×1(N57)|	|DUG~c~v2×1(N57)|	DUG-C TIMES ONE-N57	DUG-C VARIANT 2 TIMES ONE-N57	o0900398
1277A	𒝺	127BB	𒞻	DUG~c@t	DUG~c@t	DUG-C TENU	DUG-C TENU	o0900479
1277B	𒝻	F301E	󳀞	DUG~d		DUG-D		o0900338
1277C	𒝼	127C2	𒟂	DUGUD	DUGUD	DUGUD	DUGUD	o0900481
1277D	𒝽	127C3	𒟃	DUR~a	DUR~a	DUR-A	DUR-A	o0900483
1277E	𒝾	127C4	𒟄	DUR~b	DUR~b	DUR-B	DUR-B	o0900484
1277F	𒝿	127C5	𒟅	DUR₂	DUR₂	DUR2	DUR2	o0900485
12780	𒞀	127C6	𒟆	E~a	E~a	E-A	E-A	o0900487
12781	𒞁	127C7	𒟇	E~b	E~b	E-B	E-B	o0900488
12782	𒞂	127C8	𒟈	E~c	E~c	E-C	E-C	o0900489
12783	𒞃	127CA	𒟊	E₂~a	E₂~a	E2-A	E2-A	o0900493
12784	𒞄	127CD	𒟍	|E₂~a×1(N58@t)|	|E₂~a×1(N58@t)|	E2-A TIMES ONE-N58 TENU	E2-A TIMES ONE-N58 TENU	o0900503
12785	𒞅	127CE	𒟎	E₂~b	E₂~b	E2-B	E2-B	o0900494
12786	𒞆	127D0	𒟐	|E₂~b×1(N58@t)|	|E₂~b×1(N58@t)|	E2-B TIMES ONE-N58 TENU	E2-B TIMES ONE-N58 TENU	o0900504
12787	𒞇	127D1	𒟑	E₂~c	E₂~c	E2-C	E2-C	o0900495
12788	𒞈	127D2	𒟒	E₂~d	E₂~d	E2-D	E2-D	o0900496
12789	𒞉	127D4	𒟔	E₃~b	E₃~b	E3-B	E3-B	o0900510
1278A	𒞊	127D5	𒟕	EDIN	EDIN	EDIN	EDIN	o0900511
1278B	𒞋	127D6	𒟖	EN~a	EN~a	EN-A	EN-A	o0900513
1278C	𒞌	127DA	𒟚	EN~b	EN~b	EN-B	EN-B	o0900517
1278D	𒞍	127DB	𒟛	EN~b@t	EN~b@t	EN-B TENU	EN-B TENU	o0900528
1278E	𒞎	127DD	𒟝	EN~c	EN~c	EN-C	EN-C	o0900519
1278F	𒞏	127E1	𒟡	EN@g~a	EN@g~a	EN GUNU-A	EN GUNU-A	o0900525
12790	𒞐	127E2	𒟢	EN@g~b	EN@g~b	EN GUNU-B	EN GUNU-B	o0900526
12791	𒞑	127E3	𒟣	EN₂	EN₂	EN2	EN2	o0900529
12792	𒞒	127E6	𒟦	ENDIB	ENDIB	ENDIB	ENDIB	o0900533
12793	𒞓	127E7	𒟧	ENGIZ	ENGIZ	ENGIZ	ENGIZ	o0900534
12794	𒞔	127E8	𒟨	ENKUM	ENKUM	ENKUM	ENKUM	o0900535
12795	𒞕	127EB	𒟫	ERIM~a	ERIM~a	ERIM-A	ERIM-A	o0900541
12796	𒞖	127EC	𒟬	ERIM~b1	ERIM~b1	ERIM-B1	ERIM-B1	o0900542
12797	𒞗	127ED	𒟭	ERIM~b2	ERIM~b2	ERIM-B2	ERIM-B2	o0900543
12798	𒞘	127EE	𒟮	ERIM₂	ERIM₂	ERIM2	ERIM2	o0900544
12799	𒞙	127EF	𒟯	ERIN	ERIN	ERIN	ERIN	o0900545
1279A	𒞚	127F0	𒟰	EŠDA	EŠDA	ESHDA	ESHDA	o0900546
1279B	𒞛	127F1	𒟱	|EŠDA×TAR~a|	|EŠDA×TAR~a|	ESHDA TIMES TAR-A	ESHDA TIMES TAR-A	o0900547
1279C	𒞜	127F2	𒟲	EŠGAR	EŠGAR	ESHGAR	ESHGAR	o0900548
1279D	𒞝	127F3	𒟳	EZEN~a	EZEN~a	EZEN-A	EZEN-A	o0900550
1279E	𒞞	127F4	𒟴	|EZEN~a×EN~b|	|EZEN~a×EN~b~v1|	EZEN-A TIMES EN-B	EZEN-A TIMES EN-B VARIANT 1	o0900557
1279F	𒞟	127F5	𒟵	|EZEN~a×(HI×1(N57).AN)|	|EZEN~a×(HI×1(N57).AN)|	EZEN-A TIMES HI TIMES ONE-N57 PLUS AN	EZEN-A TIMES HI TIMES ONE-N57 PLUS AN	o0900559
127A0	𒞠	127F6	𒟶	|EZEN~a×KAB|	|EZEN~a×KAB|	EZEN-A TIMES KAB	EZEN-A TIMES KAB	o0900561
127A1	𒞡	F3036	󳀶	|EZEN~a×KAŠ~b|		EZEN-A TIMES KASH-B		o0900563
127A2	𒞢	127F7	𒟷	|EZEN~a×KI|	|EZEN~a×KI|	EZEN-A TIMES KI	EZEN-A TIMES KI	o0900565
127A3	𒞣	127F9	𒟹	|EZEN~a×NIM~b2|	|EZEN~a×NIM~b2|	EZEN-A TIMES NIM-B2	EZEN-A TIMES NIM-B2	o0900573
127A4	𒞤	127FA	𒟺	|EZEN~a×NIMGIR|	|EZEN~a×NIMGIR|	EZEN-A TIMES NIMGIR	EZEN-A TIMES NIMGIR	o0900575
127A5	𒞥	127FB	𒟻	|EZEN~a×RAD~a|	|EZEN~a×RAD~a|	EZEN-A TIMES RAD-A	EZEN-A TIMES RAD-A	o0900577
127A6	𒞦	127FD	𒟽	|EZEN~a×SU~a|	|EZEN~a×SU~a|	EZEN-A TIMES SU-A	EZEN-A TIMES SU-A	o0900581
127A7	𒞧	127FE	𒟾	|EZEN~a×(U₂~b.A)|	|EZEN~a×(U₂~b.A)|	EZEN-A TIMES U2-B PLUS A	EZEN-A TIMES U2-B PLUS A	o0900583
127A8	𒞨	127FF	𒟿	|EZEN~a×U₄|	|EZEN~a×U₄|	EZEN-A TIMES U4	EZEN-A TIMES U4	o0900585
127A9	𒞩	12803	𒠃	EZEN~b	EZEN~b	EZEN-B	EZEN-B	o0900552
127AA	𒞪	12804	𒠄	|EZEN~b×6(N57)|	|EZEN~b×6(N57)|~v1	EZEN-B TIMES SIX-N57	EZEN-B TIMES SIX-N57 VARIANT 1	o0900570
127AB	𒞫	12805	𒠅	EZEN~c	EZEN~b@t	EZEN-C	EZEN-B TENU	o0900554
127AC	𒞬	12806	𒠆	EZINU~a	EZINU~a	EZINU-A	EZINU-A	o0900594
127AD	𒞭	12807	𒠇	EZINU~b	EZINU~b	EZINU-B	EZINU-B	o0900595
127AE	𒞮	12808	𒠈	EZINU~c	EZINU~c	EZINU-C	EZINU-C	o0900596
127AF	𒞯	12809	𒠉	EZINU~d	EZINU~d	EZINU-D	EZINU-D	o0900597
127B0	𒞰	1280A	𒠊	GA~a	GA~a	GA-A	GA-A	o0900599
127B1	𒞱	12811	𒠑	GA~b	GA~b	GA-B	GA-B	o0900604
127B2	𒞲	12812	𒠒	GA~c	GA~c	GA-C	GA-C	o0900605
127B3	𒞳	12813	𒠓	|GA~c×KASKAL|	|GA~c×KASKAL|	GA-C TIMES KASKAL	GA-C TIMES KASKAL	o0900610
127B4	𒞴	12814	𒠔	|GA~c×1(N14)|	|GA~c×1(N14)|	GA-C TIMES ONE-N14	GA-C TIMES ONE-N14	o0900612
127B5	𒞵	12815	𒠕	GA₂~a1	GA₂~a1	GA2-A1	GA2-A1	o0900616
127B6	𒞶	12816	𒠖	|GA₂~a1×A|	|GA₂~a1×A|	GA2-A1 TIMES A	GA2-A1 TIMES A	o0900623
127B7	𒞷	F3039	󳀹	|GA₂~a1×E₂~a|		GA2-A1 TIMES E2-A		o0900628
127B8	𒞸	12817	𒠗	|GA₂~a1×EN~b|	|GA₂~a1×EN~b~v1|	GA2-A1 TIMES EN-B	GA2-A1 TIMES EN-B VARIANT 1	o0900631
127B9	𒞹	F306B	󳁫	|GA₂~a1×GEŠTU~a|		GA2-A1 TIMES GESHTU-A		o0900633
127BA	𒞺	12818	𒠘	|GA₂~a1×GEŠTU~c3|	|GA₂~a1×GEŠTU~c3|	GA2-A1 TIMES GESHTU-C3	GA2-A1 TIMES GESHTU-C3	o0900634
127BB	𒞻	12819	𒠙	|GA₂~a1×GEŠTU~c5|	|GA₂~a1×GEŠTU~c5|	GA2-A1 TIMES GESHTU-C5	GA2-A1 TIMES GESHTU-C5	o0900635
127BC	𒞼	1281A	𒠚	|GA₂~a1×GIR~a|	|GA₂~a1×GIR~a|	GA2-A1 TIMES GIR-A	GA2-A1 TIMES GIR-A	o0900637
127BD	𒞽	1281B	𒠛	|GA₂~a1×(GIR~a.KU₆~a)|	|GA₂~a1×(GIR~a.KU₆~a)|	GA2-A1 TIMES GIR-A PLUS KU6-A	GA2-A1 TIMES GIR-A PLUS KU6-A	o0900639
127BE	𒞾	1281C	𒠜	|GA₂~a1×GIŠ@t|	|GA₂~a1×GIŠ@t|	GA2-A1 TIMES GISH TENU	GA2-A1 TIMES GISH TENU	o0900641
127BF	𒞿	1281D	𒠝	|GA₂~a1×HAL|	|GA₂~a1×HAL|	GA2-A1 TIMES HAL	GA2-A1 TIMES HAL	o0900648
127C0	𒟀	1281E	𒠞	|GA₂~a1×HI|	|GA₂~a1×HI|	GA2-A1 TIMES HI	GA2-A1 TIMES HI	o0900650
127C1	𒟁	12820	𒠠	|GA₂~a1×KU₃~a|	|GA₂~a1×KU₃~a|	GA2-A1 TIMES KU3-A	GA2-A1 TIMES KU3-A	o0900654
127C2	𒟂	12821	𒠡	|GA₂~a1×KU₆~a|	|GA₂~a1×KU₆~a|	GA2-A1 TIMES KU6-A	GA2-A1 TIMES KU6-A	o0900657
127C3	𒟃	12822	𒠢	|GA₂~a1×(KU₆~a.KU₆~a)|	|GA₂~a1×(KU₆~a.KU₆~a)|	GA2-A1 TIMES KU6-A PLUS KU6-A	GA2-A1 TIMES KU6-A PLUS KU6-A	o0900660
127C4	𒟄	12823	𒠣	|GA₂~a1×LAGAB~b|	|GA₂~a1×LAGAB~b|	GA2-A1 TIMES LAGAB-B	GA2-A1 TIMES LAGAB-B	o0900662
127C5	𒟅	12824	𒠤	|GA₂~a1×MAŠ|	|GA₂~a1×MAŠ|	GA2-A1 TIMES MASH	GA2-A1 TIMES MASH	o0900664
127C6	𒟆	12827	𒠧	|GA₂~a1×PAD~b|	|GA₂~a1×PAD~b|	GA2-A1 TIMES PAD-B	GA2-A1 TIMES PAD-B	o0900685
127C7	𒟇	12828	𒠨	|GA₂~a1×PAP~a|	|GA₂~a1×PAP~a|	GA2-A1 TIMES PAP-A	GA2-A1 TIMES PAP-A	o0900687
127C8	𒟈	12829	𒠩	|GA₂~a1×SU~a|	|GA₂~a1×SU~a|	GA2-A1 TIMES SU-A	GA2-A1 TIMES SU-A	o0900689
127C9	𒟉	1282A	𒠪	|GA₂~a1×SUHUR|	|GA₂~a1×SUHUR|	GA2-A1 TIMES SUHUR	GA2-A1 TIMES SUHUR	o0900691
127CA	𒟊	1282B	𒠫	|GA₂~a1×SUKUD|	|GA₂~a1×SUKUD|	GA2-A1 TIMES SUKUD	GA2-A1 TIMES SUKUD	o0900694
127CB	𒟋	1282E	𒠮	|GA₂~a1×SUMAŠ|	|GA₂~a1×SUMAŠ|	GA2-A1 TIMES SUMASH	GA2-A1 TIMES SUMASH	o0900699
127CC	𒟌	1282F	𒠯	|GA₂~a1×ŠA|	|GA₂~a1×ŠA|	GA2-A1 TIMES SHA	GA2-A1 TIMES SHA	o0900701
127CD	𒟍	12830	𒠰	|GA₂~a1×TI|	|GA₂~a1×TI|	GA2-A1 TIMES TI	GA2-A1 TIMES TI	o0900705
127CE	𒟎	12831	𒠱	|GA₂~a1×U₄|	|GA₂~a1×U₄|	GA2-A1 TIMES U4	GA2-A1 TIMES U4	o0900707
127CF	𒟏	12833	𒠳	|GA₂~a1×1(N14)|	|GA₂~a1×1(N14)|	GA2-A1 TIMES ONE-N14	GA2-A1 TIMES ONE-N14	o0900666
127D0	𒟐	12834	𒠴	|GA₂~a1×1(N57)|	|GA₂~a1×1(N57)|	GA2-A1 TIMES ONE-N57	GA2-A1 TIMES ONE-N57	o0900668
127D1	𒟑	12836	𒠶	GA₂~a2	GA₂~a2	GA2-A2	GA2-A2	o0900617
127D2	𒟒	12837	𒠷	|GA₂~a2×GU₄|	|GA₂~a2×GU₄|	GA2-A2 TIMES GU4	GA2-A2 TIMES GU4	o0900644
127D3	𒟓	12838	𒠸	|GA₂~a2×NI~a|	|GA₂~a2×NI~a|	GA2-A2 TIMES NI-A	GA2-A2 TIMES NI-A	o0900677
127D4	𒟔	1283A	𒠺	|GA₂~a2×SUHUR|	|GA₂~a2×SUHUR|	GA2-A2 TIMES SUHUR	GA2-A2 TIMES SUHUR	o0900692
127D5	𒟕	1283B	𒠻	|GA₂~a2×ŠE₃|	|GA₂~a2×ŠE₃~v1|	GA2-A2 TIMES SHE3	GA2-A2 TIMES SHE3 VARIANT 1	o0900703
127D6	𒟖	1283C	𒠼	|GA₂~a2×(ŠE₃.GU₄)|	|GA₂~a2×(ŠE₃~v1.GU₄)|	GA2-A2 TIMES SHE3 PLUS GU4	GA2-A2 TIMES SHE3 VARIANT 1 PLUS GU4	o0900646
127D7	𒟗	1283E	𒠾	GA₂~a3	GA₂~a3	GA2-A3	GA2-A3	o0900618
127D8	𒟘	12840	𒡀	GA₂~a4	GA₂~a4	GA2-A4	GA2-A4	o0900619
127D9	𒟙	12841	𒡁	GA₂~b	GA₂~b	GA2-B	GA2-B	o0900620
127DA	𒟚	12842	𒡂	|GA₂~b×DUB~a|	|GA₂~b×DUB~a|	GA2-B TIMES DUB-A	GA2-B TIMES DUB-A	o0900625
127DB	𒟛	12843	𒡃	|GA₂~b×DUB~b|	|GA₂~b×DUB~b~v2|	GA2-B TIMES DUB-B	GA2-B TIMES DUB-B VARIANT 2	o0900626
127DC	𒟜	F306C	󳁬	|GA₂~b×KU₆~a|		GA2-B TIMES KU6-A		o0900658
127DD	𒟝	12845	𒡅	|GA₂~b×ZATU659|	|GA₂~b×ZATU659|	GA2-B TIMES ZATU659	GA2-B TIMES ZATU659	o0900715
127DE	𒟞	12846	𒡆	GA₂~c	GA₂~c	GA2-C	GA2-C	o0900621
127DF	𒟟	12847	𒡇	GAʾAR~a1	GAʾAR~a1	GAAR-A1	GAAR-A1	o0900719
127E0	𒟠	12848	𒡈	GAʾAR~a2	GAʾAR~a2	GAAR-A2	GAAR-A2	o0900720
127E1	𒟡	12849	𒡉	GAʾAR~b1	GAʾAR~b1	GAAR-B1	GAAR-B1	o0900721
127E2	𒟢	1284A	𒡊	GAʾAR~b2	GAʾAR~b2	GAAR-B2	GAAR-B2	o0900722
127E3	𒟣	1284B	𒡋	GADA~a	GADA~a	GADA-A	GADA-A	o0900724
127E4	𒟤	1284D	𒡍	GADA~b@g	GADA~b@g	GADA-B GUNU	GADA-B GUNU	o0900727
127E5	𒟥	1284E	𒡎	GAL~a	GAL~a	GAL-A	GAL-A	o0900729
127E6	𒟦	1284F	𒡏	GAL~b	GAL~b	GAL-B	GAL-B	o0900730
127E7	𒟧	12850	𒡐	GALGA~a	GALGA~a	GALGA-A	GALGA-A	o0900732
127E8	𒟨	12852	𒡒	GAN~a	GAN~a	GAN-A	GAN-A	o0900736
127E9	𒟩	12854	𒡔	GAN~b	GAN~b	GAN-B	GAN-B	o0900738
127EA	𒟪	12858	𒡘	GAN~c	GAN~c	GAN-C	GAN-C	o0900742
127EB	𒟫	12859	𒡙	|GAN~c×DIN|	|GAN~c×DIN|	GAN-C TIMES DIN	GAN-C TIMES DIN	o0900747
127EC	𒟬	1285A	𒡚	|GAN~c×HI|	|GAN~c×HI|	GAN-C TIMES HI	GAN-C TIMES HI	o0900751
127ED	𒟭	1285B	𒡛	|GAN~c×(HI.DIN)|	|GAN~c×(HI.DIN)|	GAN-C TIMES HI PLUS DIN	GAN-C TIMES HI PLUS DIN	o0900755
127EE	𒟮	1285C	𒡜	|GAN~c×LAGAB~b|	|GAN~c×LAGAB~b|	GAN-C TIMES LAGAB-B	GAN-C TIMES LAGAB-B	o0900761
127EF	𒟯	1285E	𒡞	|GAN~c×SIG₇|	|GAN~c×SIG₇|	GAN-C TIMES SIG7	GAN-C TIMES SIG7	o0900767
127F0	𒟰	F303A	󳀺	|GAN~c×(4(N57).GAR)|		GAN-C TIMES FOUR-N57 PLUS GAR		o0900763
127F1	𒟱	12861	𒡡	|GAN~c×KAŠ~c|	|GAN~c~v1×KAŠ~c|	GAN-C TIMES KASH-C	GAN-C VARIANT 1 TIMES KASH-C	o0900757
127F2	𒟲	12862	𒡢	|GAN~c×(KUR~a.A)|	|GAN~c~v1×(KUR~a.A)|	GAN-C TIMES KUR-A PLUS A	GAN-C VARIANT 1 TIMES KUR-A PLUS A	o0900759
127F3	𒟳	12863	𒡣	|GAN~c×ZATU777|	|GAN~c~v1×ZATU777~v1|	GAN-C TIMES ZATU777	GAN-C VARIANT 1 TIMES ZATU777 VARIANT 1	o0900775
127F4	𒟴	12866	𒡦	|GAN~d×GEŠTU~a|	|GAN~d×GEŠTU~a~v2|	GAN-D TIMES GESHTU-A	GAN-D TIMES GESHTU-A VARIANT 2	o0900749
127F5	𒟵	12867	𒡧	GAN₂	GAN₂	GAN2	GAN2	o0900778
127F6	𒟶	12868	𒡨	GAR	GAR	GAR	GAR	o0900779
127F7	𒟷	12869	𒡩	GAR@g~a	GAR@g~a	GAR GUNU-A	GAR GUNU-A	o0900781
127F8	𒟸	1286A	𒡪	GAR@g~b	GAR@g~b	GAR GUNU-B	GAR GUNU-B	o0900782
127F9	𒟹	1286B	𒡫	GAR@g~c	GAR@g~c	GAR GUNU-C	GAR GUNU-C	o0900783
127FA	𒟺	1286C	𒡬	GAR₃	GAR₃	GAR3	GAR3	o0900784
127FB	𒟻	1286D	𒡭	GARA₂~a	GARA₂~a	GARA2-A	GARA2-A	o0900786
127FC	𒟼	1286F	𒡯	GAZI	GAZI	GAZI	GAZI	o0900788
127FD	𒟽	12870	𒡰	GEŠTIN~a	GEŠTIN~a	GESHTIN-A	GESHTIN-A	o0900790
127FE	𒟾	F306E	󳁮	GEŠTIN~d		GESHTIN-D		o0900792
127FF	𒟿	F306F	󳁯	GEŠTIN~e		GESHTIN-E		o0900793
12800	𒠀	12871	𒡱	GEŠTU~a	GEŠTU~a	GESHTU-A	GESHTU-A	o0900797
12801	𒠁	12874	𒡴	GEŠTU~b	GEŠTU~b	GESHTU-B	GESHTU-B	o0900800
12802	𒠂	12875	𒡵	GEŠTU~c3	GEŠTU~c3	GESHTU-C3	GESHTU-C3	o0900801
12803	𒠃	12877	𒡷	GEŠTU~c5	GEŠTU~c5	GESHTU-C5	GESHTU-C5	o0900803
12804	𒠄	12878	𒡸	GI	GI	GI	GI	o0900806
12805	𒠅	F303B	󳀻	|GI×A|		GI TIMES A		o0900809
12806	𒠆	12879	𒡹	|GI×KU~b1|	|GI×KU~b1|	GI TIMES KU-B1	GI TIMES KU-B1	o0900812
12807	𒠇	1287A	𒡺	|GI×NAM₂|	|GI×NAM₂|	GI TIMES NAM2	GI TIMES NAM2	o0900817
12808	𒠈	1287B	𒡻	|GI×SIG₂~d1|	|GI×SIG₂~d1|	GI TIMES SIG2-D1	GI TIMES SIG2-D1	o0900819
12809	𒠉	1287C	𒡼	|GI×ŠE₃|	|GI×ŠE₃~v1|	GI TIMES SHE3	GI TIMES SHE3 VARIANT 1	o0900820
1280A	𒠊	1287E	𒡾	|GI×1(N58@t)|	|GI×1(N58@t)|	GI TIMES ONE-N58 TENU	GI TIMES ONE-N58 TENU	o0900816
1280B	𒠋	1287F	𒡿	|GI&GI|	|GI&GI|	GI OVER GI	GI OVER GI	o0900822
1280C	𒠌	12880	𒢀	|(GI&GI)×GIŠ@t|	|(GI&GI)×GIŠ@t|	GI OVER GI TIMES GISH TENU	GI OVER GI TIMES GISH TENU	o0900823
1280D	𒠍	12885	𒢅	|GI×GIŠ@t|	|GI~v1×GIŠ@t|	GI TIMES GISH TENU	GI VARIANT 1 TIMES GISH TENU	o0900810
1280E	𒠎	12886	𒢆	|GI×LAGAB~a|	|GI~v1×LAGAB~a|	GI TIMES LAGAB-A	GI VARIANT 1 TIMES LAGAB-A	o0900814
1280F	𒠏	12887	𒢇	|GI×1(N14)|	|GI~v1×1(N14)|	GI TIMES ONE-N14	GI VARIANT 1 TIMES ONE-N14	o0900815
12810	𒠐	12888	𒢈	|GI&GI&GI|	|GI~v1&GI~v1&GI~v1|	GI OVER GI OVER GI	GI VARIANT 1 OVER GI VARIANT 1 OVER GI VARIANT 1	o0900826
12811	𒠑	12883	𒢃	GI@t	GI@t	GI TENU	GI TENU	o0900827
12812	𒠒	12889	𒢉	GI₄~a	GI₄~a	GI4-A	GI4-A	o0900829
12813	𒠓	1288A	𒢊	|GI₄~a×A|	|GI₄~a×A|	GI4-A TIMES A	GI4-A TIMES A	o0900832
12814	𒠔	1288C	𒢌	GI₄~b	GI₄~b	GI4-B	GI4-B	o0900830
12815	𒠕	1288D	𒢍	|GI₄~b&GI₄~b|	|GI₄~b&GI₄~b|	GI4-B OVER GI4-B	GI4-B OVER GI4-B	o0900835
12816	𒠖	1288E	𒢎	GI₆	GI₆	GI6	GI6	o0900836
12817	𒠗	12890	𒢐	GIBIL	GIBIL	GIBIL	GIBIL	o0900839
12818	𒠘	12892	𒢒	GIBIL₆	GIBIL₆	GIBIL6	GIBIL6	o0900841
12819	𒠙	12893	𒢓	GIR~a	GIR~a	GIR-A	GIR-A	o0900845
1281A	𒠚	12895	𒢕	GIR~b	GIR~b	GIR-B	GIR-B	o0900846
1281B	𒠛	12898	𒢘	GIR~c	GIR~c	GIR-C	GIR-C	o0900848
1281C	𒠜	1289A	𒢚	GIR₂~a	GIR₂~a	GIR2-A	GIR2-A	o0900855
1281D	𒠝	1289C	𒢜	GIR₃~a	GIR₃~a	GIR3-A	GIR3-A	o0900858
1281E	𒠞	1289D	𒢝	|GIR₃~a×ŠE~b|	|GIR₃~a×ŠE~b|	GIR3-A TIMES SHE-B	GIR3-A TIMES SHE-B	o0900864
1281F	𒠟	1289E	𒢞	GIR₃~b	GIR₃~b	GIR3-B	GIR3-B	o0900859
12820	𒠠	1289F	𒢟	GIR₃~c	GIR₃~c	GIR3-C	GIR3-C	o0900860
12821	𒠡	128A1	𒢡	|GIR₃~c×ŠE₃|	|GIR₃~c×ŠE₃~v1|	GIR3-C TIMES SHE3	GIR3-C TIMES SHE3 VARIANT 1	o0900866
12822	𒠢	128A2	𒢢	GIR₃@g~a	GIR₃@g~a	GIR3 GUNU-A	GIR3 GUNU-A	o0900869
12823	𒠣	128A3	𒢣	GIR₃@g~b	GIR₃@g~b	GIR3 GUNU-B	GIR3 GUNU-B	o0900870
12824	𒠤	128A4	𒢤	GIR₃@g~c	GIR₃@g~c	GIR3 GUNU-C	GIR3 GUNU-C	o0900871
12825	𒠥	128A5	𒢥	GISAL~a	GISAL~a	GISAL-A	GISAL-A	o0900873
12826	𒠦	128A6	𒢦	GISAL~b	GISAL~b	GISAL-B	GISAL-B	o0900874
12827	𒠧	128A7	𒢧	GIŠ	GIŠ	GISH	GISH	o0900875
12828	𒠨	128A9	𒢩	|(GIŠ×(DIN.DIN))~a|	|(GIŠ×(DIN.DIN))~a|	GISH TIMES DIN PLUS DIN FORM A	GISH TIMES DIN PLUS DIN FORM A	o0900879
12829	𒠩	128AA	𒢪	|(GIŠ×(DIN.DIN))~b|	|(GIŠ×(DIN.DIN))~b|	GISH TIMES DIN PLUS DIN FORM B	GISH TIMES DIN PLUS DIN FORM B	o0900880
1282A	𒠪	128AB	𒢫	|(GIŠ×(DIN.DIN))~c|	|(GIŠ×(DIN.DIN))~c|	GISH TIMES DIN PLUS DIN FORM C	GISH TIMES DIN PLUS DIN FORM C	o0900881
1282B	𒠫	128AC	𒢬	|(GIŠ×ŠU₂)~a|	|GIŠ×ŠU₂~a|	GISH TIMES SHU2 FORM A	GISH TIMES SHU2-A	o0900883
1282C	𒠬	128AD	𒢭	|(GIŠ×ŠU₂)~b|	|GIŠ×ŠU₂~b|	GISH TIMES SHU2 FORM B	GISH TIMES SHU2-B	o0900884
1282D	𒠭	128AE	𒢮	GIŠ@t	GIŠ@t	GISH TENU	GISH TENU	o0900885
1282E	𒠮	128AF	𒢯	GIŠ₃~a	GIŠ₃~a	GISH3-A	GISH3-A	o0900889
1282F	𒠯	128B0	𒢰	|GIŠ₃~a&GIŠ₃~a|	|GIŠ₃~a&GIŠ₃~a|	GISH3-A OVER GISH3-A	GISH3-A OVER GISH3-A	o0900892
12830	𒠰	128B1	𒢱	GIŠ₃~b	GIŠ₃~b	GISH3-B	GISH3-B	o0900890
12831	𒠱	128B2	𒢲	GIŠGAL	GIŠGAL	GISHGAL	GISHGAL	o0900893
12832	𒠲	128B4	𒢴	GIŠIMMAR~a1	GIŠIMMAR~a1	GISHIMMAR-A1	GISHIMMAR-A1	o0900896
12833	𒠳	128B5	𒢵	GIŠIMMAR~a2	GIŠIMMAR~a2	GISHIMMAR-A2	GISHIMMAR-A2	o0900897
12834	𒠴	128B6	𒢶	GIŠIMMAR~a3	GIŠIMMAR~a3	GISHIMMAR-A3	GISHIMMAR-A3	o0900898
12835	𒠵	128B7	𒢷	GIŠIMMAR~b1	GIŠIMMAR~b1	GISHIMMAR-B1	GISHIMMAR-B1	o0900899
12836	𒠶	F3070	󳁰	GIŠIMMAR~b2		GISHIMMAR-B2		o0900902
12837	𒠷	128BA	𒢺	GIŠIMMAR~b3	GIŠIMMAR~b3	GISHIMMAR-B3	GISHIMMAR-B3	o0900903
12838	𒠸	128BC	𒢼	GU	GU	GU	GU	o0900906
12839	𒠹	128BD	𒢽	GU₂	GU₂	GU2	GU2	o0900907
1283A	𒠺	128BE	𒢾	GU₄	GU₄	GU4	GU4	o0900908
1283B	𒠻	128C0	𒣀	GU₄@g	GU₄@g	GU4 GUNU	GU4 GUNU	o0900914
1283C	𒠼	128C2	𒣂	GU₇	GU₇	GU7	GU7	o0900912
1283D	𒠽	128C4	𒣄	GUB₃~a	GUB₃~a	GUB3-A	GUB3-A	o0900916
1283E	𒠾	128C5	𒣅	GUB₃~b	GUB₃~b	GUB3-B	GUB3-B	o0900917
1283F	𒠿	128C6	𒣆	GUB₃~c	GUB₃~c	GUB3-C	GUB3-C	o0900918
12840	𒡀	128C7	𒣇	GUB₃~d	GUB₃~d	GUB3-D	GUB3-D	o0900919
12841	𒡁	128C8	𒣈	GUG₂	GUG₂	GUG2	GUG2	o0900920
12842	𒡂	128CB	𒣋	|GUG₂×SILA₃~a|	|GUG₂~v1×SILA₃~a|	GUG2 TIMES SILA3-A	GUG2 VARIANT 1 TIMES SILA3-A	o0900923
12843	𒡃	128CC	𒣌	|GUG₂×TUR|	|GUG₂~v1×TUR~v1|	GUG2 TIMES TUR	GUG2 VARIANT 1 TIMES TUR VARIANT 1	o0900926
12844	𒡄	128CD	𒣍	GUKKAL~a	GUKKAL~a	GUKKAL-A	GUKKAL-A	o0900929
12845	𒡅	128CF	𒣏	GUKKAL~b	GUKKAL~b	GUKKAL-B	GUKKAL-B	o0900930
12846	𒡆	128D0	𒣐	GUKKAL~c	GUKKAL~c	GUKKAL-C	GUKKAL-C	o0900931
12847	𒡇	128D1	𒣑	GUKKAL~d	GUKKAL~d	GUKKAL-D	GUKKAL-D	o0900932
12848	𒡈	128D2	𒣒	GUL	GUL	GUL	GUL	o0900935
12849	𒡉	128D3	𒣓	GUM~a	GUM~a	GUM-A	GUM-A	o0900937
1284A	𒡊	128D4	𒣔	GUM~b	GUM~b	GUM-B	GUM-B	o0900938
1284B	𒡋	128D5	𒣕	GUM~b@n	GUM~b@n	GUM-B NUTILLU	GUM-B NUTILLU	o0900941
1284C	𒡌	128D8	𒣘	GUN₃~a	GUN₃~a	GUN3-A	GUN3-A	o0900944
1284D	𒡍	128D9	𒣙	GUN₃~b	GUN₃~b	GUN3-B	GUN3-B	o0900945
1284E	𒡎	128DA	𒣚	GUR	GUR	GUR	GUR	o0900946
1284F	𒡏	128DB	𒣛	GURUŠ~a	GURUŠ~a	GURUSH-A	GURUSH-A	o0900948
12850	𒡐	128DC	𒣜	|GURUŠ~a×2(N14)|	|GURUŠ~a×2(N14)|	GURUSH-A TIMES TWO-N14	GURUSH-A TIMES TWO-N14	o0900952
12851	𒡑	128DE	𒣞	GURUŠ~b	GURUŠ~b	GURUSH-B	GURUSH-B	o0900950
12852	𒡒	128DF	𒣟	|GURUŠ~b×2(N14)|	|GURUŠ~b×2(N14)|	GURUSH-B TIMES TWO-N14	GURUSH-B TIMES TWO-N14	o0900953
12853	𒡓	128E0	𒣠	|GURUŠ~c×2(N14)|	|GURUŠ~c×2(N14)|	GURUSH-C TIMES TWO-N14	GURUSH-C TIMES TWO-N14	o0900954
12854	𒡔	128E1	𒣡	GURUŠDA	GURUŠDA	GURUSHDA	GURUSHDA	o0900955
12855	𒡕	128E2	𒣢	HAL	HAL	HAL	HAL	o0900956
12856	𒡖	128E3	𒣣	HALUB	HALUB	HALUB	HALUB	o0900957
12857	𒡗	128E4	𒣤	HAŠHUR	HAŠHUR	HASHHUR	HASHHUR	o0900958
12858	𒡘	128E5	𒣥	|HAŠHUR×MA|	|HAŠHUR×MA|	HASHHUR TIMES MA	HASHHUR TIMES MA	o0900959
12859	𒡙	128E6	𒣦	HI	HI	HI	HI	o0900960
1285A	𒡚	F300F	󳀏	|HI×HI|		HI TIMES HI		o0903383
1285B	𒡛	128EA	𒣪	|HI×LAGAB~a|	|HI×LAGAB~a|	HI TIMES LAGAB-A	HI TIMES LAGAB-A	o0900966
1285C	𒡜	128EC	𒣬	|HI×1(N57)|	|HI×1(N57)|	HI TIMES ONE-N57	HI TIMES ONE-N57	o0900968
1285D	𒡝	F3092	󳂒	|(HI×1(N57))&(HI×1(N57))|		HI TIMES ONE-N57 OVER HI TIMES ONE-N57		o0903408
1285E	𒡞	128EE	𒣮	|HI×1(N57@t)|	|HI×1(N57@t)|	HI TIMES ONE-N57 TENU	HI TIMES ONE-N57 TENU	o0900970
1285F	𒡟	128F0	𒣰	HI@g~a	HI@g~a	HI GUNU-A	HI GUNU-A	o0900976
12860	𒡠	128F1	𒣱	HI@g~b	HI@g~b	HI GUNU-B	HI GUNU-B	o0900977
12861	𒡡	128F2	𒣲	HI@g~c	HI@g~c	HI GUNU-C	HI GUNU-C	o0900978
12862	𒡢	128F3	𒣳	I	I	I	I	o0900981
12863	𒡣	128F4	𒣴	IB~a	IB~a	IB-A	IB-A	o0900983
12864	𒡤	128F5	𒣵	IB~a@n	IB~a@n	IB-A NUTILLU	IB-A NUTILLU	o0900987
12865	𒡥	128F6	𒣶	IB~b	IB~b	IB-B	IB-B	o0900984
12866	𒡦	F3072	󳁲	IB~c		IB-C		o0900985
12867	𒡧	128F7	𒣷	IDIGNA	IDIGNA	IDIGNA	IDIGNA	o0900988
12868	𒡨	128F9	𒣹	IG~a	IG~a	IG-A	IG-A	o0900991
12869	𒡩	128FA	𒣺	IG~b	IG~b	IG-B	IG-B	o0900992
1286A	𒡪	128FB	𒣻	IL	IL	IL	IL	o0900995
1286B	𒡫	128FC	𒣼	ILDUM~a	ILDUM~a	ILDUM-A	ILDUM-A	o0900997
1286C	𒡬	128FD	𒣽	ILDUM~b	ILDUM~b	ILDUM-B	ILDUM-B	o0900998
1286D	𒡭	128FE	𒣾	IM~a	IM~a	IM-A	IM-A	o0901000
1286E	𒡮	128FF	𒣿	IM~b	IM~b	IM-B	IM-B	o0901001
1286F	𒡯	12900	𒤀	IN~b	IN~b	IN-B	IN-B	o0901005
12870	𒡰	12902	𒤂	IN~d	IN~d	IN-D	IN-D	o0901007
12871	𒡱	12903	𒤃	IR~a	IR~a	IR-A	IR-A	o0901009
12872	𒡲	12905	𒤅	IR~b	IR~b	IR-B	IR-B	o0901010
12873	𒡳	12906	𒤆	IR~c	IR~c	IR-C	IR-C	o0901011
12874	𒡴	12907	𒤇	IR~d	IR~d	IR-D	IR-D	o0901012
12875	𒡵	12908	𒤈	IR₁₁	IR₁₁	IR11	IR11	o0901016
12876	𒡶	1290A	𒤊	IRHAN	IRHAN	IRHAN	IRHAN	o0901018
12877	𒡷	1290B	𒤋	IŠ~a	IŠ~a	ISH-A	ISH-A	o0901020
12878	𒡸	1290D	𒤍	IŠ~b	IŠ~b	ISH-B	ISH-B	o0901022
12879	𒡹	12913	𒤓	IŠ~c	IŠ~c	ISH-C	ISH-C	o0901028
1287A	𒡺	12914	𒤔	KA~a	KA~a	KA-A	KA-A	o0901030
1287B	𒡻	12915	𒤕	|KA~a×SAR~a|	|KA~a×SAR~a|	KA-A TIMES SAR-A	KA-A TIMES SAR-A	o0901036
1287C	𒡼	12918	𒤘	KA₂~a	KA₂~a	KA2-A	KA2-A	o0901038
1287D	𒡽	12919	𒤙	KA₂~b	KA₂~b	KA2-B	KA2-B	o0901039
1287E	𒡾	1291B	𒤛	|KA₂~d×LAM~b|	|KA₂~d×LAM~b~v2|	KA2-D TIMES LAM-B	KA2-D TIMES LAM-B VARIANT 2	o0901043
1287F	𒡿	1291C	𒤜	KAB	KAB	KAB	KAB	o0901044
12880	𒢀	1291E	𒤞	KAD₄~a	KAD₄~a	KAD4-A	KAD4-A	o0901047
12881	𒢁	1291F	𒤟	KAD₄~b	KAD₄~b	KAD4-B	KAD4-B	o0901048
12882	𒢂	12922	𒤢	KAK~a	KAK~a	KAK-A	KAK-A	o0901052
12883	𒢃	12924	𒤤	KAK~b	KAK~b	KAK-B	KAK-B	o0901053
12884	𒢄	12925	𒤥	KAL~a	KAL~a	KAL-A	KAL-A	o0901057
12885	𒢅	12926	𒤦	KAL~b1	KAL~b1	KAL-B1	KAL-B1	o0901058
12886	𒢆	12928	𒤨	KAL~b2	KAL~b2	KAL-B2	KAL-B2	o0901060
12887	𒢇	12929	𒤩	KALAM~a	KALAM~a	KALAM-A	KALAM-A	o0901062
12888	𒢈	1292A	𒤪	KALAM~b	KALAM~b	KALAM-B	KALAM-B	o0901063
12889	𒢉	1292B	𒤫	KALAM~c	KALAM~c	KALAM-C	KALAM-C	o0901064
1288A	𒢊	1292C	𒤬	KALAM~d	KALAM~d	KALAM-D	KALAM-D	o0901065
1288B	𒢋	1292D	𒤭	KALAM~e	KALAM~e	KALAM-E	KALAM-E	o0901066
1288C	𒢌	1292E	𒤮	KALAM~f	KALAM~f	KALAM-F	KALAM-F	o0901067
1288D	𒢍	F303C	󳀼	KALAM~g		KALAM-G		o0901068
1288E	𒢎	F303D	󳀽	KALAM~h		KALAM-H		o0901069
1288F	𒢏	F303E	󳀾	KALAM~h2		KALAM-H2		o0901070
12890	𒢐	1292F	𒤯	KAR	KAR	KAR	KAR	o0901071
12891	𒢑	12930	𒤰	KAR₂~a	KAR₂~a	KAR2-A	KAR2-A	o0901073
12892	𒢒	12931	𒤱	KAR₂~b	KAR₂~b	KAR2-B	KAR2-B	o0901074
12893	𒢓	12932	𒤲	KASKAL	KASKAL	KASKAL	KASKAL	o0901075
12894	𒢔	12934	𒤴	KAŠ~a	KAŠ~a	KASH-A	KASH-A	o0901078
12895	𒢕	12936	𒤶	KAŠ~b	KAŠ~b	KASH-B	KASH-B	o0901080
12896	𒢖	12939	𒤹	|KAŠ~b×ŠE~a@t|	|KAŠ~b~v1×ŠE~a@t~v1|	KASH-B TIMES SHE-A TENU	KASH-B VARIANT 1 TIMES SHE-A TENU VARIANT 1	o0901086
12897	𒢗	1293A	𒤺	KAŠ~c	KAŠ~c	KASH-C	KASH-C	o0901082
12898	𒢘	1293B	𒤻	KAŠ~d	KAŠ~d	KASH-D	KASH-D	o0901083
12899	𒢙	1293C	𒤼	KI	KI	KI	KI	o0901090
1289A	𒢚	1293D	𒤽	KI@n	KI@n	KI NUTILLU	KI NUTILLU	o0901091
1289B	𒢛	1293E	𒤾	|KI@n×DUB~a|	|KI@n×DUB~a|	KI NUTILLU TIMES DUB-A	KI NUTILLU TIMES DUB-A	o0901093
1289C	𒢜	1293F	𒤿	KIB	KIB	KIB	KIB	o0901094
1289D	𒢝	12940	𒥀	KIB@g	KIB@g	KIB GUNU	KIB GUNU	o0901095
1289E	𒢞	12941	𒥁	KID~a	KID~a	KID-A	KID-A	o0901097
1289F	𒢟	12942	𒥂	KID~b	KID~b	KID-B	KID-B	o0901098
128A0	𒢠	12943	𒥃	KID~c	KID~c	KID-C	KID-C	o0901099
128A1	𒢡	12944	𒥄	KID~d	KID~d	KID-D	KID-D	o0901100
128A2	𒢢	12945	𒥅	KID~e	KID~e	KID-E	KID-E	o0901101
128A3	𒢣	12946	𒥆	KIN	KIN	KIN	KIN	o0901102
128A4	𒢤	12947	𒥇	KIN₂~a	KIN₂~a	KIN2-A	KIN2-A	o0901104
128A5	𒢥	F3073	󳁳	KIN₂~b		KIN2-B		o0901105
128A6	𒢦	12948	𒥈	KIN₂~c	KIN₂~c	KIN2-C	KIN2-C	o0901106
128A7	𒢧	12949	𒥉	KIN₂~d	KIN₂~d	KIN2-D	KIN2-D	o0901107
128A8	𒢨	1294A	𒥊	KIN₂~e	KIN₂~e	KIN2-E	KIN2-E	o0901108
128A9	𒢩	1294B	𒥋	KINGAL	KINGAL	KINGAL	KINGAL	o0901109
128AA	𒢪	1294D	𒥍	KIR₁₁	KIR₁₁	KIR11	KIR11	o0901111
128AB	𒢫	1294E	𒥎	KISAL~a1	KISAL~a1	KISAL-A1	KISAL-A1	o0901113
128AC	𒢬	12950	𒥐	KISAL~b1	KISAL~b1	KISAL-B1	KISAL-B1	o0901115
128AD	𒢭	12951	𒥑	KISAL~b2	KISAL~b2	KISAL-B2	KISAL-B2	o0901116
128AE	𒢮	12952	𒥒	KISAL~b2@t	KISAL~b2@t	KISAL-B2 TENU	KISAL-B2 TENU	o0901120
128AF	𒢯	12953	𒥓	KISAL~b3	KISAL~b3	KISAL-B3	KISAL-B3	o0901117
128B0	𒢰	12954	𒥔	KISIM~a	KISIM~a	KISIM-A	KISIM-A	o0901122
128B1	𒢱	12955	𒥕	KISIM~b	KISIM~b	KISIM-B	KISIM-B	o0901123
128B2	𒢲	12959	𒥙	KISIM~c	KISIM~c	KISIM-C	KISIM-C	o0901127
128B3	𒢳	1295A	𒥚	KIŠ	KIŠ	KISH	KISH	o0901128
128B4	𒢴	1295C	𒥜	KIŠIK~a	KIŠIK~a	KISHIK-A	KISHIK-A	o0901131
128B5	𒢵	1295D	𒥝	KIŠIK~b	KIŠIK~b	KISHIK-B	KISHIK-B	o0901132
128B6	𒢶	1295E	𒥞	KITI	KITI	KITI	KITI	o0901133
128B7	𒢷	12960	𒥠	KU~a	KU~a	KU-A	KU-A	o0901136
128B8	𒢸	12961	𒥡	KU~b1	KU~b1	KU-B1	KU-B1	o0901137
128B9	𒢹	12962	𒥢	KU~b2	KU~b2	KU-B2	KU-B2	o0901138
128BA	𒢺	12963	𒥣	KU₃~a	KU₃~a	KU3-A	KU3-A	o0901142
128BB	𒢻	12964	𒥤	KU₃~c	KU₃~c	KU3-C	KU3-C	o0901143
128BC	𒢼	12965	𒥥	KU₆~a	KU₆~a	KU6-A	KU6-A	o0901145
128BD	𒢽	12968	𒥨	|KU₆~a+KU₆~a|	|KU₆~a+KU₆~a|	KU6-A JOINING KU6-A	KU6-A JOINING KU6-A	o0901153
128BE	𒢾	1296A	𒥪	KU₆~c	KU₆~c	KU6-C	KU6-C	o0901146
128BF	𒢿	1296C	𒥬	KUR~a	KUR~a	KUR-A	KUR-A	o0901158
128C0	𒣀	1296F	𒥯	KUR~b	KUR~b	KUR-B	KUR-B	o0901159
128C1	𒣁	12971	𒥱	KUR~c	KUR~c	KUR-C	KUR-C	o0901160
128C2	𒣂	12974	𒥴	KUR@g~a	KUR@g~a	KUR GUNU-A	KUR GUNU-A	o0901169
128C3	𒣃	12975	𒥵	KUR@g~b	KUR@g~b	KUR GUNU-B	KUR GUNU-B	o0901170
128C4	𒣄	12976	𒥶	KUŠU₂~a	KUŠU₂~a	KUSHU2-A	KUSHU2-A	o0901172
128C5	𒣅	12977	𒥷	KUŠU₂~b	KUŠU₂~b	KUSHU2-B	KUSHU2-B	o0901173
128C6	𒣆	12978	𒥸	KUŠU₂~c	KUŠU₂~c	KUSHU2-C	KUSHU2-C	o0901174
128C7	𒣇	12979	𒥹	KUŠU₂~d	KUŠU₂~d	KUSHU2-D	KUSHU2-D	o0901175
128C8	𒣈	1297A	𒥺	KUŠU₂~e	KUŠU₂~e	KUSHU2-E	KUSHU2-E	o0901176
128C9	𒣉	1297B	𒥻	KUŠU₂~f	KUŠU₂~f	KUSHU2-F	KUSHU2-F	o0901177
128CA	𒣊	1297C	𒥼	LA~b	LA~b	LA-B	LA-B	o0901179
128CB	𒣋	1297E	𒥾	LA~d	LA~d	LA-D	LA-D	o0901181
128CC	𒣌	1297F	𒥿	LA₂	LA₂	LA2	LA2	o0901184
128CD	𒣍	12980	𒦀	LAGAB~a	LAGAB~a	LAGAB-A	LAGAB-A	o0901186
128CE	𒣎	12983	𒦃	|LAGAB~a×DU₆~a|	|LAGAB~a×DU₆~a~v1|	LAGAB-A TIMES DU6-A	LAGAB-A TIMES DU6-A VARIANT 1	o0901197
128CF	𒣏	12985	𒦅	|LAGAB~a×KU₆~a|	|LAGAB~a×KU₆~a|	LAGAB-A TIMES KU6-A	LAGAB-A TIMES KU6-A	o0901207
128D0	𒣐	12986	𒦆	|LAGAB~a×(KU₆~a+KU₆~a)|	|LAGAB~a×(KU₆~a+KU₆~a)|	LAGAB-A TIMES KU6-A JOINING KU6-A	LAGAB-A TIMES KU6-A JOINING KU6-A	o0901209
128D1	𒣑	12987	𒦇	|LAGAB~a×KUŠU₂~a@t|	|LAGAB~a×KUŠU₂~a@t|	LAGAB-A TIMES KUSHU2-A TENU	LAGAB-A TIMES KUSHU2-A TENU	o0901213
128D2	𒣒	12989	𒦉	|LAGAB~a×ME~a|	|LAGAB~a×ME~a|	LAGAB-A TIMES ME-A	LAGAB-A TIMES ME-A	o0901219
128D3	𒣓	1298A	𒦊	|LAGAB~a×NUN~b|	|LAGAB~a×NUN~b|	LAGAB-A TIMES NUN-B	LAGAB-A TIMES NUN-B	o0901229
128D4	𒣔	1298B	𒦋	|LAGAB~a×PA~a|	|LAGAB~a×PA~a|	LAGAB-A TIMES PA-A	LAGAB-A TIMES PA-A	o0901231
128D5	𒣕	1298D	𒦍	|LAGAB~a×SIG₇|	|LAGAB~a×SIG₇~v1|	LAGAB-A TIMES SIG7	LAGAB-A TIMES SIG7 VARIANT 1	o0901237
128D6	𒣖	1298E	𒦎	|LAGAB~a×SU~a|	|LAGAB~a×SU~a|	LAGAB-A TIMES SU-A	LAGAB-A TIMES SU-A	o0901239
128D7	𒣗	1298F	𒦏	|LAGAB~a×ŠA|	|LAGAB~a×ŠA|	LAGAB-A TIMES SHA	LAGAB-A TIMES SHA	o0901243
128D8	𒣘	12990	𒦐	|LAGAB~a×ŠITA~a1|	|LAGAB~a×ŠITA~a1|	LAGAB-A TIMES SHITA-A1	LAGAB-A TIMES SHITA-A1	o0901245
128D9	𒣙	12991	𒦑	|LAGAB~a×TI|	|LAGAB~a×TI|	LAGAB-A TIMES TI	LAGAB-A TIMES TI	o0901248
128DA	𒣚	12992	𒦒	|LAGAB~a×U₄|	|LAGAB~a×U₄|	LAGAB-A TIMES U4	LAGAB-A TIMES U4	o0901250
128DB	𒣛	12993	𒦓	|LAGAB~a×UB|	|LAGAB~a×UB|	LAGAB-A TIMES UB	LAGAB-A TIMES UB	o0901253
128DC	𒣜	12995	𒦕	|LAGAB~a×ZATU753|	|LAGAB~a×ZATU753|	LAGAB-A TIMES ZATU753	LAGAB-A TIMES ZATU753	o0901258
128DD	𒣝	12996	𒦖	|LAGAB~a×2(N14)|	|LAGAB~a×2(N14)|	LAGAB-A TIMES TWO-N14	LAGAB-A TIMES TWO-N14	o0901223
128DE	𒣞	F301A	󳀚	|LAGAB~a×1(N58)|		LAGAB-A TIMES ONE-N58		o0901225
128DF	𒣟	12997	𒦗	LAGAB~b	LAGAB~b	LAGAB-B	LAGAB-B	o0901187
128E0	𒣠	1299A	𒦚	|LAGAB~b×HI|	|LAGAB~b×HI|	LAGAB-B TIMES HI	LAGAB-B TIMES HI	o0901201
128E1	𒣡	1299B	𒦛	|LAGAB~b×KUR~e|	|LAGAB~b×KUR~e|	LAGAB-B TIMES KUR-E	LAGAB-B TIMES KUR-E	o0901211
128E2	𒣢	1299C	𒦜	|LAGAB~b×PA~a|	|LAGAB~b×PA~a|	LAGAB-B TIMES PA-A	LAGAB-B TIMES PA-A	o0901232
128E3	𒣣	1299E	𒦞	|LAGAB~b×U₄|	|LAGAB~b×U₄|	LAGAB-B TIMES U4	LAGAB-B TIMES U4	o0901251
128E4	𒣤	1299F	𒦟	|LAGAB~b&LAGAB~b|	|LAGAB~b&LAGAB~b|	LAGAB-B OVER LAGAB-B	LAGAB-B OVER LAGAB-B	o0901260
128E5	𒣥	129A0	𒦠	LAGAR~a	LAGAR~a	LAGAR-A	LAGAR-A	o0901262
128E6	𒣦	129A1	𒦡	LAGAR~a@r	LAGAR~a@r	LAGAR-A REVERSED	LAGAR-A REVERSED	o0901267
128E7	𒣧	129A2	𒦢	LAGAR~b1	LAGAR~b1	LAGAR-B1	LAGAR-B1	o0901263
128E8	𒣨	129A3	𒦣	LAGAR~b2	LAGAR~b2	LAGAR-B2	LAGAR-B2	o0901264
128E9	𒣩	129A4	𒦤	LAGAR~c	LAGAR~c	LAGAR-C	LAGAR-C	o0901265
128EA	𒣪	129A5	𒦥	LAHTAN₂	LAHTAN₂	LAHTAN2	LAHTAN2	o0901268
128EB	𒣫	129A6	𒦦	LAL₂~a	LAL₂~a	LAL2-A	LAL2-A	o0901270
128EC	𒣬	F303F	󳀿	|LAL₂~a×NAGA~a|		LAL2-A TIMES NAGA-A		o0901275
128ED	𒣭	129A8	𒦨	|LAL₂~a×NIM~b2|	|LAL₂~a×NIM~b2|	LAL2-A TIMES NIM-B2	LAL2-A TIMES NIM-B2	o0901277
128EE	𒣮	129A9	𒦩	LAL₂~b	LAL₂~b	LAL2-B	LAL2-B	o0901271
128EF	𒣯	129AA	𒦪	LAL₃~a	LAL₃~a	LAL3-A	LAL3-A	o0901279
128F0	𒣰	129AC	𒦬	LAM~a	LAM~a	LAM-A	LAM-A	o0901283
128F1	𒣱	129AD	𒦭	LAM~b	LAM~b	LAM-B	LAM-B	o0901284
128F2	𒣲	129AE	𒦮	LAM~b@r	LAM~b@r	LAM-B REVERSED	LAM-B REVERSED	o0901290
128F3	𒣳	129B0	𒦰	LAM~b@t	LAM~b@t	LAM-B TENU	LAM-B TENU	o0901294
128F4	𒣴	129B3	𒦳	LI	LI	LI	LI	o0901301
128F5	𒣵	129B5	𒦵	LIŠ	LIŠ	LISH	LISH	o0901303
128F6	𒣶	129B6	𒦶	LU₂	LU₂	LU2	LU2	o0901304
128F7	𒣷	129BA	𒦺	LUGAL	LUGAL	LUGAL	LUGAL	o0901310
128F8	𒣸	129BC	𒦼	LUM	LUM	LUM	LUM	o0901312
128F9	𒣹	129BD	𒦽	MA	MA	MA	MA	o0901313
128FA	𒣺	129BE	𒦾	|MA×MA|	|MA×MA|	MA TIMES MA	MA TIMES MA	o0901316
128FB	𒣻	129BF	𒦿	|MA×1(N58)|	|MA×1(N58)|	MA TIMES ONE-N58	MA TIMES ONE-N58	o0901318
128FC	𒣼	129C1	𒧁	|MA×A|	|MA~v1×A|	MA TIMES A	MA VARIANT 1 TIMES A	o0901315
128FD	𒣽	129C2	𒧂	MA₂	MA₂	MA2	MA2	o0901320
128FE	𒣾	129C3	𒧃	MAGUR~a	MAGUR~a	MAGUR-A	MAGUR-A	o0901322
128FF	𒣿	129C5	𒧅	MAH~a	MAH~a	MAH-A	MAH-A	o0901325
12900	𒤀	129C6	𒧆	|MAH~a×AB₂|	|MAH~a×AB₂|	MAH-A TIMES AB2	MAH-A TIMES AB2	o0901328
12901	𒤁	129C7	𒧇	|MAH~a×GUKKAL~a|	|MAH~a×GUKKAL~a|	MAH-A TIMES GUKKAL-A	MAH-A TIMES GUKKAL-A	o0901330
12902	𒤂	129C8	𒧈	|MAH~a×KU₆~a|	|MAH~a×KU₆~a|	MAH-A TIMES KU6-A	MAH-A TIMES KU6-A	o0901332
12903	𒤃	129C9	𒧉	|MAH~a×MAŠ|	|MAH~a×MAŠ|	MAH-A TIMES MASH	MAH-A TIMES MASH	o0901335
12904	𒤄	129CA	𒧊	|MAH~a×NA~a|	|MAH~a×NA~a|	MAH-A TIMES NA-A	MAH-A TIMES NA-A	o0901338
12905	𒤅	129CB	𒧋	|MAH~a×(SILA₃~a×UMBIN~a)|	|MAH~a×(SILA₃~a×UMBIN~a)|	MAH-A TIMES SILA3-A TIMES UMBIN-A	MAH-A TIMES SILA3-A TIMES UMBIN-A	o0901343
12906	𒤆	129CC	𒧌	|MAH~a×TUG₂~a|	|MAH~a×TUG₂~a|	MAH-A TIMES TUG2-A	MAH-A TIMES TUG2-A	o0901345
12907	𒤇	F3040	󳁀	|MAH~a×TUN₃~c|		MAH-A TIMES TUN3-C		o0901347
12908	𒤈	129CD	𒧍	|MAH~a×UD₅~a|	|MAH~a×UD₅~a~v1|	MAH-A TIMES UD5-A	MAH-A TIMES UD5-A VARIANT 1	o0901349
12909	𒤉	129CE	𒧎	|MAH~a×UDU~a|	|MAH~a×UDU~a|	MAH-A TIMES UDU-A	MAH-A TIMES UDU-A	o0901351
1290A	𒤊	129CF	𒧏	|MAH~a×UR~a|	|MAH~a×UR~a|	MAH-A TIMES UR-A	MAH-A TIMES UR-A	o0901353
1290B	𒤋	129D0	𒧐	|MAH~a×UTUA~a|	|MAH~a×UTUA~a|	MAH-A TIMES UTUA-A	MAH-A TIMES UTUA-A	o0901355
1290C	𒤌	129D2	𒧒	|MAH~a×ZATU659|	|MAH~a×ZATU659|	MAH-A TIMES ZATU659	MAH-A TIMES ZATU659	o0901359
1290D	𒤍	129D3	𒧓	MAH~b	MAH~b	MAH-B	MAH-B	o0901326
1290E	𒤎	129D6	𒧖	|MAH~b×NA~a|	|MAH~b×NA~a|	MAH-B TIMES NA-A	MAH-B TIMES NA-A	o0901339
1290F	𒤏	129D7	𒧗	|MAH~b×SAL|	|MAH~b×SAL|	MAH-B TIMES SAL	MAH-B TIMES SAL	o0901341
12910	𒤐	129D8	𒧘	MAR~a	MAR~a	MAR-A	MAR-A	o0901361
12911	𒤑	129D9	𒧙	MAR~a@t	MAR~a@t	MAR-A TENU	MAR-A TENU	o0901375
12912	𒤒	129DB	𒧛	MAR~b	MAR~b	MAR-B	MAR-B	o0901363
12913	𒤓	129DC	𒧜	|MAR~b×(LAGAB~b.ŠE₃)|	|MAR~b×(LAGAB~b.ŠE₃~v1)|	MAR-B TIMES LAGAB-B PLUS SHE3	MAR-B TIMES LAGAB-B PLUS SHE3 VARIANT 1	o0901367
12914	𒤔	129DD	𒧝	|MAR~b×ŠE~a|	|MAR~b×ŠE~a|	MAR-B TIMES SHE-A	MAR-B TIMES SHE-A	o0901369
12915	𒤕	F301C	󳀜	MAR@g~a		MAR GUNU-A		o0901373
12916	𒤖	129DF	𒧟	MAŠ	MAŠ	MASH	MASH	o0901376
12917	𒤗	129E0	𒧠	MAŠ₂	MAŠ₂	MASH2	MASH2	o0901377
12918	𒤘	129E1	𒧡	MAŠ₂@g	MAŠ₂@g	MASH2 GUNU	MASH2 GUNU	o0901378
12919	𒤙	129E2	𒧢	ME~a	ME~a	ME-A	ME-A	o0901380
1291A	𒤚	129E3	𒧣	ME~b	ME~b	ME-B	ME-B	o0901381
1291B	𒤛	129E4	𒧤	ME₃	ME₃	ME3	ME3	o0901382
1291C	𒤜	129E5	𒧥	MEN~a	MEN~a	MEN-A	MEN-A	o0901384
1291D	𒤝	129E7	𒧧	MEN~b	MEN~b	MEN-B	MEN-B	o0901386
1291E	𒤞	129E8	𒧨	MES	MES	MES	MES	o0901387
1291F	𒤟	129EA	𒧪	MIR~a	MIR~a	MIR-A	MIR-A	o0901390
12920	𒤠	129EB	𒧫	MIR~b	MIR~b	MIR-B	MIR-B	o0901391
12921	𒤡	129EC	𒧬	MU	MU	MU	MU	o0901392
12922	𒤢	129ED	𒧭	MUD	MUD	MUD	MUD	o0901393
12923	𒤣	129EF	𒧯	MUD₃~a	MUD₃~a	MUD3-A	MUD3-A	o0901396
12924	𒤤	129F0	𒧰	MUD₃~a@g	MUD₃~a@g	MUD3-A GUNU	MUD3-A GUNU	o0901401
12925	𒤥	129F1	𒧱	MUD₃~b	MUD₃~b	MUD3-B	MUD3-B	o0901397
12926	𒤦	129F2	𒧲	MUD₃~c	MUD₃~c	MUD3-C	MUD3-C	o0901398
12927	𒤧	129F3	𒧳	MUD₃~d	MUD₃~d	MUD3-D	MUD3-D	o0901399
12928	𒤨	129F4	𒧴	MUL	MUL	MUL	MUL	o0901404
12929	𒤩	129F5	𒧵	MUN~a1	MUN~a1	MUN-A1	MUN-A1	o0901407
1292A	𒤪	129F6	𒧶	MUN~a2	MUN~a2	MUN-A2	MUN-A2	o0901408
1292B	𒤫	129F7	𒧷	MUN~a3	MUN~a3	MUN-A3	MUN-A3	o0901409
1292C	𒤬	129F8	𒧸	MUN~a4	MUN~a4	MUN-A4	MUN-A4	o0901410
1292D	𒤭	129F9	𒧹	MUN~b	MUN~b	MUN-B	MUN-B	o0901411
1292E	𒤮	129FA	𒧺	MUNŠUB~a	MUNŠUB~a	MUNSHUB-A	MUNSHUB-A	o0901413
1292F	𒤯	129FB	𒧻	MUNŠUB~b	MUNŠUB~b	MUNSHUB-B	MUNSHUB-B	o0901414
12930	𒤰	129FC	𒧼	MUNU₃	MUNU₃	MUNU3	MUNU3	o0901415
12931	𒤱	129FD	𒧽	MURUB₂	MURUB₂	MURUB2	MURUB2	o0901416
12932	𒤲	129FE	𒧾	MUŠ	MUŠ	MUSH	MUSH	o0901417
12933	𒤳	129FF	𒧿	MUŠ₃~a	MUŠ₃~a	MUSH3-A	MUSH3-A	o0901419
12934	𒤴	12A00	𒨀	MUŠ₃~a@g	MUŠ₃~a@g	MUSH3-A GUNU	MUSH3-A GUNU	o0901424
12935	𒤵	12A04	𒨄	MUŠ₃~b	MUŠ₃~b	MUSH3-B	MUSH3-B	o0901422
12936	𒤶	12A05	𒨅	MUŠEN	MUŠEN	MUSHEN	MUSHEN	o0901426
12937	𒤷	12A08	𒨈	|MUŠEN×1(N57)|	|MUŠEN×1(N57)|	MUSHEN TIMES ONE-N57	MUSHEN TIMES ONE-N57	o0901430
12938	𒤸	12A09	𒨉	|MUŠEN×2(N57)|	|MUŠEN×2(N57)|	MUSHEN TIMES TWO-N57	MUSHEN TIMES TWO-N57	o0901431
12939	𒤹	12A0A	𒨊	|MUŠEN×3(N57)|	|MUŠEN×3(N57)|	MUSHEN TIMES THREE-N57	MUSHEN TIMES THREE-N57	o0901432
1293A	𒤺	12E0D	𒸍	|(1(N58).BAD)~a|	|1(N58).BAD|	ONE-N58 PLUS BAD FORM A	ONE-N58 BESIDE BAD	o0903282
1293B	𒤻	12E0F	𒸏	|(1(N58).BAD)~b|	|1(N58)~a.BAD~a|	ONE-N58 PLUS BAD FORM B	ONE-N58 FORM A BESIDE BAD-A	o0903283
1293C	𒤼	12A0B	𒨋	NA~a	NA~a	NA-A	NA-A	o0901437
1293D	𒤽	12A0C	𒨌	NA~b	NA~b	NA-B	NA-B	o0901438
1293E	𒤾	12A0D	𒨍	NA~c	NA~c	NA-C	NA-C	o0901439
1293F	𒤿	12A0F	𒨏	NA₂~a	NA₂~a	NA2-A	NA2-A	o0901442
12940	𒥀	12A11	𒨑	NA₂~b1	NA₂~b1	NA2-B1	NA2-B1	o0901444
12941	𒥁	12A12	𒨒	NA₂~b2	NA₂~b2	NA2-B2	NA2-B2	o0901445
12942	𒥂	F3074	󳁴	NA₂~c		NA2-C		o0901446
12943	𒥃	12A13	𒨓	NAB	NAB	NAB	NAB	o0901448
12944	𒥄	12A16	𒨖	NAGA~a	NAGA~a	NAGA-A	NAGA-A	o0901452
12945	𒥅	12A17	𒨗	|NAGA~a×TAK₄~a|	|NAGA~a×TAK₄~a|	NAGA-A TIMES TAK4-A	NAGA-A TIMES TAK4-A	o0901455
12946	𒥆	12A18	𒨘	NAGA~b	NAGA~b	NAGA-B	NAGA-B	o0901453
12947	𒥇	12A19	𒨙	NAGAR~a	NAGAR~a	NAGAR-A	NAGAR-A	o0901457
12948	𒥈	12A1D	𒨝	NAGAR~b	NAGAR~b	NAGAR-B	NAGAR-B	o0901461
12949	𒥉	12A1F	𒨟	NAM~a	NAM~a	NAM-A	NAM-A	o0901464
1294A	𒥊	12A20	𒨠	NAM~b	NAM~b	NAM-B	NAM-B	o0901465
1294B	𒥋	12A21	𒨡	NAM~c	NAM~c	NAM-C	NAM-C	o0901466
1294C	𒥌	12A22	𒨢	NAM~d	NAM~d	NAM-D	NAM-D	o0901467
1294D	𒥍	12A23	𒨣	NAM₂	NAM₂	NAM2	NAM2	o0901468
1294E	𒥎	12A24	𒨤	|NAM₂×1(N01)|	|NAM₂×1(N01)|	NAM2 TIMES ONE-N1	NAM2 TIMES ONE-N1	o0901469
1294F	𒥏	12A25	𒨥	NAM₂@g	NAM₂@g	NAM2 GUNU	NAM2 GUNU	o0901470
12950	𒥐	12A26	𒨦	NAM₂@t	NAM₂@t	NAM2 TENU	NAM2 TENU	o0901471
12951	𒥑	12A27	𒨧	NAMEŠDA	NAMEŠDA	NAMESHDA	NAMESHDA	o0901472
12952	𒥒	12A29	𒨩	NANNA~a	NANNA~a	NANNA-A	NANNA-A	o0901475
12953	𒥓	12A2B	𒨫	NANNA~b	NANNA~b	NANNA-B	NANNA-B	o0901477
12954	𒥔	12A2C	𒨬	NANŠE~a	NANŠE~a	NANSHE-A	NANSHE-A	o0901479
12955	𒥕	12A2D	𒨭	NANŠE~b	NANŠE~b	NANSHE-B	NANSHE-B	o0901480
12956	𒥖	12A2E	𒨮	NAR	NAR	NAR	NAR	o0901481
12957	𒥗	12A2F	𒨯	NE~a	NE~a	NE-A	NE-A	o0901483
12958	𒥘	12A32	𒨲	NE~b	NE~b	NE-B	NE-B	o0901486
12959	𒥙	12A33	𒨳	NE~c	NE~c	NE-C	NE-C	o0901487
1295A	𒥚	12A34	𒨴	NE~d	NE~d	NE-D	NE-D	o0901488
1295B	𒥛	12A35	𒨵	NERGAL~v	NERGAL~v	NERGAL-V	NERGAL-V	o0901491
1295C	𒥜	12A36	𒨶	NESAG₂~a	NESAG₂~a	NESAG2-A	NESAG2-A	o0901493
1295D	𒥝	12A37	𒨷	NESAG₂~b	NESAG₂~b	NESAG2-B	NESAG2-B	o0901496
1295E	𒥞	12A3A	𒨺	NI~a	NI~a	NI-A	NI-A	o0901501
1295F	𒥟	12A3D	𒨽	NI~a@g	NI~a@g	NI-A GUNU	NI-A GUNU	o0901512
12960	𒥠	12A3E	𒨾	NI~b	NI~b	NI-B	NI-B	o0901502
12961	𒥡	12A40	𒩀	|NI~b×4(N57)|	|NI~b×4(N57)|	NI-B TIMES FOUR-N57	NI-B TIMES FOUR-N57	o0901508
12962	𒥢	12A41	𒩁	NI₂	NI₂	NI2	NI2	o0901513
12963	𒥣	12A42	𒩂	NIGIN	NIGIN	NIGIN	NIGIN	o0901514
12964	𒥤	12A43	𒩃	NIM~a	NIM~a	NIM-A	NIM-A	o0901516
12965	𒥥	12A44	𒩄	NIM~b1	NIM~b1	NIM-B1	NIM-B1	o0901517
12966	𒥦	12A45	𒩅	NIM~b2	NIM~b2	NIM-B2	NIM-B2	o0901518
12967	𒥧	12A46	𒩆	NIM~b3	NIM~b3	NIM-B3	NIM-B3	o0901519
12968	𒥨	12A47	𒩇	NIMGIR	NIMGIR	NIMGIR	NIMGIR	o0901521
12969	𒥩	12A49	𒩉	NIN	NIN	NIN	NIN	o0901524
1296A	𒥪	12A4A	𒩊	NINDA₂	NINDA₂	NINDA2	NINDA2	o0901525
1296B	𒥫	12A4B	𒩋	|NINDA₂×AN|	|NINDA₂×AN|	NINDA2 TIMES AN	NINDA2 TIMES AN	o0901527
1296C	𒥬	12A4C	𒩌	|NINDA₂×(AN.HI)|	|NINDA₂×(AN.HI)|	NINDA2 TIMES AN PLUS HI	NINDA2 TIMES AN PLUS HI	o0901528
1296D	𒥭	12A4D	𒩍	|NINDA₂×(AN.ME~a)|	|NINDA₂×(AN.ME~a)|	NINDA2 TIMES AN PLUS ME-A	NINDA2 TIMES AN PLUS ME-A	o0901535
1296E	𒥮	12A50	𒩐	|NINDA₂×EZEN~b|	|NINDA₂×EZEN~b|	NINDA2 TIMES EZEN-B	NINDA2 TIMES EZEN-B	o0901540
1296F	𒥯	12A51	𒩑	|NINDA₂×GAʾAR~a1|	|NINDA₂×GAʾAR~a1|	NINDA2 TIMES GAAR-A1	NINDA2 TIMES GAAR-A1	o0901542
12970	𒥰	12A52	𒩒	|NINDA₂×GAR|	|NINDA₂×GAR|	NINDA2 TIMES GAR	NINDA2 TIMES GAR	o0901543
12971	𒥱	12A53	𒩓	|NINDA₂×GIŠ|	|NINDA₂×GIŠ|	NINDA2 TIMES GISH	NINDA2 TIMES GISH	o0901544
12972	𒥲	12A54	𒩔	|NINDA₂×GU₄|	|NINDA₂×GU₄|	NINDA2 TIMES GU4	NINDA2 TIMES GU4	o0901547
12973	𒥳	12A55	𒩕	|NINDA₂×HI|	|NINDA₂×HI|	NINDA2 TIMES HI	NINDA2 TIMES HI	o0901548
12974	𒥴	12A56	𒩖	|NINDA₂×(HI.AN.ME~a)|	|NINDA₂×(HI.AN.ME~a)|	NINDA2 TIMES HI PLUS AN PLUS ME-A	NINDA2 TIMES HI PLUS AN PLUS ME-A	o0901533
12975	𒥵	12A57	𒩗	|NINDA₂×(HI.ME~a)|	|NINDA₂×(HI.ME~a)|	NINDA2 TIMES HI PLUS ME-A	NINDA2 TIMES HI PLUS ME-A	o0901530
12976	𒥶	12A5A	𒩚	|NINDA₂×(HI~a1.ME~a)|	|NINDA₂×(HI~a1.ME~a)|	NINDA2 TIMES HI-A1 PLUS ME-A	NINDA2 TIMES HI-A1 PLUS ME-A	o0901531
12977	𒥷	12A5B	𒩛	|NINDA₂×KAŠ~b|	|NINDA₂×KAŠ~b|	NINDA2 TIMES KASH-B	NINDA2 TIMES KASH-B	o0901553
12978	𒥸	F3041	󳁁	|NINDA₂×MAR~a|		NINDA2 TIMES MAR-A		o0901555
12979	𒥹	12A5C	𒩜	|NINDA₂×MAR~b|	|NINDA₂×MAR~b|	NINDA2 TIMES MAR-B	NINDA2 TIMES MAR-B	o0901556
1297A	𒥺	F3042	󳁂	|NINDA₂×NUN~a|		NINDA2 TIMES NUN-A		o0901564
1297B	𒥻	12A5D	𒩝	|NINDA₂×U₄|	|NINDA₂×U₄|	NINDA2 TIMES U4	NINDA2 TIMES U4	o0901567
1297C	𒥼	12A62	𒩢	|NINDA₂×(ZATU659×1(N01))|	|NINDA₂×(ZATU659×1(N01))|	NINDA2 TIMES ZATU659 TIMES ONE-N1	NINDA2 TIMES ZATU659 TIMES ONE-N1	o0901575
1297D	𒥽	F3043	󳁃	|NINDA₂×ZATU710|		NINDA2 TIMES ZATU710		o0901576
1297E	𒥾	12A63	𒩣	|NINDA₂×1(N01)|	|NINDA₂×1(N01)|	NINDA2 TIMES ONE-N1	NINDA2 TIMES ONE-N1	o0901557
1297F	𒥿	12A64	𒩤	|NINDA₂×2(N01)|	|NINDA₂×2(N01)|	NINDA2 TIMES TWO-N1	NINDA2 TIMES TWO-N1	o0901558
12980	𒦀	12A65	𒩥	|NINDA₂×(1(N06).HI@g~a)|	|NINDA₂×(1(N06).HI@g~a)|	NINDA2 TIMES ONE-N6 PLUS HI GUNU-A	NINDA2 TIMES ONE-N6 PLUS HI GUNU-A	o0901551
12981	𒦁	12A66	𒩦	|NINDA₂×1(N08)|	|NINDA₂×1(N08)|	NINDA2 TIMES ONE-N8	NINDA2 TIMES ONE-N8	o0901560
12982	𒦂	12A68	𒩨	NINKUM	NINKUM	NINKUM	NINKUM	o0901577
12983	𒦃	12A69	𒩩	NINLIL	NINLIL	NINLIL	NINLIL	o0901578
12984	𒦄	12A6A	𒩪	NIR~a	NIR~a	NIR-A	NIR-A	o0901580
12985	𒦅	12A6B	𒩫	|NIR~a×AN|	|NIR~a×AN|	NIR-A TIMES AN	NIR-A TIMES AN	o0901583
12986	𒦆	12A6C	𒩬	NIR~b	NIR~b	NIR-B	NIR-B	o0901581
12987	𒦇	12A6D	𒩭	NU	NU	NU	NU	o0901584
12988	𒦈	12A6E	𒩮	NU@g	NU@g	NU GUNU	NU GUNU	o0901585
12989	𒦉	12A6F	𒩯	NU₁₁	NU₁₁	NU11	NU11	o0901586
1298A	𒦊	12A70	𒩰	|NU₁₁&NU₁₁|	|NU₁₁&NU₁₁|	NU11 OVER NU11	NU11 OVER NU11	o0901587
1298B	𒦋	12A71	𒩱	NU₁₁@t	NU₁₁@t	NU11 TENU	NU11 TENU	o0901588
1298C	𒦌	12A72	𒩲	NUMUN	NUMUN	NUMUN	NUMUN	o0901589
1298D	𒦍	12A74	𒩴	NUN~a	NUN~a	NUN-A	NUN-A	o0901592
1298E	𒦎	12A75	𒩵	|NUN~a+A|	|NUN~a+A|	NUN-A JOINING A	NUN-A JOINING A	o0901603
1298F	𒦏	12A76	𒩶	|NUN~a+EN~a|	|NUN~a+EN~a~v2|	NUN-A JOINING EN-A	NUN-A JOINING EN-A VARIANT 2	o0901606
12990	𒦐	12A77	𒩷	|NUN~a+EN~b|	|NUN~a+EN~b~v1|	NUN-A JOINING EN-B	NUN-A JOINING EN-B VARIANT 1	o0901607
12991	𒦑	12A78	𒩸	|NUN~a+EN~d|	|NUN~a+EN~d|	NUN-A JOINING EN-D	NUN-A JOINING EN-D	o0901608
12992	𒦒	12A79	𒩹	|NUN~a+NAM₂|	|NUN~a+NAM₂|	NUN-A JOINING NAM2	NUN-A JOINING NAM2	o0901611
12993	𒦓	12A7A	𒩺	NUN~b	NUN~b	NUN-B	NUN-B	o0901593
12994	𒦔	12A7B	𒩻	|NUN~b+EN~a|	|NUN~b+EN~a|	NUN-B JOINING EN-A	NUN-B JOINING EN-A	o0901609
12995	𒦕	12A7C	𒩼	NUN~c	NUN~c	NUN-C	NUN-C	o0901594
12996	𒦖	12A80	𒪀	NUN~d	NUN~d	NUN-D	NUN-D	o0901598
12997	𒦗	12A81	𒪁	NUNUZ~a0	NUNUZ~a0	NUNUZ-A0	NUNUZ-A0	o0901613
12998	𒦘	12A82	𒪂	NUNUZ~a1	NUNUZ~a1	NUNUZ-A1	NUNUZ-A1	o0901614
12999	𒦙	12A84	𒪄	NUNUZ~a2	NUNUZ~a2	NUNUZ-A2	NUNUZ-A2	o0901615
1299A	𒦚	12A85	𒪅	NUNUZ~b1	NUNUZ~b1	NUNUZ-B1	NUNUZ-B1	o0901616
1299B	𒦛	12A87	𒪇	NUNUZ~c	NUNUZ~c	NUNUZ-C	NUNUZ-C	o0901618
1299C	𒦜	12A8B	𒪋	PA~a	PA~a	PA-A	PA-A	o0901625
1299D	𒦝	12A8E	𒪎	PA~b	PA~b	PA-B	PA-B	o0901628
1299E	𒦞	12A8F	𒪏	PAD~a	PAD~a	PAD-A	PAD-A	o0901636
1299F	𒦟	12A90	𒪐	PAD~b	PAD~b	PAD-B	PAD-B	o0901637
129A0	𒦠	12A91	𒪑	PAP~a	PAP~a	PAP-A	PAP-A	o0901639
129A1	𒦡	12A92	𒪒	PAP~a@t	PAP~a@t	PAP-A TENU	PAP-A TENU	o0901643
129A2	𒦢	12A93	𒪓	PAP~b	PAP~b	PAP-B	PAP-B	o0901640
129A3	𒦣	12A95	𒪕	PIRIG~a1	PIRIG~a1	PIRIG-A1	PIRIG-A1	o0901645
129A4	𒦤	12A96	𒪖	PIRIG~a2	PIRIG~a2	PIRIG-A2	PIRIG-A2	o0901646
129A5	𒦥	12A97	𒪗	PIRIG~a3	PIRIG~a3	PIRIG-A3	PIRIG-A3	o0901647
129A6	𒦦	12A98	𒪘	PIRIG~b1	PIRIG~b1	PIRIG-B1	PIRIG-B1	o0901648
129A7	𒦧	F3018	󳀘	|PIRIG~b1+DIN|		PIRIG-B1 JOINING DIN		o0901655
129A8	𒦨	12A9A	𒪚	PIRIG~b2	PIRIG~b2	PIRIG-B2	PIRIG-B2	o0901649
129A9	𒦩	12A9B	𒪛	PU₂	PU₂	PU2	PU2	o0901656
129AA	𒦪	12A9C	𒪜	RA	RA	RA	RA	o0901657
129AB	𒦫	12A9D	𒪝	RAD~a	RAD~a	RAD-A	RAD-A	o0901659
129AC	𒦬	12A9E	𒪞	RAD~a@g	RAD~a@g	RAD-A GUNU	RAD-A GUNU	o0901662
129AD	𒦭	12AA0	𒪠	RAD~b	RAD~b	RAD-B	RAD-B	o0901660
129AE	𒦮	12AA1	𒪡	RI₈~a	RI₈~a	RI8-A	RI8-A	o0901668
129AF	𒦯	12AA2	𒪢	RI₈~b	RI₈~b	RI8-B	RI8-B	o0901669
129B0	𒦰	12AA3	𒪣	RU	RU	RU	RU	o0901670
129B1	𒦱	12AA6	𒪦	SA~a	SA~a	SA-A	SA-A	o0901674
129B2	𒦲	12AA7	𒪧	SA~c	SA~c	SA-C	SA-C	o0901675
129B3	𒦳	12AA9	𒪩	SAG	SAG	SAG	SAG	o0901677
129B4	𒦴	F3011	󳀑	|SAG+UKKIN~b×1(N57)|		SAG JOINING UKKIN-B TIMES ONE-N57		o0901693
129B5	𒦵	12AAA	𒪪	|SAG×GEŠTU~a|	|SAG×GEŠTU~a|	SAG TIMES GESHTU-A	SAG TIMES GESHTU-A	o0901681
129B6	𒦶	12AAD	𒪭	|SAG×GEŠTU~b|	|SAG@n×GEŠTU~b|	SAG TIMES GESHTU-B	SAG NUTILLU TIMES GESHTU-B	o0901682
129B7	𒦷	F3010	󳀐	|SAG×NAM₂|		SAG TIMES NAM2		o0901689
129B8	𒦸	12AB0	𒪰	|SAG×MA|	|SAG~v1×MA~v1|	SAG TIMES MA	SAG VARIANT 1 TIMES MA VARIANT 1	o0901687
129B9	𒦹	12AAB	𒪫	SAG@g	SAG@g	SAG GUNU	SAG GUNU	o0901694
129BA	𒦺	12AAC	𒪬	SAG@n	SAG@n	SAG NUTILLU	SAG NUTILLU	o0901695
129BB	𒦻	12AB4	𒪴	SAGŠU	SAGŠU	SAGSHU	SAGSHU	o0901696
129BC	𒦼	12AB5	𒪵	SAL	SAL	SAL	SAL	o0901697
129BD	𒦽	12AB9	𒪹	|SAL×1(N58)|	|SAL×1(N58)|	SAL TIMES ONE-N58	SAL TIMES ONE-N58	o0901704
129BE	𒦾	12ABA	𒪺	SANGA~a	SANGA~a	SANGA-A	SANGA-A	o0901709
129BF	𒦿	12ABD	𒪽	SANGA~b	SANGA~b	SANGA-B	SANGA-B	o0901712
129C0	𒧀	12ABF	𒪿	SANGA~c	SANGA~c	SANGA-C	SANGA-C	o0901714
129C1	𒧁	F3064	󳁤	SANGA~e		SANGA-E		o0901715
129C2	𒧂	12AC0	𒫀	SAR~a	SAR~a	SAR-A	SAR-A	o0901718
129C3	𒧃	12AC1	𒫁	|SAR~a×ŠE~a|	|SAR~a×ŠE~a|	SAR-A TIMES SHE-A	SAR-A TIMES SHE-A	o0901723
129C4	𒧄	12AC2	𒫂	SAR~b	SAR~b	SAR-B	SAR-B	o0901719
129C5	𒧅	12AC3	𒫃	SAR~c	SAR~c	SAR-C	SAR-C	o0901720
129C6	𒧆	F3046	󳁆	SAR~d		SAR-D		o0901721
129C7	𒧇	12AC4	𒫄	SI	SI	SI	SI	o0901724
129C8	𒧈	F300C	󳀌	|SI+AN|		SI JOINING AN		o0901737
129C9	𒧉	F3048	󳁈	|SI×EN~a|		SI TIMES EN-A		o0901728
129CA	𒧊	12AC5	𒫅	|SI×GU₄|	|SI×GU₄|	SI TIMES GU4	SI TIMES GU4	o0901729
129CB	𒧋	F3049	󳁉	|SI×KU~b1|		SI TIMES KU-B1		o0901731
129CC	𒧌	F304B	󳁋	|SI×SAL|		SI TIMES SAL		o0901733
129CD	𒧍	12AC6	𒫆	|SI×ŠE₃|	|SI×ŠE₃~v1|	SI TIMES SHE3	SI TIMES SHE3 VARIANT 1	o0901734
129CE	𒧎	F304C	󳁌	|SI×TUN₃~a|		SI TIMES TUN3-A		o0901736
129CF	𒧏	F3047	󳁇	|SI×1(N58)|		SI TIMES ONE-N58		o0901732
129D0	𒧐	12AC8	𒫈	SI₄~a	SI₄~a	SI4-A	SI4-A	o0901739
129D1	𒧑	12AC9	𒫉	SI₄~b	SI₄~b	SI4-B	SI4-B	o0901740
129D2	𒧒	12ACA	𒫊	SI₄~c	SI₄~c	SI4-C	SI4-C	o0901741
129D3	𒧓	12ACB	𒫋	SI₄~d	SI₄~d	SI4-D	SI4-D	o0901742
129D4	𒧔	12ACD	𒫍	SI₄~f	SI₄~f	SI4-F	SI4-F	o0901744
129D5	𒧕	12ACF	𒫏	SIG	SIG	SIG	SIG	o0901746
129D6	𒧖	12AD1	𒫑	SIG₂~a1	SIG₂~a1	SIG2-A1	SIG2-A1	o0901751
129D7	𒧗	12AD2	𒫒	SIG₂~a2	SIG₂~a2	SIG2-A2	SIG2-A2	o0901752
129D8	𒧘	12AD3	𒫓	SIG₂~a3	SIG₂~a3	SIG2-A3	SIG2-A3	o0901753
129D9	𒧙	12AD6	𒫖	SIG₂~a4	SIG₂~a4	SIG2-A4	SIG2-A4	o0901756
129DA	𒧚	12AD7	𒫗	SIG₂~b	SIG₂~b	SIG2-B	SIG2-B	o0901757
129DB	𒧛	12AD9	𒫙	|SIG₂~b&SIG₂~b|	|SIG₂~b&SIG₂~b|	SIG2-B OVER SIG2-B	SIG2-B OVER SIG2-B	o0901769
129DC	𒧜	12ADA	𒫚	SIG₂~c1	SIG₂~c1	SIG2-C1	SIG2-C1	o0901758
129DD	𒧝	12ADB	𒫛	SIG₂~c2	SIG₂~c2	SIG2-C2	SIG2-C2	o0901759
129DE	𒧞	12ADC	𒫜	SIG₂~d1	SIG₂~d1	SIG2-D1	SIG2-D1	o0901760
129DF	𒧟	12ADD	𒫝	SIG₂~d2	SIG₂~d2	SIG2-D2	SIG2-D2	o0901761
129E0	𒧠	12ADF	𒫟	SIG₂~d3	SIG₂~d3	SIG2-D3	SIG2-D3	o0901763
129E1	𒧡	12AE0	𒫠	SIG₂~d4	SIG₂~d4	SIG2-D4	SIG2-D4	o0901764
129E2	𒧢	12AE1	𒫡	SIG₂~e	SIG₂~e	SIG2-E	SIG2-E	o0901765
129E3	𒧣	12AE2	𒫢	SIG₄	SIG₄	SIG4	SIG4	o0901770
129E4	𒧤	12AE3	𒫣	SIG₇	SIG₇	SIG7	SIG7	o0901771
129E5	𒧥	12AE5	𒫥	SILA₃~a	SILA₃~a	SILA3-A	SILA3-A	o0901775
129E6	𒧦	12AE6	𒫦	|SILA₃~a×A|	|SILA₃~a×A|	SILA3-A TIMES A	SILA3-A TIMES A	o0901781
129E7	𒧧	12AE7	𒫧	|SILA₃~a×AMAR|	|SILA₃~a×AMAR|	SILA3-A TIMES AMAR	SILA3-A TIMES AMAR	o0901783
129E8	𒧨	12AE9	𒫩	|SILA₃~a×GA~a|	|SILA₃~a×GA~a~v3|	SILA3-A TIMES GA-A	SILA3-A TIMES GA-A VARIANT 3	o0901790
129E9	𒧩	12AEA	𒫪	|SILA₃~a×GARA₂~a|	|SILA₃~a×GARA₂~a|	SILA3-A TIMES GARA2-A	SILA3-A TIMES GARA2-A	o0901792
129EA	𒧪	12AEB	𒫫	|SILA₃~a×GEŠTU~a|	|SILA₃~a×GEŠTU~a~v2|	SILA3-A TIMES GESHTU-A	SILA3-A TIMES GESHTU-A VARIANT 2	o0901794
129EB	𒧫	12AEC	𒫬	|SILA₃~a×GEŠTU~c3|	|SILA₃~a×GEŠTU~c3|	SILA3-A TIMES GESHTU-C3	SILA3-A TIMES GESHTU-C3	o0901795
129EC	𒧬	12AEE	𒫮	|SILA₃~a×HAŠHUR|	|SILA₃~a×HAŠHUR|	SILA3-A TIMES HASHHUR	SILA3-A TIMES HASHHUR	o0901800
129ED	𒧭	12AEF	𒫯	|SILA₃~a×HI|	|SILA₃~a×HI|	SILA3-A TIMES HI	SILA3-A TIMES HI	o0901802
129EE	𒧮	12AF1	𒫱	|SILA₃~a×IB~a|	|SILA₃~a×IB~a|	SILA3-A TIMES IB-A	SILA3-A TIMES IB-A	o0901806
129EF	𒧯	12AF2	𒫲	|SILA₃~a×KAŠ~a|	|SILA₃~a×KAŠ~a|	SILA3-A TIMES KASH-A	SILA3-A TIMES KASH-A	o0901808
129F0	𒧰	12AF3	𒫳	|SILA₃~a×KAŠ~c|	|SILA₃~a×KAŠ~c|	SILA3-A TIMES KASH-C	SILA3-A TIMES KASH-C	o0901809
129F1	𒧱	12AF4	𒫴	|SILA₃~a×KAŠ~d|	|SILA₃~a×KAŠ~d|	SILA3-A TIMES KASH-D	SILA3-A TIMES KASH-D	o0901810
129F2	𒧲	12AF5	𒫵	|SILA₃~a×KU₆~a|	|SILA₃~a×KU₆~a|	SILA3-A TIMES KU6-A	SILA3-A TIMES KU6-A	o0901812
129F3	𒧳	12AF6	𒫶	|SILA₃~a×KUR~a|	|SILA₃~a×KUR~a|	SILA3-A TIMES KUR-A	SILA3-A TIMES KUR-A	o0901814
129F4	𒧴	12AF7	𒫷	|SILA₃~a×MA|	|SILA₃~a×MA~v1|	SILA3-A TIMES MA	SILA3-A TIMES MA VARIANT 1	o0901816
129F5	𒧵	12AF8	𒫸	|SILA₃~a×MAŠ|	|SILA₃~a×MAŠ|	SILA3-A TIMES MASH	SILA3-A TIMES MASH	o0901818
129F6	𒧶	F304A	󳁊	|SILA₃~a×MUD₃~b|		SILA3-A TIMES MUD3-B		o0901820
129F7	𒧷	12AF9	𒫹	|SILA₃~a×NAGA~a|	|SILA₃~a×NAGA~a|	SILA3-A TIMES NAGA-A	SILA3-A TIMES NAGA-A	o0901826
129F8	𒧸	12AFA	𒫺	|SILA₃~a×NI~a|	|SILA₃~a×NI~a|	SILA3-A TIMES NI-A	SILA3-A TIMES NI-A	o0901829
129F9	𒧹	12AFB	𒫻	|SILA₃~a×NUN~b|	|SILA₃~a×NUN~b|	SILA3-A TIMES NUN-B	SILA3-A TIMES NUN-B	o0901834
129FA	𒧺	12AFC	𒫼	|SILA₃~a×SUHUR|	|SILA₃~a×SUHUR|	SILA3-A TIMES SUHUR	SILA3-A TIMES SUHUR	o0901836
129FB	𒧻	12AFD	𒫽	|SILA₃~a×SUM~a|	|SILA₃~a×SUM~a~v1|	SILA3-A TIMES SUM-A	SILA3-A TIMES SUM-A VARIANT 1	o0901838
129FC	𒧼	12AFE	𒫾	|SILA₃~a×SUM~b|	|SILA₃~a×SUM~b|	SILA3-A TIMES SUM-B	SILA3-A TIMES SUM-B	o0901839
129FD	𒧽	12AFF	𒫿	|SILA₃~a×ŠE~a|	|SILA₃~a×ŠE~a|	SILA3-A TIMES SHE-A	SILA3-A TIMES SHE-A	o0901841
129FE	𒧾	12B00	𒬀	|SILA₃~a×ŠE~a@t|	|SILA₃~a×ŠE~a@t|	SILA3-A TIMES SHE-A TENU	SILA3-A TIMES SHE-A TENU	o0901843
129FF	𒧿	12B01	𒬁	|SILA₃~a×ŠU|	|SILA₃~a×ŠU|	SILA3-A TIMES SHU	SILA3-A TIMES SHU	o0901845
12A00	𒨀	12B02	𒬂	|SILA₃~a×ŠU₂|	|SILA₃~a×ŠU₂~b|	SILA3-A TIMES SHU2	SILA3-A TIMES SHU2-B	o0901848
12A01	𒨁	12B04	𒬄	|SILA₃~a×ZATU629|	|SILA₃~a×ZATU629~v1|	SILA3-A TIMES ZATU629	SILA3-A TIMES ZATU629 VARIANT 1	o0901852
12A02	𒨂	12B05	𒬅	|SILA₃~a×ZATU646|	|SILA₃~a×ZATU646|	SILA3-A TIMES ZATU646	SILA3-A TIMES ZATU646	o0901854
12A03	𒨃	12B06	𒬆	|SILA₃~a×(ZATU659.TU~c)|	|SILA₃~a×(ZATU659.TU~c~v1)|	SILA3-A TIMES ZATU659 PLUS TU-C	SILA3-A TIMES ZATU659 PLUS TU-C VARIANT 1	o0901856
12A04	𒨄	12B07	𒬇	|SILA₃~a×1(N57)|	|SILA₃~a×1(N57)|	SILA3-A TIMES ONE-N57	SILA3-A TIMES ONE-N57	o0901822
12A05	𒨅	12B09	𒬉	|SILA₃~a×DUG~a|	|SILA₃~a~v1×DUG~a|	SILA3-A TIMES DUG-A	SILA3-A VARIANT 1 TIMES DUG-A	o0901785
12A06	𒨆	12B0A	𒬊	SILA₃~b	SILA₃~b	SILA3-B	SILA3-B	o0901776
12A07	𒨇	12B0B	𒬋	|SILA₃~b×GUG₂|	|SILA₃~b×GUG₂|	SILA3-B TIMES GUG2	SILA3-B TIMES GUG2	o0901798
12A08	𒨈	12B0C	𒬌	|SILA₃~b×NAGA~b|	|SILA₃~b×NAGA~b|	SILA3-B TIMES NAGA-B	SILA3-B TIMES NAGA-B	o0901827
12A09	𒨉	12B0F	𒬏	|SILA₃~b×NI~a|	|SILA₃~c×NI~a|	SILA3-B TIMES NI-A	SILA3-C TIMES NI-A	o0901830
12A0A	𒨊	12B0D	𒬍	|SILA₃~b×NI~b|	|SILA₃~b×NI~b|	SILA3-B TIMES NI-B	SILA3-B TIMES NI-B	o0901831
12A0B	𒨋	12B11	𒬑	|SILA₃~c×ZATU687|	|SILA₃~c×ZATU687|	SILA3-C TIMES ZATU687	SILA3-C TIMES ZATU687	o0901858
12A0C	𒨌	12B13	𒬓	SILA₄~a	SILA₄~a	SILA4-A	SILA4-A	o0901860
12A0D	𒨍	12B14	𒬔	SILA₄~b	SILA₄~b	SILA4-B	SILA4-B	o0901861
12A0E	𒨎	12B15	𒬕	SILA₄~c	SILA₄~c	SILA4-C	SILA4-C	o0901862
12A0F	𒨏	12B16	𒬖	SILA₄~d	SILA₄~d	SILA4-D	SILA4-D	o0901864
12A10	𒨐	12B17	𒬗	SILANITA	SILANITA	SILANITA	SILANITA	o0901865
12A11	𒨑	12B18	𒬘	SIMUG	SIMUG	SIMUG	SIMUG	o0901866
12A12	𒨒	12B1A	𒬚	SIPA	SIPA	SIPA	SIPA	o0901868
12A13	𒨓	12B1B	𒬛	SU~a	SU~a	SU-A	SU-A	o0901870
12A14	𒨔	12B1C	𒬜	|SU~a×1(N58)|	|SU~a×1(N58)|	SU-A TIMES ONE-N58	SU-A TIMES ONE-N58	o0901875
12A15	𒨕	12B1E	𒬞	SU~b	SU~b	SU-B	SU-B	o0901872
12A16	𒨖	F3079	󳁹	SU~c		SU-C		o0901873
12A17	𒨗	12B1F	𒬟	SU₃	SU₃	SU3	SU3	o0901876
12A18	𒨘	12B20	𒬠	SUG	SUG	SUG	SUG	o0901878
12A19	𒨙	12B21	𒬡	SUG₅	SUG₅	SUG5	SUG5	o0901879
12A1A	𒨚	12B22	𒬢	SUH₃	SUH₃	SUH3	SUH3	o0901880
12A1B	𒨛	12B23	𒬣	SUHUR	SUHUR	SUHUR	SUHUR	o0901881
12A1C	𒨜	12B24	𒬤	SUHUR@g	SUHUR@g	SUHUR GUNU	SUHUR GUNU	o0901883
12A1D	𒨝	12B25	𒬥	SUHUR@n	SUHUR@n	SUHUR NUTILLU	SUHUR NUTILLU	o0901884
12A1E	𒨞	F3059	󳁙	SUHUR@t		SUHUR TENU		o0901885
12A1F	𒨟	12B26	𒬦	SUKKAL	SUKKAL	SUKKAL	SUKKAL	o0901887
12A20	𒨠	12B27	𒬧	SUKUD	SUKUD	SUKUD	SUKUD	o0901888
12A21	𒨡	12B28	𒬨	|(SUKUD+SUKUD)~a|	|(SUKUD+SUKUD)~a|	SUKUD JOINING SUKUD FORM A	SUKUD JOINING SUKUD FORM A	o0901890
12A22	𒨢	12B29	𒬩	|(SUKUD+SUKUD)~b|	|(SUKUD+SUKUD)~b|	SUKUD JOINING SUKUD FORM B	SUKUD JOINING SUKUD FORM B	o0901891
12A23	𒨣	12B2B	𒬫	SUKUD@g~a	SUKUD@g~a	SUKUD GUNU-A	SUKUD GUNU-A	o0901895
12A24	𒨤	12B2C	𒬬	SUKUD@g~b	SUKUD@g~b	SUKUD GUNU-B	SUKUD GUNU-B	o0901896
12A25	𒨥	12B2E	𒬮	SUKUD@g~c	SUKUD@g~c	SUKUD GUNU-C	SUKUD GUNU-C	o0901898
12A26	𒨦	12B2F	𒬯	SUKUD@g~d	SUKUD@g~d	SUKUD GUNU-D	SUKUD GUNU-D	o0901899
12A27	𒨧	12B30	𒬰	SUM~a	SUM~a	SUM-A	SUM-A	o0901902
12A28	𒨨	12B33	𒬳	SUM~b	SUM~b	SUM-B	SUM-B	o0901904
12A29	𒨩	12B34	𒬴	SUMAŠ	SUMAŠ	SUMASH	SUMASH	o0901907
12A2A	𒨪	12B35	𒬵	SUR	SUR	SUR	SUR	o0901908
12A2B	𒨫	12B36	𒬶	SUSA	SUSA	SUSA	SUSA	o0901909
12A2C	𒨬	12B37	𒬷	ŠA	ŠA	SHA	SHA	o0901910
12A2D	𒨭	12B38	𒬸	|(ŠA×HI@g~a)~a|	|(ŠA×HI@g~a)~a|	SHA TIMES HI GUNU-A FORM A	SHA TIMES HI GUNU-A FORM A	o0901914
12A2E	𒨮	12B39	𒬹	|(ŠA×HI@g~a)~b|	|(ŠA×HI@g~a)~b|	SHA TIMES HI GUNU-A FORM B	SHA TIMES HI GUNU-A FORM B	o0901915
12A2F	𒨯	12B3A	𒬺	ŠA@g	ŠA@g	SHA GUNU	SHA GUNU	o0901916
12A30	𒨰	12B3D	𒬽	ŠA₃~a1	ŠA₃~a1	SHA3-A1	SHA3-A1	o0901918
12A31	𒨱	12B3E	𒬾	ŠA₃~a2	ŠA₃~a2	SHA3-A2	SHA3-A2	o0901919
12A32	𒨲	F3045	󳁅	ŠA₃~a2@g		SHA3-A2 GUNU		o0901924
12A33	𒨳	12B3F	𒬿	ŠA₃~b	ŠA₃~b	SHA3-B	SHA3-B	o0901920
12A34	𒨴	12B40	𒭀	ŠA₃~c	ŠA₃~c	SHA3-C	SHA3-C	o0901921
12A35	𒨵	12B41	𒭁	ŠA₃~d	ŠA₃~d	SHA3-D	SHA3-D	o0901922
12A36	𒨶	12B42	𒭂	ŠAB~a	ŠAB~a	SHAB-A	SHAB-A	o0901926
12A37	𒨷	12B44	𒭄	ŠAB~b	ŠAB~b	SHAB-B	SHAB-B	o0901928
12A38	𒨸	12B46	𒭆	ŠAGAN	ŠAGAN	SHAGAN	SHAGAN	o0901930
12A39	𒨹	12B48	𒭈	ŠAGINA	ŠAGINA	SHAGINA	SHAGINA	o0901932
12A3A	𒨺	12B49	𒭉	ŠAH₂~a	ŠAH₂~a	SHAH2-A	SHAH2-A	o0901934
12A3B	𒨻	12B4A	𒭊	ŠAH₂~b	ŠAH₂~b	SHAH2-B	SHAH2-B	o0901935
12A3C	𒨼	12B4B	𒭋	ŠAH₂~c	ŠAH₂~c	SHAH2-C	SHAH2-C	o0901936
12A3D	𒨽	12B4C	𒭌	ŠAKIR~a	ŠAKIR~a	SHAKIR-A	SHAKIR-A	o0901938
12A3E	𒨾	12B4D	𒭍	ŠAKIR~b	ŠAKIR~b	SHAKIR-B	SHAKIR-B	o0901939
12A3F	𒨿	12B4E	𒭎	ŠAKIR~c	ŠAKIR~c	SHAKIR-C	SHAKIR-C	o0901940
12A40	𒩀	12B4F	𒭏	ŠAM₂	ŠAM₂	SHAM2	SHAM2	o0901941
12A41	𒩁	12B50	𒭐	ŠANDANA~a	ŠANDANA~a	SHANDANA-A	SHANDANA-A	o0901943
12A42	𒩂	12B52	𒭒	ŠE~a	ŠE~a	SHE-A	SHE-A	o0901946
12A43	𒩃	12B56	𒭖	|ŠE~a&ŠE~a|	|ŠE~a&ŠE~a|	SHE-A OVER SHE-A	SHE-A OVER SHE-A	o0901959
12A44	𒩄	12B57	𒭗	ŠE~a@t	ŠE~a@t	SHE-A TENU	SHE-A TENU	o0901961
12A45	𒩅	12B58	𒭘	ŠE~b	ŠE~b	SHE-B	SHE-B	o0901947
12A46	𒩆	12B59	𒭙	ŠE~c	ŠE~c	SHE-C	SHE-C	o0901948
12A47	𒩇	12B5A	𒭚	ŠE₃	ŠE₃	SHE3	SHE3	o0901962
12A48	𒩈	12B5B	𒭛	ŠE₃@t	ŠE₃@t	SHE3 TENU	SHE3 TENU	o0901964
12A49	𒩉	12B5E	𒭞	ŠEG₉	ŠEG₉	SHEG9	SHEG9	o0901966
12A4A	𒩊	12B5F	𒭟	ŠELU	ŠELU	SHELU	SHELU	o0901967
12A4B	𒩋	12B60	𒭠	ŠEN~a	ŠEN~a	SHEN-A	SHEN-A	o0901969
12A4C	𒩌	12B62	𒭢	ŠEN~b	ŠEN~b	SHEN-B	SHEN-B	o0901971
12A4D	𒩍	12B64	𒭤	ŠEN~c	ŠEN~c	SHEN-C	SHEN-C	o0901973
12A4E	𒩎	12B65	𒭥	ŠEN~c@t	ŠEN~c@t	SHEN-C TENU	SHEN-C TENU	o0901981
12A4F	𒩏	12B67	𒭧	|ŠEN~d×A|	|ŠEN~d×A|	SHEN-D TIMES A	SHEN-D TIMES A	o0901979
12A50	𒩐	12B6A	𒭪	ŠEN~e	ŠEN~e	SHEN-E	SHEN-E	o0901977
12A51	𒩑	12B6B	𒭫	ŠENNUR~a	ŠENNUR~a	SHENNUR-A	SHENNUR-A	o0901983
12A52	𒩒	12B6C	𒭬	ŠENNUR~b	ŠENNUR~b	SHENNUR-B	SHENNUR-B	o0901984
12A53	𒩓	12B6D	𒭭	ŠEŠ~a	ŠEŠ~a	SHESH-A	SHESH-A	o0901986
12A54	𒩔	12B6F	𒭯	ŠEŠ~b	ŠEŠ~b	SHESH-B	SHESH-B	o0901988
12A55	𒩕	12B70	𒭰	ŠIDIM	ŠIDIM	SHIDIM	SHIDIM	o0901990
12A56	𒩖	12B72	𒭲	ŠIM~a	ŠIM~a	SHIM-A	SHIM-A	o0901993
12A57	𒩗	12B75	𒭵	ŠIM~b	ŠIM~b	SHIM-B	SHIM-B	o0901996
12A58	𒩘	12B76	𒭶	ŠIR~a	ŠIR~a	SHIR-A	SHIR-A	o0901998
12A59	𒩙	12B78	𒭸	ŠIR~b	ŠIR~b	SHIR-B	SHIR-B	o0902000
12A5A	𒩚	12B7B	𒭻	ŠITA~a1	ŠITA~a1	SHITA-A1	SHITA-A1	o0902004
12A5B	𒩛	12B7C	𒭼	|ŠITA~a1×KAK~a|	|ŠITA~a1×KAK~a|	SHITA-A1 TIMES KAK-A	SHITA-A1 TIMES KAK-A	o0902014
12A5C	𒩜	12B7D	𒭽	|ŠITA~a1×ŠU|	|ŠITA~a1×ŠU|	SHITA-A1 TIMES SHU	SHITA-A1 TIMES SHU	o0902020
12A5D	𒩝	12B82	𒮂	ŠITA~a2	ŠITA~a2	SHITA-A2	SHITA-A2	o0902005
12A5E	𒩞	12B83	𒮃	ŠITA~a3	ŠITA~a3	SHITA-A3	SHITA-A3	o0902006
12A5F	𒩟	12B84	𒮄	ŠITA~b1	ŠITA~b1	SHITA-B1	SHITA-B1	o0902007
12A60	𒩠	12B86	𒮆	ŠITA~b2	ŠITA~b2	SHITA-B2	SHITA-B2	o0902008
12A61	𒩡	12B87	𒮇	|ŠITA~b2@g×HI@g~a|	|ŠITA~b2@g×HI@g~a|	SHITA-B2 GUNU TIMES HI GUNU-A	SHITA-B2 GUNU TIMES HI GUNU-A	o0902012
12A62	𒩢	12B88	𒮈	ŠITA~b3	ŠITA~b3	SHITA-B3	SHITA-B3	o0902009
12A63	𒩣	12B89	𒮉	|ŠITA~b3×NAM₂|	|ŠITA~b3×NAM₂|	SHITA-B3 TIMES NAM2	SHITA-B3 TIMES NAM2	o0902018
12A64	𒩤	12B8A	𒮊	ŠITA@g~a	ŠITA~b3@g	SHITA GUNU-A	SHITA-B3 GUNU	o0902028
12A65	𒩥	12B8C	𒮌	|ŠITA@g~a×1(N06)|	|ŠITA~b3@g×1(N06)|	SHITA GUNU-A TIMES ONE-N6	SHITA-B3 GUNU TIMES ONE-N6	o0902032
12A66	𒩦	12B81	𒮁	ŠITA@g~b	ŠITA~a1@g	SHITA GUNU-B	SHITA-A1 GUNU	o0902026
12A67	𒩧	12B8D	𒮍	ŠU	ŠU	SHU	SHU	o0902033
12A68	𒩨	12B8E	𒮎	|ŠU×1(N58)|	|ŠU×1(N58)|	SHU TIMES ONE-N58	SHU TIMES ONE-N58	o0902034
12A69	𒩩	12B8F	𒮏	|ŠU&ŠU|	|ŠU&ŠU|	SHU OVER SHU	SHU OVER SHU	o0902035
12A6A	𒩪	12B90	𒮐	ŠU@g	ŠU@g	SHU GUNU	SHU GUNU	o0902036
12A6B	𒩫	F3090	󳂐	ŠU₂		SHU2		o0902038
12A6C	𒩬	F3013	󳀓	|ŠU₂×1(N24)|		SHU2 TIMES ONE-N24		o0902057
12A6D	𒩭	12B9D	𒮝	ŠU₁₂	ŠU₁₂	SHU12	SHU12	o0902059
12A6E	𒩮	12B9E	𒮞	ŠUBUR	ŠUBUR	SHUBUR	SHUBUR	o0902060
12A6F	𒩯	12B9F	𒮟	ŠUM	ŠUM	SHUM	SHUM	o0902061
12A70	𒩰	F3017	󳀗	|ŠUR₂×1(N58)|		SHUR2 TIMES ONE-N58		o0902066
12A71	𒩱	12BA0	𒮠	ŠUR₂~a	ŠUR₂~a	SHUR2-A	SHUR2-A	o0902063
12A72	𒩲	12BA1	𒮡	ŠUR₂~b	ŠUR₂~b	SHUR2-B	SHUR2-B	o0902064
12A73	𒩳	12BA2	𒮢	ŠURUPPAK~a	ŠURUPPAK~a	SHURUPPAK-A	SHURUPPAK-A	o0902068
12A74	𒩴	12BA4	𒮤	ŠURUPPAK~b	ŠURUPPAK~b	SHURUPPAK-B	SHURUPPAK-B	o0902070
12A75	𒩵	12BA6	𒮦	TA~a	TA~a	TA-A	TA-A	o0902074
12A76	𒩶	12BA8	𒮨	TA~c	TA~c	TA-C	TA-C	o0902076
12A77	𒩷	12BA9	𒮩	TA~d	TA~d	TA-D	TA-D	o0902077
12A78	𒩸	12BAB	𒮫	TA~e	TA~e	TA-E	TA-E	o0902078
12A79	𒩹	12BAC	𒮬	TAG~a1	TAG~a1	TAG-A1	TAG-A1	o0902083
12A7A	𒩺	12BAD	𒮭	TAG~a1@t	TAG~a1@t	TAG-A1 TENU	TAG-A1 TENU	o0902092
12A7B	𒩻	12BAE	𒮮	TAG~a2	TAG~a2	TAG-A2	TAG-A2	o0902084
12A7C	𒩼	12BAF	𒮯	TAG~a3	TAG~a3	TAG-A3	TAG-A3	o0902085
12A7D	𒩽	12BB0	𒮰	TAG~a4	TAG~a4	TAG-A4	TAG-A4	o0902086
12A7E	𒩾	12BB1	𒮱	TAG~b	TAG~b	TAG-B	TAG-B	o0902087
12A7F	𒩿	12BB2	𒮲	TAG~c	TAG~c	TAG-C	TAG-C	o0902088
12A80	𒪀	12BB3	𒮳	TAG~d	TAG~d	TAG-D	TAG-D	o0902089
12A81	𒪁	12BB4	𒮴	TAK₄~a	TAK₄~a	TAK4-A	TAK4-A	o0902094
12A82	𒪂	12BB5	𒮵	TAK₄~a@n	TAK₄~a@n	TAK4-A NUTILLU	TAK4-A NUTILLU	o0902098
12A83	𒪃	12BB7	𒮷	TAK₄~c	TAK₄~c	TAK4-C	TAK4-C	o0902096
12A84	𒪄	12BB8	𒮸	TAR~a	TAR~a	TAR-A	TAR-A	o0902100
12A85	𒪅	12BB9	𒮹	TE	TE	TE	TE	o0902102
12A86	𒪆	12BBA	𒮺	TI	TI	TI	TI	o0902103
12A87	𒪇	12BBB	𒮻	TI@g	TI@g	TI GUNU	TI GUNU	o0902105
12A88	𒪈	12BBC	𒮼	TI@r	TI@r	TI REVERSED	TI REVERSED	o0902106
12A89	𒪉	12BBD	𒮽	TI@t	TI@t	TI TENU	TI TENU	o0902107
12A8A	𒪊	12BBF	𒮿	TIDNUM	TIDNUM	TIDNUM	TIDNUM	o0902108
12A8B	𒪋	12BC0	𒯀	TILLA₂	TILLA₂	TILLA2	TILLA2	o0902109
12A8C	𒪌	12BC1	𒯁	TU~a	TU~a	TU-A	TU-A	o0902111
12A8D	𒪍	12BC2	𒯂	TU~b	TU~b	TU-B	TU-B	o0902112
12A8E	𒪎	12BC3	𒯃	TU~c	TU~c	TU-C	TU-C	o0902114
12A8F	𒪏	12BC4	𒯄	TUG₂~a	TUG₂~a	TUG2-A	TUG2-A	o0902116
12A90	𒪐	12BC6	𒯆	TUG₂~a@g	TUG₂~a@g	TUG2-A GUNU	TUG2-A GUNU	o0902123
12A91	𒪑	12BC8	𒯈	TUG₂~b	TUG₂~b	TUG2-B	TUG2-B	o0902117
12A92	𒪒	12BC9	𒯉	TUG₂~c	TUG₂~c	TUG2-C	TUG2-C	o0902118
12A93	𒪓	12BCB	𒯋	TUM~a	TUM~a	TUM-A	TUM-A	o0902128
12A94	𒪔	12BCC	𒯌	TUM~a@g	TUM~a@g	TUM-A GUNU	TUM-A GUNU	o0902133
12A95	𒪕	12BCD	𒯍	TUM~b	TUM~b	TUM-B	TUM-B	o0902129
12A96	𒪖	12BCE	𒯎	TUM~c	TUM~c	TUM-C	TUM-C	o0902130
12A97	𒪗	12BCF	𒯏	TUM~d	TUM~d	TUM-D	TUM-D	o0902131
12A98	𒪘	12BD0	𒯐	TUN₃~a	TUN₃~a	TUN3-A	TUN3-A	o0902136
12A99	𒪙	12BD1	𒯑	TUN₃~b	TUN₃~b	TUN3-B	TUN3-B	o0902137
12A9A	𒪚	12BD2	𒯒	TUN₃~c	TUN₃~c	TUN3-C	TUN3-C	o0902138
12A9B	𒪛	12BD3	𒯓	TUR	TUR	TUR	TUR	o0902139
12A9C	𒪜	12BD4	𒯔	TUR@g	TUR@g	TUR GUNU	TUR GUNU	o0902144
12A9D	𒪝	12BD8	𒯘	TUR₃~a	TUR₃~a	TUR3-A	TUR3-A	o0902146
12A9E	𒪞	12BDA	𒯚	TUR₃~b	TUR₃~b	TUR3-B	TUR3-B	o0902147
12A9F	𒪟	12BDB	𒯛	TUR₃~c	TUR₃~c	TUR3-C	TUR3-C	o0902148
12AA0	𒪠	12BDC	𒯜	U₂~a	U₂~a	U2-A	U2-A	o0902156
12AA1	𒪡	12BDD	𒯝	U₂~b	U₂~b	U2-B	U2-B	o0902157
12AA2	𒪢	12BE0	𒯠	U₂~c	U₂~c	U2-C	U2-C	o0902160
12AA3	𒪣	12BE1	𒯡	U₄	U₄	U4	U4	o0902161
12AA4	𒪤	12BF3	𒯳	|U₄×1(N01)|	|U₄×1(N01)|	U4 TIMES ONE-N1	U4 TIMES ONE-N1	o0902178
12AA5	𒪥	12BF5	𒯵	|U₄×2(N01)|	|U₄×2(N01)|	U4 TIMES TWO-N1	U4 TIMES TWO-N1	o0902182
12AA6	𒪦	12BF9	𒯹	|U₄×3(N01)|	|U₄×3(N01)|	U4 TIMES THREE-N1	U4 TIMES THREE-N1	o0902186
12AA7	𒪧	12BFB	𒯻	|U₄×4(N01)|	|U₄×4(N01)|	U4 TIMES FOUR-N1	U4 TIMES FOUR-N1	o0902188
12AA8	𒪨	12BFD	𒯽	|U₄×5(N01)|	|U₄×5(N01)|	U4 TIMES FIVE-N1	U4 TIMES FIVE-N1	o0902190
12AA9	𒪩	12BFF	𒯿	|U₄×6(N01)|	|U₄×6(N01)|	U4 TIMES SIX-N1	U4 TIMES SIX-N1	o0902192
12AAA	𒪪	12C00	𒰀	|U₄×8(N01)|	|U₄×8(N01)|	U4 TIMES EIGHT-N1	U4 TIMES EIGHT-N1	o0902193
12AAB	𒪫	12C03	𒰃	|U₄×1(N14)|	|U₄×1(N14)|	U4 TIMES ONE-N14	U4 TIMES ONE-N14	o0902196
12AAC	𒪬	F3008	󳀈	|U₄×(1(N14).1(N01))|		U4 TIMES ONE-N14 PLUS ONE-N1		o0902197
12AAD	𒪭	12C04	𒰄	|U₄×(1(N14).2(N01))|	|U₄×(1(N14).2(N01))|	U4 TIMES ONE-N14 PLUS TWO-N1	U4 TIMES ONE-N14 PLUS TWO-N1	o0902198
12AAE	𒪮	12C05	𒰅	|U₄×(1(N14).4(N01))|	|U₄×(1(N14).4(N01))|	U4 TIMES ONE-N14 PLUS FOUR-N1	U4 TIMES ONE-N14 PLUS FOUR-N1	o0902200
12AAF	𒪯	12C06	𒰆	|U₄×(1(N14).8(N01))|	|U₄×(1(N14).8(N01))|	U4 TIMES ONE-N14 PLUS EIGHT-N1	U4 TIMES ONE-N14 PLUS EIGHT-N1	o0902201
12AB0	𒪰	12C08	𒰈	|U₄×(2(N14).4(N01))|	|U₄×(2(N14).4(N01))|	U4 TIMES TWO-N14 PLUS FOUR-N1	U4 TIMES TWO-N14 PLUS FOUR-N1	o0902203
12AB1	𒪱	12C09	𒰉	|U₄×(3(N14).2(N01))|	|U₄×(3(N14).2(N01))|	U4 TIMES THREE-N14 PLUS TWO-N1	U4 TIMES THREE-N14 PLUS TWO-N1	o0902204
12AB2	𒪲	12C0A	𒰊	|U₄×(3(N14).7(N01))|	|U₄×(3(N14).7(N01))|	U4 TIMES THREE-N14 PLUS SEVEN-N1	U4 TIMES THREE-N14 PLUS SEVEN-N1	o0902205
12AB3	𒪳	12C0B	𒰋	|U₄×1(N57)|	|U₄×1(N57)|	U4 TIMES ONE-N57	U4 TIMES ONE-N57	o0902206
12AB4	𒪴	12C0C	𒰌	|U₄×2(N57)|	|U₄×2(N57)|	U4 TIMES TWO-N57	U4 TIMES TWO-N57	o0902207
12AB5	𒪵	12C0D	𒰍	|U₄×3(N57)|	|U₄×3(N57)|	U4 TIMES THREE-N57	U4 TIMES THREE-N57	o0902208
12AB6	𒪶	12C0E	𒰎	|U₄×4(N57)|	|U₄×4(N57)|	U4 TIMES FOUR-N57	U4 TIMES FOUR-N57	o0902209
12AB7	𒪷	12C0F	𒰏	|U₄×5(N57)|	|U₄×5(N57)|	U4 TIMES FIVE-N57	U4 TIMES FIVE-N57	o0902210
12AB8	𒪸	12C10	𒰐	|U₄×6(N57)|	|U₄×6(N57)|	U4 TIMES SIX-N57	U4 TIMES SIX-N57	o0902211
12AB9	𒪹	12C11	𒰑	|U₄×7(N57)|	|U₄×7(N57)|	U4 TIMES SEVEN-N57	U4 TIMES SEVEN-N57	o0902212
12ABA	𒪺	12C12	𒰒	|U₄×8(N57)|	|U₄×8(N57)|	U4 TIMES EIGHT-N57	U4 TIMES EIGHT-N57	o0902213
12ABB	𒪻	12C13	𒰓	|U₄×10(N57)|	|U₄×10(N57)|	U4 TIMES TEN-N57	U4 TIMES TEN-N57	o0902214
12ABC	𒪼	12C14	𒰔	|U₄×1(N58@t)|	|U₄×1(N58@t)|	U4 TIMES ONE-N58 TENU	U4 TIMES ONE-N58 TENU	o0902215
12ABD	𒪽	12C15	𒰕	U₄@t	U₄@t	U4 TENU	U4 TENU	o0902226
12ABE	𒪾	12C16	𒰖	U₈	U₈	U8	U8	o0902220
12ABF	𒪿	12C17	𒰗	|U₈×TAR~b|	|U₈×TAR~b|	U8 TIMES TAR-B	U8 TIMES TAR-B	o0902225
12AC0	𒫀	12C1B	𒰛	UB	UB	UB	UB	o0902227
12AC1	𒫁	12C1C	𒰜	UBI~a	UBI~a	UBI-A	UBI-A	o0902229
12AC2	𒫂	12C1D	𒰝	UBI~c	UBI~c	UBI-C	UBI-C	o0902230
12AC3	𒫃	F304E	󳁎	UBI~d		UBI-D		o0902232
12AC4	𒫄	12C1F	𒰟	UD₅~a	UD₅~a	UD5-A	UD5-A	o0902234
12AC5	𒫅	12C20	𒰠	UD₅~a@g	UD₅~a@g	UD5-A GUNU	UD5-A GUNU	o0902241
12AC6	𒫆	12C23	𒰣	UD₅~b	UD₅~b	UD5-B	UD5-B	o0902237
12AC7	𒫇	12C24	𒰤	UD₅~c	UD₅~c	UD5-C	UD5-C	o0902238
12AC8	𒫈	12C25	𒰥	UDU~a	UDU~a	UDU-A	UDU-A	o0902243
12AC9	𒫉	12C26	𒰦	|UDU~a×TAR~a|	|UDU~a×TAR~a|	UDU-A TIMES TAR-A	UDU-A TIMES TAR-A	o0902247
12ACA	𒫊	12C27	𒰧	|UDU~a×TAR~b|	|UDU~a×TAR~b|	UDU-A TIMES TAR-B	UDU-A TIMES TAR-B	o0902248
12ACB	𒫋	12C29	𒰩	UDU~c	UDU~c	UDU-C	UDU-C	o0902245
12ACC	𒫌	12C2A	𒰪	UDUNITA~a	UDUNITA~a	UDUNITA-A	UDUNITA-A	o0902250
12ACD	𒫍	12C2B	𒰫	UDUNITA~b	UDUNITA~b	UDUNITA-B	UDUNITA-B	o0902251
12ACE	𒫎	12C2C	𒰬	UDUNITA~c	UDUNITA~c	UDUNITA-C	UDUNITA-C	o0902252
12ACF	𒫏	12C2E	𒰮	UH₃~a	UH₃~a	UH3-A	UH3-A	o0902256
12AD0	𒫐	12C2F	𒰯	UH₃~a@t	UH₃~a@t	UH3-A TENU	UH3-A TENU	o0902259
12AD1	𒫑	12C30	𒰰	UH₃~b	UH₃~b	UH3-B	UH3-B	o0902257
12AD2	𒫒	12C31	𒰱	UKKIN~a	UKKIN~a	UKKIN-A	UKKIN-A	o0902261
12AD3	𒫓	12C33	𒰳	UKKIN~b	UKKIN~b	UKKIN-B	UKKIN-B	o0902263
12AD4	𒫔	12C34	𒰴	|UKKIN~b×DIN|	|UKKIN~b×DIN|	UKKIN-B TIMES DIN	UKKIN-B TIMES DIN	o0902268
12AD5	𒫕	12C35	𒰵	|UKKIN~b×(DIN.1(N01))|	|UKKIN~b×(DIN.1(N01))|	UKKIN-B TIMES DIN PLUS ONE-N1	UKKIN-B TIMES DIN PLUS ONE-N1	o0902270
12AD6	𒫖	12C36	𒰶	|UKKIN~b×HI@g~a|	|UKKIN~b×HI@g~a|	UKKIN-B TIMES HI GUNU-A	UKKIN-B TIMES HI GUNU-A	o0902274
12AD7	𒫗	12C37	𒰷	|UKKIN~b×NI~a|	|UKKIN~b×NI~a|	UKKIN-B TIMES NI-A	UKKIN-B TIMES NI-A	o0902282
12AD8	𒫘	12C39	𒰹	|UKKIN~b×2(N01)|	|UKKIN~b×2(N01)|	UKKIN-B TIMES TWO-N1	UKKIN-B TIMES TWO-N1	o0902276
12AD9	𒫙	12C3A	𒰺	|UKKIN~b×3(N01)|	|UKKIN~b×3(N01)|	UKKIN-B TIMES THREE-N1	UKKIN-B TIMES THREE-N1	o0902278
12ADA	𒫚	12C3B	𒰻	|UKKIN~b×5(N01)|	|UKKIN~b×5(N01)|	UKKIN-B TIMES FIVE-N1	UKKIN-B TIMES FIVE-N1	o0902280
12ADB	𒫛	12C3D	𒰽	UKKIN~c	UKKIN~c	UKKIN-C	UKKIN-C	o0902265
12ADC	𒫜	12C3E	𒰾	UMBIN~a	UMBIN~a	UMBIN-A	UMBIN-A	o0902286
12ADD	𒫝	12C3F	𒰿	UMBIN~b1	UMBIN~b1	UMBIN-B1	UMBIN-B1	o0902287
12ADE	𒫞	12C40	𒱀	UMBIN~b2	UMBIN~b2	UMBIN-B2	UMBIN-B2	o0902288
12ADF	𒫟	12C41	𒱁	UMBIN~c	UMBIN~c	UMBIN-C	UMBIN-C	o0902289
12AE0	𒫠	12C42	𒱂	UMUN₂	UMUN₂	UMUN2	UMUN2	o0902290
12AE1	𒫡	12C44	𒱄	UNUG~a	UNUG~a	UNUG-A	UNUG-A	o0902293
12AE2	𒫢	12C47	𒱇	|UNUG~a×A@t|	|UNUG~a~v1×A@t|	UNUG-A TIMES A TENU	UNUG-A VARIANT 1 TIMES A TENU	o0902298
12AE3	𒫣	12C45	𒱅	UNUG~a@s	UNUG~a@s	UNUG-A SHESHIG	UNUG-A SHESHIG	o0902300
12AE4	𒫤	12C48	𒱈	UNUG~b	UNUG~b	UNUG-B	UNUG-B	o0902295
12AE5	𒫥	12C49	𒱉	UNUG~c	UNUG~c	UNUG-C	UNUG-C	o0902296
12AE6	𒫦	12C4A	𒱊	UR~a	UR~a	UR-A	UR-A	o0902302
12AE7	𒫧	12C4C	𒱌	UR~a@g	UR~a@g	UR-A GUNU	UR-A GUNU	o0902308
12AE8	𒫨	12C4D	𒱍	UR~b	UR~b	UR-B	UR-B	o0902303
12AE9	𒫩	12C4E	𒱎	UR~c	UR~c	UR-C	UR-C	o0902304
12AEA	𒫪	12C4F	𒱏	UR₂	UR₂	UR2	UR2	o0902309
12AEB	𒫫	12C50	𒱐	|UR₂×TAR~c|	|UR₂×TAR~c|	UR2 TIMES TAR-C	UR2 TIMES TAR-C	o0902311
12AEC	𒫬	12C51	𒱑	|UR₂×1(N57)|	|UR₂×1(N57)|	UR2 TIMES ONE-N57	UR2 TIMES ONE-N57	o0902310
12AED	𒫭	12C52	𒱒	UR₃~a1	UR₃~a1	UR3-A1	UR3-A1	o0902313
12AEE	𒫮	12C54	𒱔	UR₃~a2	UR₃~a2	UR3-A2	UR3-A2	o0902315
12AEF	𒫯	12C55	𒱕	UR₃~a3	UR₃~a3	UR3-A3	UR3-A3	o0902316
12AF0	𒫰	12C56	𒱖	UR₃~b1	UR₃~b1	UR3-B1	UR3-B1	o0902317
12AF1	𒫱	12C58	𒱘	UR₃~b2	UR₃~b2	UR3-B2	UR3-B2	o0902318
12AF2	𒫲	12C59	𒱙	UR₄~a	UR₄~a	UR4-A	UR4-A	o0902323
12AF3	𒫳	12C5A	𒱚	UR₄~b	UR₄~b	UR4-B	UR4-B	o0902324
12AF4	𒫴	12C5B	𒱛	UR₄~c	UR₄~c	UR4-C	UR4-C	o0902325
12AF5	𒫵	12C5C	𒱜	UR₅~a	UR₅~a	UR5-A	UR5-A	o0902327
12AF6	𒫶	12C5D	𒱝	UR₅~b	UR₅~b	UR5-B	UR5-B	o0902328
12AF7	𒫷	12C5E	𒱞	URI	URI	URI	URI	o0902329
12AF8	𒫸	12C5F	𒱟	URI₃~a	URI₃~a	URI3-A	URI3-A	o0902332
12AF9	𒫹	12C61	𒱡	URI₃~b	URI₃~b	URI3-B	URI3-B	o0902334
12AFA	𒫺	12C62	𒱢	URI₅	URI₅	URI5	URI5	o0902337
12AFB	𒫻	12C63	𒱣	URU~a1	URU~a1	URU-A1	URU-A1	o0902339
12AFC	𒫼	12C64	𒱤	|URU~a1×AMAR|	|URU~a1×AMAR~v2|	URU-A1 TIMES AMAR	URU-A1 TIMES AMAR VARIANT 2	o0902347
12AFD	𒫽	12C66	𒱦	|URU~a1×HI@g~a|	|URU~a1×HI@g~a|	URU-A1 TIMES HI GUNU-A	URU-A1 TIMES HI GUNU-A	o0902351
12AFE	𒫾	F301B	󳀛	|URU~a1×KI|		URU-A1 TIMES KI		o0902355
12AFF	𒫿	12C67	𒱧	|URU~a1×NIMGIR|	|URU~a1×NIMGIR|	URU-A1 TIMES NIMGIR	URU-A1 TIMES NIMGIR	o0902365
12B00	𒬀	12C68	𒱨	|URU~a1×U₄|	|URU~a1×U₄|	URU-A1 TIMES U4	URU-A1 TIMES U4	o0902367
12B01	𒬁	12C6A	𒱪	|URU~a1×1(N57)|	|URU~a1×1(N57)|	URU-A1 TIMES ONE-N57	URU-A1 TIMES ONE-N57	o0902357
12B02	𒬂	F304F	󳁏	|URU~a1×3(N57)|		URU-A1 TIMES THREE-N57		o0902361
12B03	𒬃	12C6D	𒱭	URU~a2	URU~a2	URU-A2	URU-A2	o0902340
12B04	𒬄	12C6E	𒱮	|URU~a2×1(N58)|	|URU~a2×1(N58)|	URU-A2 TIMES ONE-N58	URU-A2 TIMES ONE-N58	o0902363
12B05	𒬅	12C6F	𒱯	|URU~a3×KALAM~a|	|URU~a3×KALAM~a|	URU-A3 TIMES KALAM-A	URU-A3 TIMES KALAM-A	o0902353
12B06	𒬆	12C70	𒱰	URU~b1	URU~b1	URU-B1	URU-B1	o0902341
12B07	𒬇	12C71	𒱱	URU~b2	URU~b2	URU-B2	URU-B2	o0902342
12B08	𒬈	12C72	𒱲	URU~c	URU~c	URU-C	URU-C	o0902343
12B09	𒬉	12C73	𒱳	URUDU~a	URUDU~a	URUDU-A	URUDU-A	o0902373
12B0A	𒬊	12C76	𒱶	URUDU~c	URUDU~c	URUDU-C	URUDU-C	o0902376
12B0B	𒬋	12C77	𒱷	URUDU~d	URUDU~d	URUDU-D	URUDU-D	o0902377
12B0C	𒬌	12C78	𒱸	URUDU@g~a	URUDU@g~a	URUDU GUNU-A	URUDU GUNU-A	o0902379
12B0D	𒬍	12C7A	𒱺	URUDU@g~c	URUDU@g~c	URUDU GUNU-C	URUDU GUNU-C	o0902381
12B0E	𒬎	12C7B	𒱻	URUDU@g~d	URUDU@g~d	URUDU GUNU-D	URUDU GUNU-D	o0902382
12B0F	𒬏	12C7C	𒱼	UŠ~a	UŠ~a	USH-A	USH-A	o0902384
12B10	𒬐	12C7D	𒱽	|UŠ~a&UŠ~a|	|UŠ~a&UŠ~a|	USH-A OVER USH-A	USH-A OVER USH-A	o0902392
12B11	𒬑	12C7E	𒱾	UŠ~b	UŠ~b	USH-B	USH-B	o0902385
12B12	𒬒	12C7F	𒱿	|UŠ~b×TAR~c|	|UŠ~b×TAR~c|	USH-B TIMES TAR-C	USH-B TIMES TAR-C	o0902388
12B13	𒬓	12C80	𒲀	|UŠ~b&UŠ~b|	|UŠ~b&UŠ~b|	USH-B OVER USH-B	USH-B OVER USH-B	o0902393
12B14	𒬔	12C83	𒲃	UŠUMGAL	UŠUMGAL	USHUMGAL	USHUMGAL	o0902394
12B15	𒬕	12C84	𒲄	UŠUR₃~b1	UŠUR₃~b1	USHUR3-B1	USHUR3-B1	o0902397
12B16	𒬖	12C85	𒲅	UŠUR₃~b2	UŠUR₃~b2	USHUR3-B2	USHUR3-B2	o0902398
12B17	𒬗	12C86	𒲆	UTUA~a	UTUA~a	UTUA-A	UTUA-A	o0902400
12B18	𒬘	12C87	𒲇	UTUA~a@t	UTUA~a@t	UTUA-A TENU	UTUA-A TENU	o0902404
12B19	𒬙	12C88	𒲈	UTUA~b	UTUA~b	UTUA-B	UTUA-B	o0902401
12B1A	𒬚	12C8A	𒲊	UTUL~a	UTUL~a	UTUL-A	UTUL-A	o0902406
12B1B	𒬛	12C8B	𒲋	UTUL~b	UTUL~b	UTUL-B	UTUL-B	o0902407
12B1C	𒬜	12C8C	𒲌	UTUL~c	UTUL~c	UTUL-C	UTUL-C	o0902408
12B1D	𒬝	12C8D	𒲍	UTUL~d	UTUL~d	UTUL-D	UTUL-D	o0902409
12B1E	𒬞	12C8E	𒲎	UZ~a	UZ~a	UZ-A	UZ-A	o0902411
12B1F	𒬟	12C8F	𒲏	UZU	UZU	UZU	UZU	o0902412
12B20	𒬠	12C90	𒲐	ZA~v	ZA~v	ZA-V	ZA-V	o0902416
12B21	𒬡	12C91	𒲑	ZABALAM~a	ZABALAM~a	ZABALAM-A	ZABALAM-A	o0902418
12B22	𒬢	12C93	𒲓	ZAG~a	ZAG~a	ZAG-A	ZAG-A	o0902422
12B23	𒬣	12C95	𒲕	ZAG~b	ZAG~b	ZAG-B	ZAG-B	o0902424
12B24	𒬤	12C96	𒲖	ZAG~c	ZAG~c	ZAG-C	ZAG-C	o0902425
12B25	𒬥	12C97	𒲗	ZAR~a	ZAR~a	ZAR-A	ZAR-A	o0902427
12B26	𒬦	12C98	𒲘	ZAR~b1	ZAR~b1	ZAR-B1	ZAR-B1	o0902428
12B27	𒬧	12C99	𒲙	ZAR~b2	ZAR~b2	ZAR-B2	ZAR-B2	o0902429
12B28	𒬨	12C9A	𒲚	ZAR~c	ZAR~c	ZAR-C	ZAR-C	o0902430
12B29	𒬩	12C9B	𒲛	ZATU620	ZATU620	ZATU620	ZATU620	o0902431
12B2A	𒬪	12C9C	𒲜	ZATU621~a	ZATU621~a	ZATU621-A	ZATU621-A	o0902433
12B2B	𒬫	12C9D	𒲝	ZATU621~b	ZATU621~b	ZATU621-B	ZATU621-B	o0902434
12B2C	𒬬	12C9E	𒲞	ZATU621~c	ZATU621~c	ZATU621-C	ZATU621-C	o0902435
12B2D	𒬭	12C9F	𒲟	ZATU621~d	ZATU621~d	ZATU621-D	ZATU621-D	o0902436
12B2E	𒬮	12CA0	𒲠	ZATU622	ZATU622	ZATU622	ZATU622	o0902437
12B2F	𒬯	12CA1	𒲡	ZATU623	ZATU623	ZATU623	ZATU623	o0902438
12B30	𒬰	12CA4	𒲤	ZATU624~a	ZATU624~a	ZATU624-A	ZATU624-A	o0902442
12B31	𒬱	12CA5	𒲥	ZATU624~b	ZATU624~b	ZATU624-B	ZATU624-B	o0902443
12B32	𒬲	12CA7	𒲧	ZATU625	ZATU625	ZATU625	ZATU625	o0902445
12B33	𒬳	12CA9	𒲩	ZATU626~a	ZATU626~a	ZATU626-A	ZATU626-A	o0902448
12B34	𒬴	12CAA	𒲪	ZATU626~b	ZATU626~b	ZATU626-B	ZATU626-B	o0902449
12B35	𒬵	12CAB	𒲫	ZATU626~c	ZATU626~c	ZATU626-C	ZATU626-C	o0902450
12B36	𒬶	12CAD	𒲭	ZATU628~a	ZATU628~a	ZATU628-A	ZATU628-A	o0902453
12B37	𒬷	12CAF	𒲯	ZATU628~b	ZATU628~b	ZATU628-B	ZATU628-B	o0902455
12B38	𒬸	12CB0	𒲰	ZATU629	ZATU629	ZATU629	ZATU629	o0902456
12B39	𒬹	12CB2	𒲲	ZATU630	ZATU630	ZATU630	ZATU630	o0902458
12B3A	𒬺	12CB3	𒲳	ZATU631	ZATU631	ZATU631	ZATU631	o0902459
12B3B	𒬻	12CB4	𒲴	ZATU632~a	ZATU632~a	ZATU632-A	ZATU632-A	o0902461
12B3C	𒬼	12CB6	𒲶	ZATU632~b	ZATU632~b	ZATU632-B	ZATU632-B	o0902463
12B3D	𒬽	12CB8	𒲸	ZATU633~a	ZATU633~a	ZATU633-A	ZATU633-A	o0902466
12B3E	𒬾	12CB9	𒲹	ZATU633~b	ZATU633~b	ZATU633-B	ZATU633-B	o0902467
12B3F	𒬿	12CBB	𒲻	ZATU635	ZATU635	ZATU635	ZATU635	o0902469
12B40	𒭀	12CBC	𒲼	ZATU636	ZATU636	ZATU636	ZATU636	o0902470
12B41	𒭁	12CBE	𒲾	ZATU637	ZATU637	ZATU637	ZATU637	o0902472
12B42	𒭂	12CBF	𒲿	ZATU639	ZATU639	ZATU639	ZATU639	o0902473
12B43	𒭃	12CC0	𒳀	ZATU640	ZATU640	ZATU640	ZATU640	o0902474
12B44	𒭄	12CC1	𒳁	ZATU641	ZATU641	ZATU641	ZATU641	o0902475
12B45	𒭅	12CC2	𒳂	ZATU642	ZATU642	ZATU642	ZATU642	o0902476
12B46	𒭆	12CC3	𒳃	ZATU643	ZATU643	ZATU643	ZATU643	o0902477
12B47	𒭇	12CC4	𒳄	ZATU644~a	ZATU644~a	ZATU644-A	ZATU644-A	o0902479
12B48	𒭈	12CC6	𒳆	ZATU644~b	ZATU644~b	ZATU644-B	ZATU644-B	o0902480
12B49	𒭉	12CC7	𒳇	ZATU646	ZATU646	ZATU646	ZATU646	o0902483
12B4A	𒭊	12CC8	𒳈	ZATU647	ZATU647	ZATU647	ZATU647	o0902484
12B4B	𒭋	12CCA	𒳊	ZATU648	ZATU648	ZATU648	ZATU648	o0902486
12B4C	𒭌	12CCB	𒳋	ZATU649	ZATU649	ZATU649	ZATU649	o0902487
12B4D	𒭍	12CCD	𒳍	ZATU650	ZATU650	ZATU650	ZATU650	o0902489
12B4E	𒭎	12CCE	𒳎	ZATU651	ZATU651	ZATU651	ZATU651	o0902490
12B4F	𒭏	12CCF	𒳏	|ZATU651×AN|	|ZATU651×AN|	ZATU651 TIMES AN	ZATU651 TIMES AN	o0902493
12B50	𒭐	12CD0	𒳐	|ZATU651×EN~a|	|ZATU651×EN~a~v2|	ZATU651 TIMES EN-A	ZATU651 TIMES EN-A VARIANT 2	o0902495
12B51	𒭑	12CD1	𒳑	|ZATU651×GAR|	|ZATU651×GAR|	ZATU651 TIMES GAR	ZATU651 TIMES GAR	o0902496
12B52	𒭒	12CD2	𒳒	|ZATU651×MA|	|ZATU651×MA|	ZATU651 TIMES MA	ZATU651 TIMES MA	o0902497
12B53	𒭓	12CD3	𒳓	|ZATU651×NUN~a|	|ZATU651×NUN~a|	ZATU651 TIMES NUN-A	ZATU651 TIMES NUN-A	o0902499
12B54	𒭔	12CD5	𒳕	|ZATU651×ZAR~c|	|ZATU651×ZAR~c|	ZATU651 TIMES ZAR-C	ZATU651 TIMES ZAR-C	o0902504
12B55	𒭕	12CD6	𒳖	ZATU651@g	ZATU651@g	ZATU651@g	ZATU651 GUNU	o0902505
12B56	𒭖	12CDA	𒳚	ZATU659	ZATU659	ZATU659	ZATU659	o0902506
12B57	𒭗	12CDB	𒳛	|ZATU659×1(N01)|	|ZATU659×1(N01)|	ZATU659 TIMES ONE-N1	ZATU659 TIMES ONE-N1	o0902507
12B58	𒭘	12CDC	𒳜	|ZATU659×1(N14)|	|ZATU659×1(N14)|	ZATU659 TIMES ONE-N14	ZATU659 TIMES ONE-N14	o0902508
12B59	𒭙	12CDD	𒳝	|ZATU659×1(N58@t)|	|ZATU659×1(N58@t)|	ZATU659 TIMES ONE-N58 TENU	ZATU659 TIMES ONE-N58 TENU	o0902509
12B5A	𒭚	12CDE	𒳞	ZATU662	ZATU662	ZATU662	ZATU662	o0902511
12B5B	𒭛	12CDF	𒳟	|ZATU662×1(N14)|	|ZATU662×1(N14)|	ZATU662 TIMES ONE-N14	ZATU662 TIMES ONE-N14	o0902515
12B5C	𒭜	12CE5	𒳥	ZATU664	ZATU664	ZATU664	ZATU664	o0902518
12B5D	𒭝	12CE6	𒳦	ZATU665	ZATU665	ZATU665	ZATU665	o0902519
12B5E	𒭞	12CE7	𒳧	ZATU666	ZATU666	ZATU666	ZATU666	o0902520
12B5F	𒭟	12CE8	𒳨	ZATU667	ZATU667	ZATU667	ZATU667	o0902521
12B60	𒭠	12CE9	𒳩	ZATU668	ZATU668	ZATU668	ZATU668	o0902522
12B61	𒭡	12CEA	𒳪	ZATU669	ZATU669	ZATU669	ZATU669	o0902523
12B62	𒭢	12CEB	𒳫	ZATU670	ZATU670	ZATU670	ZATU670	o0902524
12B63	𒭣	12CEC	𒳬	ZATU672	ZATU672	ZATU672	ZATU672	o0902525
12B64	𒭤	12CEE	𒳮	ZATU675~a	ZATU675~a	ZATU675-A	ZATU675-A	o0902528
12B65	𒭥	12CEF	𒳯	ZATU675~b	ZATU675~b	ZATU675-B	ZATU675-B	o0902529
12B66	𒭦	12CF1	𒳱	ZATU675~c	ZATU675~c	ZATU675-C	ZATU675-C	o0902531
12B67	𒭧	12CF2	𒳲	ZATU675~d	ZATU675~d	ZATU675-D	ZATU675-D	o0902532
12B68	𒭨	12CF3	𒳳	ZATU676~a	ZATU676~a	ZATU676-A	ZATU676-A	o0902534
12B69	𒭩	12CF4	𒳴	ZATU676~b	ZATU676~b	ZATU676-B	ZATU676-B	o0902535
12B6A	𒭪	12CF5	𒳵	ZATU677~a	ZATU677~a	ZATU677-A	ZATU677-A	o0902537
12B6B	𒭫	12CF6	𒳶	ZATU677~b	ZATU677~b	ZATU677-B	ZATU677-B	o0902538
12B6C	𒭬	12CF7	𒳷	ZATU678	ZATU678	ZATU678	ZATU678	o0902539
12B6D	𒭭	12CF8	𒳸	ZATU679	ZATU679	ZATU679	ZATU679	o0902540
12B6E	𒭮	12CF9	𒳹	ZATU680~a1	ZATU680~a1	ZATU680-A1	ZATU680-A1	o0902542
12B6F	𒭯	12CFA	𒳺	ZATU680~a2	ZATU680~a2	ZATU680-A2	ZATU680-A2	o0902543
12B70	𒭰	12CFB	𒳻	ZATU680~b	ZATU680~b	ZATU680-B	ZATU680-B	o0902544
12B71	𒭱	12CFD	𒳽	ZATU680~d	ZATU680~d	ZATU680-D	ZATU680-D	o0902546
12B72	𒭲	12CFE	𒳾	ZATU680~e	ZATU680~e	ZATU680-E	ZATU680-E	o0902547
12B73	𒭳	12CFF	𒳿	ZATU681	ZATU681	ZATU681	ZATU681	o0902548
12B74	𒭴	12D00	𒴀	ZATU682	ZATU682	ZATU682	ZATU682	o0902549
12B75	𒭵	12D01	𒴁	ZATU683~a	ZATU683~a	ZATU683-A	ZATU683-A	o0902551
12B76	𒭶	12D02	𒴂	ZATU683~b	ZATU683~b	ZATU683-B	ZATU683-B	o0902552
12B77	𒭷	12D04	𒴄	ZATU684	ZATU684	ZATU684	ZATU684	o0902554
12B78	𒭸	12D05	𒴅	ZATU685	ZATU685	ZATU685	ZATU685	o0902555
12B79	𒭹	12D06	𒴆	ZATU686~a	ZATU686~a	ZATU686-A	ZATU686-A	o0902557
12B7A	𒭺	12D07	𒴇	ZATU686~b	ZATU686~b	ZATU686-B	ZATU686-B	o0902558
12B7B	𒭻	12D08	𒴈	ZATU686~c	ZATU686~c	ZATU686-C	ZATU686-C	o0902559
12B7C	𒭼	12D09	𒴉	ZATU687	ZATU687	ZATU687	ZATU687	o0902560
12B7D	𒭽	12D0A	𒴊	ZATU688~a	ZATU688~a	ZATU688-A	ZATU688-A	o0902562
12B7E	𒭾	12D0B	𒴋	ZATU688~b	ZATU688~b	ZATU688-B	ZATU688-B	o0902563
12B7F	𒭿	12D0C	𒴌	ZATU689	ZATU689	ZATU689	ZATU689	o0902564
12B80	𒮀	12D0D	𒴍	ZATU690	ZATU690	ZATU690	ZATU690	o0902565
12B81	𒮁	12D0E	𒴎	ZATU691	ZATU691	ZATU691	ZATU691	o0902566
12B82	𒮂	12D0F	𒴏	ZATU692	ZATU692	ZATU692	ZATU692	o0902567
12B83	𒮃	12D10	𒴐	ZATU693	ZATU693	ZATU693	ZATU693	o0902568
12B84	𒮄	12D11	𒴑	ZATU693@t	ZATU693@t	ZATU693@t	ZATU693 TENU	o0902571
12B85	𒮅	12D14	𒴔	ZATU694~a	ZATU694~a	ZATU694-A	ZATU694-A	o0902573
12B86	𒮆	12D15	𒴕	ZATU694~b	ZATU694~b	ZATU694-B	ZATU694-B	o0902574
12B87	𒮇	12D16	𒴖	ZATU694~c	ZATU694~c	ZATU694-C	ZATU694-C	o0902575
12B88	𒮈	12D18	𒴘	ZATU694~d	ZATU694~d	ZATU694-D	ZATU694-D	o0902577
12B89	𒮉	12D19	𒴙	ZATU694~d@t	ZATU694~d@t	ZATU694-D@t	ZATU694-D TENU	o0902580
12B8A	𒮊	12D1A	𒴚	ZATU695	ZATU695	ZATU695	ZATU695	o0902581
12B8B	𒮋	12D1B	𒴛	ZATU696	ZATU696	ZATU696	ZATU696	o0902582
12B8C	𒮌	12D1C	𒴜	ZATU697~a	ZATU697~a	ZATU697-A	ZATU697-A	o0902584
12B8D	𒮍	12D20	𒴠	ZATU697~b	ZATU697~b	ZATU697-B	ZATU697-B	o0902588
12B8E	𒮎	12D23	𒴣	ZATU699~b	ZATU699~b	ZATU699-B	ZATU699-B	o0902592
12B8F	𒮏	12D24	𒴤	ZATU700	ZATU700	ZATU700	ZATU700	o0902593
12B90	𒮐	12D25	𒴥	ZATU701	ZATU701	ZATU701	ZATU701	o0902594
12B91	𒮑	12D26	𒴦	ZATU702	ZATU702	ZATU702	ZATU702	o0902595
12B92	𒮒	12D27	𒴧	ZATU703	ZATU703	ZATU703	ZATU703	o0902596
12B93	𒮓	12D28	𒴨	ZATU704	ZATU704	ZATU704	ZATU704	o0902597
12B94	𒮔	12D29	𒴩	ZATU705	ZATU705	ZATU705	ZATU705	o0902598
12B95	𒮕	12D2A	𒴪	ZATU706	ZATU706	ZATU706	ZATU706	o0902599
12B96	𒮖	12D2B	𒴫	ZATU707~a	ZATU707~a	ZATU707-A	ZATU707-A	o0902601
12B97	𒮗	12D2C	𒴬	ZATU707~b	ZATU707~b	ZATU707-B	ZATU707-B	o0902602
12B98	𒮘	12D2D	𒴭	ZATU708	ZATU708	ZATU708	ZATU708	o0902603
12B99	𒮙	12D2E	𒴮	ZATU709	ZATU709	ZATU709	ZATU709	o0902604
12B9A	𒮚	12D2F	𒴯	ZATU710	ZATU710	ZATU710	ZATU710	o0902605
12B9B	𒮛	12D31	𒴱	ZATU711	ZATU711	ZATU711	ZATU711	o0902607
12B9C	𒮜	12D33	𒴳	|ZATU711×HI@g~a|	|ZATU711~v1×HI@g~a|	ZATU711 TIMES HI GUNU-A	ZATU711 VARIANT 1 TIMES HI GUNU-A	o0902610
12B9D	𒮝	12D35	𒴵	ZATU713	ZATU713	ZATU713	ZATU713	o0902612
12B9E	𒮞	12D36	𒴶	ZATU714	ZATU714	ZATU714	ZATU714	o0902613
12B9F	𒮟	12D38	𒴸	|ZATU714×HI@g~a|	|ZATU714×HI@g~a|	ZATU714 TIMES HI GUNU-A	ZATU714 TIMES HI GUNU-A	o0902616
12BA0	𒮠	12D3A	𒴺	ZATU717	ZATU717	ZATU717	ZATU717	o0902618
12BA1	𒮡	12D3B	𒴻	ZATU718	ZATU718	ZATU718	ZATU718	o0902619
12BA2	𒮢	12D3C	𒴼	ZATU719	ZATU719	ZATU719	ZATU719	o0902620
12BA3	𒮣	12D3D	𒴽	ZATU720	ZATU720	ZATU720	ZATU720	o0902621
12BA4	𒮤	12D3E	𒴾	ZATU721	ZATU721	ZATU721	ZATU721	o0902622
12BA5	𒮥	12D3F	𒴿	ZATU722	ZATU722	ZATU722	ZATU722	o0902623
12BA6	𒮦	12D40	𒵀	ZATU723	ZATU723	ZATU723	ZATU723	o0902624
12BA7	𒮧	12D41	𒵁	ZATU724	ZATU724	ZATU724	ZATU724	o0902625
12BA8	𒮨	12D42	𒵂	ZATU725	ZATU725	ZATU725	ZATU725	o0902626
12BA9	𒮩	12D44	𒵄	ZATU726~a	ZATU726~a	ZATU726-A	ZATU726-A	o0902629
12BAA	𒮪	12D45	𒵅	ZATU726~c	ZATU726~c	ZATU726-C	ZATU726-C	o0902630
12BAB	𒮫	12D46	𒵆	ZATU726~d	ZATU726~d	ZATU726-D	ZATU726-D	o0902631
12BAC	𒮬	12D47	𒵇	ZATU727	ZATU727	ZATU727	ZATU727	o0902632
12BAD	𒮭	12D48	𒵈	ZATU728	ZATU728	ZATU728	ZATU728	o0902633
12BAE	𒮮	12D49	𒵉	ZATU729	ZATU729	ZATU729	ZATU729	o0902634
12BAF	𒮯	12D4B	𒵋	ZATU730	ZATU730	ZATU730	ZATU730	o0902636
12BB0	𒮰	12D4C	𒵌	ZATU732	ZATU732	ZATU732	ZATU732	o0902637
12BB1	𒮱	12D4E	𒵎	ZATU734	ZATU734	ZATU734	ZATU734	o0902639
12BB2	𒮲	12D4F	𒵏	ZATU735~a	ZATU735~a	ZATU735-A	ZATU735-A	o0902641
12BB3	𒮳	12D50	𒵐	ZATU735~b	ZATU735~b	ZATU735-B	ZATU735-B	o0902642
12BB4	𒮴	12D53	𒵓	ZATU735~c	ZATU735~c	ZATU735-C	ZATU735-C	o0902645
12BB5	𒮵	12D54	𒵔	ZATU736~a	ZATU736~a	ZATU736-A	ZATU736-A	o0902647
12BB6	𒮶	12D55	𒵕	ZATU736~b	ZATU736~b	ZATU736-B	ZATU736-B	o0902648
12BB7	𒮷	12D56	𒵖	ZATU737	ZATU737	ZATU737	ZATU737	o0902649
12BB8	𒮸	12D57	𒵗	|ZATU737×AB~a|	|ZATU737×AB~a|	ZATU737 TIMES AB-A	ZATU737 TIMES AB-A	o0902653
12BB9	𒮹	12D58	𒵘	|ZATU737×BU~a|	|ZATU737×BU~a|	ZATU737 TIMES BU-A	ZATU737 TIMES BU-A	o0902655
12BBA	𒮺	12D59	𒵙	|ZATU737×BUR~a|	|ZATU737×BUR~a|	ZATU737 TIMES BUR-A	ZATU737 TIMES BUR-A	o0902657
12BBB	𒮻	12D5A	𒵚	|ZATU737×DI|	|ZATU737×DI|	ZATU737 TIMES DI	ZATU737 TIMES DI	o0902658
12BBC	𒮼	12D5C	𒵜	|ZATU737×EN~a|	|ZATU737×EN~a~v2|	ZATU737 TIMES EN-A	ZATU737 TIMES EN-A VARIANT 2	o0902663
12BBD	𒮽	12D5D	𒵝	|ZATU737×GAR|	|ZATU737×GAR|	ZATU737 TIMES GAR	ZATU737 TIMES GAR	o0902665
12BBE	𒮾	12D5E	𒵞	|ZATU737×NI~a@g|	|ZATU737×NI~a@g|	ZATU737 TIMES NI-A GUNU	ZATU737 TIMES NI-A GUNU	o0902669
12BBF	𒮿	12D5F	𒵟	|ZATU737×NIMGIR|	|ZATU737×NIMGIR|	ZATU737 TIMES NIMGIR	ZATU737 TIMES NIMGIR	o0902670
12BC0	𒯀	12D60	𒵠	|ZATU737×SU~a|	|ZATU737×SU~a|	ZATU737 TIMES SU-A	ZATU737 TIMES SU-A	o0902673
12BC1	𒯁	12D61	𒵡	|ZATU737×ŠE~a|	|ZATU737×ŠE~a|	ZATU737 TIMES SHE-A	ZATU737 TIMES SHE-A	o0902675
12BC2	𒯂	12D62	𒵢	|ZATU737×ŠITA~a1|	|ZATU737×ŠITA~a1|	ZATU737 TIMES SHITA-A1	ZATU737 TIMES SHITA-A1	o0902677
12BC3	𒯃	12D63	𒵣	|ZATU737×UNUG~a|	|ZATU737×UNUG~a~v1|	ZATU737 TIMES UNUG-A	ZATU737 TIMES UNUG-A VARIANT 1	o0902682
12BC4	𒯄	12D65	𒵥	|ZATU737×EN~b|	|ZATU737~v1×EN~b~v1|	ZATU737 TIMES EN-B	ZATU737 VARIANT 1 TIMES EN-B VARIANT 1	o0902664
12BC5	𒯅	12D6A	𒵪	|ZATU737×SAL|	|ZATU737~v3×SAL|	ZATU737 TIMES SAL	ZATU737 VARIANT 3 TIMES SAL	o0902671
12BC6	𒯆	12D6B	𒵫	|ZATU737×U₄|	|ZATU737~v3×U₄|	ZATU737 TIMES U4	ZATU737 VARIANT 3 TIMES U4	o0902680
12BC7	𒯇	12D6C	𒵬	ZATU749~a	ZATU749~a	ZATU749-A	ZATU749-A	o0902687
12BC8	𒯈	12D6F	𒵯	ZATU749~b	ZATU749~b	ZATU749-B	ZATU749-B	o0902690
12BC9	𒯉	12D70	𒵰	ZATU749~c	ZATU749~c	ZATU749-C	ZATU749-C	o0902691
12BCA	𒯊	12D71	𒵱	ZATU750	ZATU750	ZATU750	ZATU750	o0902692
12BCB	𒯋	12D75	𒵵	ZATU751~a	ZATU751~a	ZATU751-A	ZATU751-A	o0902697
12BCC	𒯌	12D76	𒵶	ZATU751~b	ZATU751~b	ZATU751-B	ZATU751-B	o0902698
12BCD	𒯍	12D77	𒵷	ZATU752	ZATU752	ZATU752	ZATU752	o0902699
12BCE	𒯎	12D79	𒵹	ZATU753	ZATU753	ZATU753	ZATU753	o0902701
12BCF	𒯏	12D7A	𒵺	ZATU754	ZATU754	ZATU754	ZATU754	o0902702
12BD0	𒯐	12D7B	𒵻	ZATU755~a	ZATU755~a	ZATU755-A	ZATU755-A	o0902704
12BD1	𒯑	12D7C	𒵼	ZATU755~b	ZATU755~b	ZATU755-B	ZATU755-B	o0902705
12BD2	𒯒	12D7D	𒵽	ZATU756	ZATU756	ZATU756	ZATU756	o0902706
12BD3	𒯓	12D7F	𒵿	ZATU757	ZATU757	ZATU757	ZATU757	o0902708
12BD4	𒯔	12D81	𒶁	ZATU758	ZATU758	ZATU758	ZATU758	o0902710
12BD5	𒯕	12D82	𒶂	ZATU759	ZATU759	ZATU759	ZATU759	o0902711
12BD6	𒯖	12D83	𒶃	|ZATU759×KU₆~a|	|ZATU759×KU₆~a|	ZATU759 TIMES KU6-A	ZATU759 TIMES KU6-A	o0902714
12BD7	𒯗	12D84	𒶄	|ZATU759×(KU₆~a+KU₆~a)|	|ZATU759×(KU₆~a+KU₆~a)|	ZATU759 TIMES KU6-A JOINING KU6-A	ZATU759 TIMES KU6-A JOINING KU6-A	o0902717
12BD8	𒯘	12D8A	𒶊	ZATU762~a	ZATU762~a	ZATU762-A	ZATU762-A	o0902722
12BD9	𒯙	12D8B	𒶋	|ZATU762~a×NIM~a|	|ZATU762~a×NIM~a|	ZATU762-A TIMES NIM-A	ZATU762-A TIMES NIM-A	o0902729
12BDA	𒯚	12D8E	𒶎	ZATU762~b	ZATU762~b	ZATU762-B	ZATU762-B	o0902725
12BDB	𒯛	12D8F	𒶏	|ZATU762~b×AB~a|	|ZATU762~b×AB~a|	ZATU762-B TIMES AB-A	ZATU762-B TIMES AB-A	o0902727
12BDC	𒯜	12D90	𒶐	ZATU764	ZATU764	ZATU764	ZATU764	o0902730
12BDD	𒯝	12D91	𒶑	ZATU765	ZATU765	ZATU765	ZATU765	o0902731
12BDE	𒯞	12D92	𒶒	ZATU766	ZATU766	ZATU766	ZATU766	o0902732
12BDF	𒯟	12D93	𒶓	ZATU767	ZATU767	ZATU767	ZATU767	o0902733
12BE0	𒯠	12D94	𒶔	ZATU768	ZATU768	ZATU768	ZATU768	o0902734
12BE1	𒯡	12D95	𒶕	ZATU769	ZATU769	ZATU769	ZATU769	o0902735
12BE2	𒯢	12D96	𒶖	ZATU771	ZATU771	ZATU771	ZATU771	o0902736
12BE3	𒯣	12D97	𒶗	ZATU772	ZATU772	ZATU772	ZATU772	o0902737
12BE4	𒯤	12D98	𒶘	ZATU773~a	ZATU773~a	ZATU773-A	ZATU773-A	o0902739
12BE5	𒯥	12D9A	𒶚	ZATU773~b	ZATU773~b	ZATU773-B	ZATU773-B	o0902741
12BE6	𒯦	12D9B	𒶛	ZATU774	ZATU774	ZATU774	ZATU774	o0902742
12BE7	𒯧	12D9C	𒶜	ZATU775	ZATU775	ZATU775	ZATU775	o0902743
12BE8	𒯨	12D9D	𒶝	ZATU776	ZATU776	ZATU776	ZATU776	o0902744
12BE9	𒯩	12D9F	𒶟	ZATU777	ZATU777	ZATU777	ZATU777	o0902746
12BEA	𒯪	12DA2	𒶢	ZATU778	ZATU778	ZATU778	ZATU778	o0902749
12BEB	𒯫	12DA4	𒶤	ZATU780	ZATU780	ZATU780	ZATU780	o0902751
12BEC	𒯬	12DA5	𒶥	ZATU781	ZATU781	ZATU781	ZATU781	o0902752
12BED	𒯭	12DA6	𒶦	ZATU782	ZATU782	ZATU782	ZATU782	o0902753
12BEE	𒯮	12DA7	𒶧	ZATU783	ZATU783	ZATU783	ZATU783	o0902754
12BEF	𒯯	12DA8	𒶨	ZATU784	ZATU784	ZATU784	ZATU784	o0902755
12BF0	𒯰	12DA9	𒶩	ZATU785	ZATU785	ZATU785	ZATU785	o0902756
12BF1	𒯱	12DAA	𒶪	ZATU786	ZATU786	ZATU786	ZATU786	o0902757
12BF2	𒯲	12DAB	𒶫	ZATU787	ZATU787	ZATU787	ZATU787	o0902758
12BF3	𒯳	12DAC	𒶬	ZATU788	ZATU788	ZATU788	ZATU788	o0902759
12BF4	𒯴	12DAE	𒶮	ZATU791	ZATU791	ZATU791	ZATU791	o0902761
12BF5	𒯵	12DAF	𒶯	ZATU792	ZATU792	ZATU792	ZATU792	o0902762
12BF6	𒯶	12DB0	𒶰	ZATU795	ZATU795	ZATU795	ZATU795	o0902763
12BF7	𒯷	12DB1	𒶱	ZATU797	ZATU797	ZATU797	ZATU797	o0902764
12BF8	𒯸	12DB2	𒶲	ZATU798	ZATU798	ZATU798	ZATU798	o0902765
12BF9	𒯹	12DB3	𒶳	ZATU799	ZATU799	ZATU799	ZATU799	o0902766
12BFA	𒯺	12DB4	𒶴	ZATU800	ZATU800	ZATU800	ZATU800	o0902767
12BFB	𒯻	12DB5	𒶵	ZATU801	ZATU801	ZATU801	ZATU801	o0902768
12BFC	𒯼	12DB6	𒶶	ZATU802	ZATU802	ZATU802	ZATU802	o0902769
12BFD	𒯽	F3051	󳁑	ZATU802~b		ZATU802-B		o0902770
12BFE	𒯾	12DB7	𒶷	ZATU803	ZATU803	ZATU803	ZATU803	o0902771
12BFF	𒯿	12DB8	𒶸	ZATU804	ZATU804	ZATU804	ZATU804	o0902772
12C00	𒰀	12DBA	𒶺	ZATU806	ZATU806	ZATU806	ZATU806	o0902774
12C01	𒰁	12DBB	𒶻	ZATU807	ZATU807	ZATU807	ZATU807	o0902775
12C02	𒰂	12DBC	𒶼	ZATU808	ZATU808	ZATU808	ZATU808	o0902776
12C03	𒰃	12DBD	𒶽	ZATU809	ZATU809	ZATU809	ZATU809	o0902777
12C04	𒰄	12DBE	𒶾	ZATU810	ZATU810	ZATU810	ZATU810	o0902778
12C05	𒰅	12DBF	𒶿	ZATU811	ZATU811	ZATU811	ZATU811	o0902779
12C06	𒰆	12DC0	𒷀	ZATU812	ZATU812	ZATU812	ZATU812	o0902780
12C07	𒰇	12DC1	𒷁	ZATU813	ZATU813	ZATU813	ZATU813	o0902781
12C08	𒰈	12DC4	𒷄	ZATU817	ZATU817	ZATU817	ZATU817	o0902784
12C09	𒰉	12DC5	𒷅	ZATU818	ZATU818	ZATU818	ZATU818	o0902785
12C0A	𒰊	12DD1	𒷑	ZATU832	ZATU832	ZATU832	ZATU832	o0902797
12C0B	𒰋	12DD2	𒷒	ZATU833	ZATU833	ZATU833	ZATU833	o0902798
12C0C	𒰌	12DD3	𒷓	ZATU834	ZATU834	ZATU834	ZATU834	o0902799
12C0D	𒰍	12DD4	𒷔	ZATU835	ZATU835	ZATU835	ZATU835	o0902800
12C0E	𒰎	12DD5	𒷕	ZATU836	ZATU836	ZATU836	ZATU836	o0902801
12C0F	𒰏	12DE2	𒷢	ZATU847	ZATU847	ZATU847	ZATU847	o0902815
12C10	𒰐	12DE5	𒷥	ZATU850	ZATU850	ZATU850	ZATU850	o0902818
12C11	𒰑	12DE6	𒷦	ZATU851	ZATU851	ZATU851	ZATU851	o0902819
12C12	𒰒	12DE9	𒷩	ZATU854	ZATU854	ZATU854	ZATU854	o0902822
12C13	𒰓	F3025	󳀥	ZATU858		ZATU858		o0902826
12C14	𒰔	F3052	󳁒	ZATU859		ZATU859		o0902827
12C15	𒰕	12DEB	𒷫	ZI~a	ZI~a	ZI-A	ZI-A	o0902829
12C16	𒰖	12DED	𒷭	ZI~b	ZI~b	ZI-B	ZI-B	o0902831
12C17	𒰗	12DEE	𒷮	ZI~d	ZI~d	ZI-D	ZI-D	o0902832
12C18	𒰘	12DEF	𒷯	ZUBI~a	ZUBI~a	ZUBI-A	ZUBI-A	o0902838
12C19	𒰙	F012D	󰄭	|1(N34)×1(N58)|		ONE-N34 TIMES ONE-N58		o0903060
12C1A	𒰚	F0110	󰄐	1(N57)		PROTO-CUNEIFORM NUMBER ONE-N57		o0903210
12C1B	𒰛	F0111	󰄑	2(N57)		PROTO-CUNEIFORM NUMBER TWO-N57		o0903222
12C1C	𒰜	F0112	󰄒	3(N57)		PROTO-CUNEIFORM NUMBER THREE-N57		o0903234
12C1D	𒰝	F0113	󰄓	4(N57)		PROTO-CUNEIFORM NUMBER FOUR-N57		o0903257
12C1E	𒰞	F0114	󰄔	5(N57)		PROTO-CUNEIFORM NUMBER FIVE-N57		o0903264
12C1F	𒰟	F0115	󰄕	6(N57)		PROTO-CUNEIFORM NUMBER SIX-N57		o0903268
12C20	𒰠	F0116	󰄖	7(N57)		PROTO-CUNEIFORM NUMBER SEVEN-N57		o0903273
12C21	𒰡	F0117	󰄗	8(N57)		PROTO-CUNEIFORM NUMBER EIGHT-N57		o0903275
12C22	𒰢	F0118	󰄘	9(N57)		PROTO-CUNEIFORM NUMBER NINE-N57		o0903278
12C23	𒰣	F0119	󰄙	10(N57)		PROTO-CUNEIFORM NUMBER TEN-N57		o0903279
