EASL0001	I	archsigns/A.jpg	A
EASL0002	I	archsigns/A@g.jpg	A@g
EASL0003	I	archsigns/A@t.jpg	A@t
EASL0004	I	archsigns/A2.jpg	A2
EASL0005	I	archsigns/AB~a.jpg	AB~a
EASL0006	I	archsigns/AB~a@g.jpg	AB~a@g
EASL0007	I	archsigns/|AB~ax1(N01)|.jpg	|AB~ax1(N01)|
EASL0008	I	archsigns/|AB~axA@t|.jpg	|AB~axA@t|
EASL0009	I	archsigns/|AB~axASZ2|.jpg	|AB~axASZ2|
EASL0010	I	archsigns/|AB~axKU6~a|.jpg	|AB~axKU6~a|
EASL0011	I	archsigns/|AB~axSUKKAL|.jpg	|AB~axSUKKAL|
EASL0012	I	archsigns/|AB~ax(SZE~a&SZE~a)|.jpg	|AB~ax(SZE~a&SZE~a)|
EASL0013	I	archsigns/|AB~axX|.jpg	|AB~axX|
EASL0014	I	archsigns/|AB~axZATU659|.jpg	|AB~axZATU659|
EASL0015	I	archsigns/AB~b.jpg	AB~b
EASL0016	I	archsigns/|AB~bxA|.jpg	|AB~bxA|
EASL0017	I	archsigns/|AB~bxKU6~a|.jpg	|AB~bxKU6~a|
EASL0018	I	archsigns/|AB~bxSZA3~a1|.jpg	|AB~bxSZA3~a1|
EASL0019	I	archsigns/AB2.jpg	AB2
EASL0020	I	archsigns/|AB2x2(N14)|.jpg	|AB2x2(N14)|
EASL0021	I	archsigns/ABGAL.jpg	ABGAL
EASL0022	I	archsigns/ABRIG.jpg	ABRIG
EASL0023	I	archsigns/ABZU.jpg	ABZU
EASL0024	I	archsigns/AD~a.jpg	AD~a
EASL0025	I	archsigns/AD~b.jpg	AD~b
EASL0026	I	archsigns/AD~c.jpg	AD~c
EASL0027	I	archsigns/ADAB.jpg	ADAB
EASL0028	I	archsigns/ADDA.jpg	ADDA
EASL0029	I	archsigns/ADDA@t.jpg	ADDA@t
EASL0030	I	archsigns/AGAR2.jpg	AGAR2
EASL0031	I	archsigns/AK~a.jpg	AK~a
EASL0032	I	archsigns/AK~b.jpg	AK~b
EASL0033	I	archsigns/AL.jpg	AL
EASL0034	I	archsigns/ALAN~a.jpg	ALAN~a
EASL0035	I	archsigns/ALAN~b.jpg	ALAN~b
EASL0036	I	archsigns/ALAN~c.jpg	ALAN~c
EASL0037	I	archsigns/ALAN~d.jpg	ALAN~d
EASL0038	I	archsigns/ALAN~e.jpg	ALAN~e
EASL0039	I	archsigns/ALAN~f.jpg	ALAN~f
EASL0040	I	archsigns/ALIM.jpg	ALIM
EASL0041	I	archsigns/AM~a.jpg	AM~a
EASL0042	I	archsigns/AM~b.jpg	AM~b
EASL0043	I	archsigns/AMA~a.jpg	AMA~a
EASL0044	I	archsigns/|AMA~axE2~a|.jpg	|AMA~axE2~a|
EASL0045	I	archsigns/AMA~b.jpg	AMA~b
EASL0046	I	archsigns/|AMAR.1(N02)|.jpg	|AMAR.1(N02)|
EASL0047	I	archsigns/AMAR.jpg	AMAR
EASL0048	I	archsigns/|AMAR@g|.jpg	|AMAR@g|
EASL0049	I	archsigns/|AMAR&AMAR|.jpg	|AMAR&AMAR|
EASL0050	I	archsigns/|AMARxTAR|.jpg	|AMARxTAR|
EASL0051	I	archsigns/AN.jpg	AN
EASL0052	I	archsigns/ANSZE~a.jpg	ANSZE~a
EASL0053	I	archsigns/ANSZE~b.jpg	ANSZE~b
EASL0054	I	archsigns/ANSZE~c.jpg	ANSZE~c
EASL0055	I	archsigns/ANSZE~e.jpg	ANSZE~e
EASL0056	I	archsigns/ANZU2.jpg	ANZU2
EASL0057	I	archsigns/|APIN~a.APIN~a|.jpg	|APIN~a.APIN~a|
EASL0058	I	archsigns/APIN~a.jpg	APIN~a
EASL0059	I	archsigns/APIN~b.jpg	APIN~b
EASL0060	I	archsigns/APIN~c.jpg	APIN~c
EASL0061	I	archsigns/ARARMA2~a.jpg	ARARMA2~a
EASL0062	I	archsigns/ARARMA2~b.jpg	ARARMA2~b
EASL0063	I	archsigns/ARATTA.jpg	ARATTA
EASL0064	I	archsigns/ASAL2.jpg	ASAL2
EASL0065	I	archsigns/ASAR.jpg	ASAR
EASL0066	I	archsigns/ASZ2.jpg	ASZ2
EASL0067	I	archsigns/|Ax1(N14)|.jpg	|Ax1(N14)|
EASL0068	I	archsigns/|AxAB2|.jpg	|AxAB2|
EASL0069	I	archsigns/|AxAN|.jpg	|AxAN|
EASL0070	I	archsigns/|AxEN~a|.jpg	|AxEN~a|
EASL0071	I	archsigns/|AxSZUBUR|.jpg	|AxSZUBUR|
EASL0072	I	archsigns/|AxZATU672|.jpg	|AxZATU672|
EASL0073	I	archsigns/AZ.jpg	AZ
EASL0074	I	archsigns/AZU.jpg	AZU
EASL0075	I	archsigns/BA.jpg	BA
EASL0076	I	archsigns/BAD.jpg	BAD
EASL0077	I	archsigns/|BAD&BAD|.jpg	|BAD&BAD|
EASL0078	I	archsigns/BAD3~a.jpg	BAD3~a
EASL0079	I	archsigns/BAD3~b1.jpg	BAD3~b1
EASL0080	I	archsigns/BAD3~b2.jpg	BAD3~b2
EASL0081	I	archsigns/BAHAR2~a.jpg	BAHAR2~a
EASL0082	I	archsigns/BAHAR2~b.jpg	BAHAR2~b
EASL0083	I	archsigns/BAHAR2~c.jpg	BAHAR2~c
EASL0084	I	archsigns/BALA~a.jpg	BALA~a
EASL0085	I	archsigns/BALA~b.jpg	BALA~b
EASL0086	I	archsigns/BALAG.jpg	BALAG
EASL0087	I	archsigns/BAN~a.jpg	BAN~a
EASL0088	I	archsigns/BAN~b.jpg	BAN~b
EASL0089	I	archsigns/BANSZUR~a.jpg	BANSZUR~a
EASL0090	I	archsigns/BANSZUR~a@t.jpg	BANSZUR~a@t
EASL0091	I	archsigns/BANSZUR~b1.jpg	BANSZUR~b1
EASL0092	I	archsigns/BANSZUR~b2.jpg	BANSZUR~b2
EASL0093	I	archsigns/BANSZUR~c.jpg	BANSZUR~c
EASL0094	I	archsigns/BAPPIR~a.jpg	BAPPIR~a
EASL0095	I	archsigns/BAPPIR~b.jpg	BAPPIR~b
EASL0096	I	archsigns/BAPPIR~c.jpg	BAPPIR~c
EASL0097	I	archsigns/BAPPIR~d.jpg	BAPPIR~d
EASL0098	I	archsigns/BAPPIR~e.jpg	BAPPIR~e
EASL0099	I	archsigns/BAPPIR~f.jpg	BAPPIR~f
EASL0100	I	archsigns/BAR.jpg	BAR
EASL0101	I	archsigns/BARA2~a.jpg	BARA2~a
EASL0102	I	archsigns/BARA2~b.jpg	BARA2~b
EASL0103	I	archsigns/BARA3.jpg	BARA3
EASL0104	I	archsigns/BIR~a.jpg	BIR~a
EASL0105	I	archsigns/BIR~b.jpg	BIR~b
EASL0106	I	archsigns/BIR~c.jpg	BIR~c
EASL0107	I	archsigns/BIR3~a.jpg	BIR3~a
EASL0108	I	archsigns/BIR3~b.jpg	BIR3~b
EASL0109	I	archsigns/BIR3~c.jpg	BIR3~c
EASL0110	I	archsigns/BU~a.jpg	BU~a
EASL0111	I	archsigns/|(BU~a&BU~a).NA2~a|.jpg	|(BU~a&BU~a).NA2~a|
EASL0112	I	archsigns/|(BU~a&BU~a).NA2~a@n|.jpg	|(BU~a&BU~a).NA2~a@n|
EASL0113	I	archsigns/|(BU~a&BU~a).NA2~b|.jpg	|(BU~a&BU~a).NA2~b|
EASL0114	I	archsigns/|(BU~a&BU~a).X|.jpg	|(BU~a&BU~a).X|
EASL0115	I	archsigns/|BU~a+DU6~a|.jpg	|BU~a+DU6~a|
EASL0116	I	archsigns/|BU~ax1(N58)|.jpg	|BU~ax1(N58)|
EASL0117	I	archsigns/|BU~axA|.jpg	|BU~axA|
EASL0118	I	archsigns/|BU~axGISZ@t|.jpg	|BU~axGISZ@t|
EASL0119	I	archsigns/BU~b.jpg	BU~b
EASL0120	I	archsigns/|BU~b.NA2~a|.jpg	|BU~b.NA2~a|
EASL0121	I	archsigns/BU3.jpg	BU3
EASL0122	I	archsigns/BULUG.jpg	BULUG
EASL0123	I	archsigns/BULUG3.jpg	BULUG3
EASL0124	I	archsigns/BUR~a.jpg	BUR~a
EASL0125	I	archsigns/BUR~b.jpg	BUR~b
EASL0126	I	archsigns/BUR~c.jpg	BUR~c
EASL0127	I	archsigns/BUR~d.jpg	BUR~d
EASL0128	I	archsigns/BUR2.jpg	BUR2
EASL0129	I	archsigns/DA~a.jpg	DA~a
EASL0130	I	archsigns/|DA~a.LISZ|.jpg	|DA~a.LISZ|
EASL0131	I	archsigns/DA~b.jpg	DA~b
EASL0132	I	archsigns/DA~c.jpg	DA~c
EASL0133	I	archsigns/DA~d.jpg	DA~d
EASL0134	I	archsigns/DAG.jpg	DAG
EASL0135	I	archsigns/DAH.jpg	DAH
EASL0136	I	archsigns/DAM.jpg	DAM
EASL0137	I	archsigns/DANNA.jpg	DANNA
EASL0138	I	archsigns/DAR~a.jpg	DAR~a
EASL0139	I	archsigns/|DAR~axA|.jpg	|DAR~axA|
EASL0140	I	archsigns/DAR~b.jpg	DAR~b
EASL0141	I	archsigns/DAR~c.jpg	DAR~c
EASL0142	I	archsigns/DAR~d.jpg	DAR~d
EASL0143	I	archsigns/DARA3~a.jpg	DARA3~a
EASL0144	I	archsigns/DARA3~b.jpg	DARA3~b
EASL0145	I	archsigns/DARA3~c.jpg	DARA3~c
EASL0146	I	archsigns/|DARA3~cxKAR2|.jpg	|DARA3~cxKAR2|
EASL0147	I	archsigns/|DARA3~cx(KAR2.SZE~a)|.jpg	|DARA3~cx(KAR2.SZE~a)|
EASL0148	I	archsigns/DARA3~d.jpg	DARA3~d
EASL0149	I	archsigns/|DARA3~dxKAR2|.jpg	|DARA3~dxKAR2|
EASL0150	I	archsigns/|DARA3~dx(KAR2.SZE~a)|.jpg	|DARA3~dx(KAR2.SZE~a)|
EASL0151	I	archsigns/DARA4~a1.jpg	DARA4~a1
EASL0152	I	archsigns/DARA4~a2.jpg	DARA4~a2
EASL0153	I	archsigns/DARA4~a3.jpg	DARA4~a3
EASL0154	I	archsigns/DARA4~b.jpg	DARA4~b
EASL0155	I	archsigns/DARA4~c1.jpg	DARA4~c1
EASL0156	I	archsigns/DARA4~c2.jpg	DARA4~c2
EASL0157	I	archsigns/DARA4~c3.jpg	DARA4~c3
EASL0158	I	archsigns/DARA4~c4.jpg	DARA4~c4
EASL0159	I	archsigns/DARA4~c5.jpg	DARA4~c5
EASL0160	I	archsigns/DI.jpg	DI
EASL0161	I	archsigns/DI@t.jpg	DI@t
EASL0162	I	archsigns/DIB.jpg	DIB
EASL0163	I	archsigns/DILMUN.jpg	DILMUN
EASL0164	I	archsigns/DIM~a.jpg	DIM~a
EASL0165	I	archsigns/|DIM~axGU|.jpg	|DIM~axGU|
EASL0166	I	archsigns/|DIM~axX|.jpg	|DIM~axX|
EASL0167	I	archsigns/DIM~b.jpg	DIM~b
EASL0168	I	archsigns/DIM~c.jpg	DIM~c
EASL0169	I	archsigns/DIN.jpg	DIN
EASL0170	I	archsigns/DIN@t.jpg	DIN@t
EASL0171	I	archsigns/DU@g.jpg	DU@g
EASL0172	I	archsigns/DU6~a.jpg	DU6~a
EASL0173	I	archsigns/|DU6~axDISZ|.jpg	|DU6~axDISZ|
EASL0174	I	archsigns/DU6~b.jpg	DU6~b
EASL0175	I	archsigns/DU6~c.jpg	DU6~c
EASL0176	I	archsigns/DU7.jpg	DU7
EASL0177	I	archsigns/DU8~a.jpg	DU8~a
EASL0178	I	archsigns/DU8~b.jpg	DU8~b
EASL0179	I	archsigns/DU8~c.jpg	DU8~c
EASL0180	I	archsigns/DU8~c@g.jpg	DU8~c@g
EASL0181	I	archsigns/|DU8~cxHI|.jpg	|DU8~cxHI|
EASL0182	I	archsigns/|DU8~cxUDU~a|.jpg	|DU8~cxUDU~a|
EASL0183	I	archsigns/|DU8~cxX|.jpg	|DU8~cxX|
EASL0184	I	archsigns/DUB~a.jpg	DUB~a
EASL0185	I	archsigns/DUB~b.jpg	DUB~b
EASL0186	I	archsigns/DUB~c.jpg	DUB~c
EASL0187	I	archsigns/DUB~d.jpg	DUB~d
EASL0188	I	archsigns/DUB~e.jpg	DUB~e
EASL0189	I	archsigns/DUB~f.jpg	DUB~f
EASL0190	I	archsigns/DUB2.jpg	DUB2
EASL0191	I	archsigns/|(DUBxDISZ)~a|.jpg	|(DUBxDISZ)~a|
EASL0192	I	archsigns/|(DUBxDISZ)~b|.jpg	|(DUBxDISZ)~b|
EASL0193	I	archsigns/|(DUBxDISZ)~c|.jpg	|(DUBxDISZ)~c|
EASL0194	I	archsigns/|DUG~ax1(N57)|.jpg	|DUG~ax1(N57)|
EASL0195	I	archsigns/|DUG~axHI|.jpg	|DUG~axHI|
EASL0196	I	archsigns/|DUG~axKASKAL|.jpg	|DUG~axKASKAL|
EASL0197	I	archsigns/|DUG~axLAM~b|.jpg	|DUG~axLAM~b|
EASL0198	I	archsigns/|DUG~axNAGA~a|.jpg	|DUG~axNAGA~a|
EASL0199	I	archsigns/|DUG~axU2~a|.jpg	|DUG~axU2~a|
EASL0200	I	archsigns/|DUG~axU2~b|.jpg	|DUG~axU2~b|
EASL0201	I	archsigns/|DUG~axX|.jpg	|DUG~axX|
EASL0202	I	archsigns/DUG~b.jpg	DUG~b
EASL0203	I	archsigns/|(DUG~b&DUG~b)x1(N58)|.jpg	|(DUG~b&DUG~b)x1(N58)|
EASL0204	I	archsigns/|DUG~bx1(N57)|.jpg	|DUG~bx1(N57)|
EASL0205	I	archsigns/|DUG~bx(1(N57).KU3~a)|.jpg	|DUG~bx(1(N57).KU3~a)|
EASL0206	I	archsigns/|DUG~bx3(N57)|.jpg	|DUG~bx3(N57)|
EASL0207	I	archsigns/|DUG~bxAB2|.jpg	|DUG~bxAB2|
EASL0208	I	archsigns/|DUG~bxANSZE~b|.jpg	|DUG~bxANSZE~b|
EASL0209	I	archsigns/|DUG~bxANSZE~d|.jpg	|DUG~bxANSZE~d|
EASL0210	I	archsigns/|DUG~bxBALA~a|.jpg	|DUG~bxBALA~a|
EASL0211	I	archsigns/|DUG~bxBIR3~c|.jpg	|DUG~bxBIR3~c|
EASL0212	I	archsigns/|DUG~bxDIN|.jpg	|DUG~bxDIN|
EASL0213	I	archsigns/|(DUG~bxDIN)@r|.jpg	|(DUG~bxDIN)@r|
EASL0214	I	archsigns/|DUG~bxE~a|.jpg	|DUG~bxE~a|
EASL0215	I	archsigns/|DUG~bxGA~a|.jpg	|DUG~bxGA~a|
EASL0216	I	archsigns/|DUG~bxGA~b|.jpg	|DUG~bxGA~b|
EASL0217	I	archsigns/|DUG~bxGESZTU~a|.jpg	|DUG~bxGESZTU~a|
EASL0218	I	archsigns/|DUG~bxGESZTU~b|.jpg	|DUG~bxGESZTU~b|
EASL0219	I	archsigns/|DUG~bxGI6|.jpg	|DUG~bxGI6|
EASL0220	I	archsigns/|DUG~bxGISZ|.jpg	|DUG~bxGISZ|
EASL0221	I	archsigns/|DUG~bxHI|.jpg	|DUG~bxHI|
EASL0222	I	archsigns/|DUG~bxHI@g~a|.jpg	|DUG~bxHI@g~a|
EASL0223	I	archsigns/|DUG~bxKASKAL|.jpg	|DUG~bxKASKAL|
EASL0224	I	archsigns/|DUG~bxKU6~a|.jpg	|DUG~bxKU6~a|
EASL0225	I	archsigns/|DUG~bxKUR@g~a|.jpg	|DUG~bxKUR@g~a|
EASL0226	I	archsigns/|DUG~bxKUR~a|.jpg	|DUG~bxKUR~a|
EASL0227	I	archsigns/|DUG~bx(KUR~a.X)|.jpg	|DUG~bx(KUR~a.X)|
EASL0228	I	archsigns/|DUG~bxKUR~b|.jpg	|DUG~bxKUR~b|
EASL0229	I	archsigns/|DUG~bxLAM~a|.jpg	|DUG~bxLAM~a|
EASL0230	I	archsigns/|DUG~bxMASZ|.jpg	|DUG~bxMASZ|
EASL0231	I	archsigns/|DUG~bxNAGA~a|.jpg	|DUG~bxNAGA~a|
EASL0232	I	archsigns/|DUG~bxNAM2|.jpg	|DUG~bxNAM2|
EASL0233	I	archsigns/|DUG~bx(NI~a@g.ZATU779)|.jpg	|DUG~bx(NI~a@g.ZATU779)|
EASL0234	I	archsigns/|DUG~bxSA~a|.jpg	|DUG~bxSA~a|
EASL0235	I	archsigns/|DUG~bxSI4~a|.jpg	|DUG~bxSI4~a|
EASL0236	I	archsigns/|DUG~bx(SI4~a.X)|.jpg	|DUG~bx(SI4~a.X)|
EASL0237	I	archsigns/|DUG~bxSIG2~a1|.jpg	|DUG~bxSIG2~a1|
EASL0238	I	archsigns/|DUG~bxSIG2~a2|.jpg	|DUG~bxSIG2~a2|
EASL0239	I	archsigns/|DUG~bxSIG7|.jpg	|DUG~bxSIG7|
EASL0240	I	archsigns/|DUG~bxSUHUR|.jpg	|DUG~bxSUHUR|
EASL0241	I	archsigns/|DUG~bxSZAH2~a|.jpg	|DUG~bxSZAH2~a|
EASL0242	I	archsigns/|DUG~bxSZE~a|.jpg	|DUG~bxSZE~a|
EASL0243	I	archsigns/|DUG~bx(SZE~a.NAM2)|.jpg	|DUG~bx(SZE~a.NAM2)|
EASL0244	I	archsigns/|DUG~bxTAK4~a|.jpg	|DUG~bxTAK4~a|
EASL0245	I	archsigns/|DUG~bx(TAK4~a.SA~a)|.jpg	|DUG~bx(TAK4~a.SA~a)|
EASL0246	I	archsigns/|DUG~bx(TAK4~a.SAL)|.jpg	|DUG~bx(TAK4~a.SAL)|
EASL0247	I	archsigns/|DUG~bxTI|.jpg	|DUG~bxTI|
EASL0248	I	archsigns/|DUG~bxU2~a|.jpg	|DUG~bxU2~a|
EASL0249	I	archsigns/|DUG~bxU2~b|.jpg	|DUG~bxU2~b|
EASL0250	I	archsigns/|DUG~bxUH3~a|.jpg	|DUG~bxUH3~a|
EASL0251	I	archsigns/|DUG~bxUH3~a@t|.jpg	|DUG~bxUH3~a@t|
EASL0252	I	archsigns/|DUG~bxX|.jpg	|DUG~bxX|
EASL0253	I	archsigns/|DUG~bxZATU707~a|.jpg	|DUG~bxZATU707~a|
EASL0254	I	archsigns/|DUG~bxZATU764|.jpg	|DUG~bxZATU764|
EASL0255	I	archsigns/|DUG~bxZATU779|.jpg	|DUG~bxZATU779|
EASL0256	I	archsigns/|DUG~bxZATU780|.jpg	|DUG~bxZATU780|
EASL0257	I	archsigns/|DUG~bxZATU781|.jpg	|DUG~bxZATU781|
EASL0258	I	archsigns/|DUG~bx(ZATU789.SA~a)|.jpg	|DUG~bx(ZATU789.SA~a)|
EASL0259	I	archsigns/DUG~c.jpg	DUG~c
EASL0260	I	archsigns/DUG~c@t.jpg	DUG~c@t
EASL0261	I	archsigns/|DUG~cx1(N57)|.jpg	|DUG~cx1(N57)|
EASL0262	I	archsigns/DUG~d.jpg	DUG~d
EASL0263	I	archsigns/DUGUD.jpg	DUGUD
EASL0264	I	archsigns/DUR~a.jpg	DUR~a
EASL0265	I	archsigns/DUR~b.jpg	DUR~b
EASL0266	I	archsigns/DUR2.jpg	DUR2
EASL0267	I	archsigns/|DUxDISZ|.jpg	|DUxDISZ|
EASL0268	I	archsigns/E~a.jpg	E~a
EASL0269	I	archsigns/E~b.jpg	E~b
EASL0270	I	archsigns/E~c.jpg	E~c
EASL0271	I	archsigns/E~d.jpg	E~d
EASL0272	I	archsigns/E~e.jpg	E~e
EASL0273	I	archsigns/E2~a.jpg	E2~a
EASL0274	I	archsigns/|E2~a.LISZ|.jpg	|E2~a.LISZ|
EASL0275	I	archsigns/|E2~ax1(N57)@t|.jpg	|E2~ax1(N57)@t|
EASL0276	I	archsigns/|E2~ax3(N58)|.jpg	|E2~ax3(N58)|
EASL0277	I	archsigns/E2~b.jpg	E2~b
EASL0278	I	archsigns/|E2~b.LISZ|.jpg	|E2~b.LISZ|
EASL0279	I	archsigns/|E2~bx1(N57)@t|.jpg	|E2~bx1(N57)@t|
EASL0280	I	archsigns/E2~c.jpg	E2~c
EASL0281	I	archsigns/E2~d.jpg	E2~d
EASL0282	I	archsigns/E3~a.jpg	E3~a
EASL0283	I	archsigns/E3~b.jpg	E3~b
EASL0284	I	archsigns/EDIN.jpg	EDIN
EASL0285	I	archsigns/EN@g~a.jpg	EN@g~a
EASL0286	I	archsigns/EN@g~b.jpg	EN@g~b
EASL0287	I	archsigns/EN~a.jpg	EN~a
EASL0288	I	archsigns/EN~b.jpg	EN~b
EASL0289	I	archsigns/EN~b@t.jpg	EN~b@t
EASL0290	I	archsigns/EN~c.jpg	EN~c
EASL0291	I	archsigns/|EN~c&EN~c|.jpg	|EN~c&EN~c|
EASL0292	I	archsigns/EN~e.jpg	EN~e
EASL0293	I	archsigns/|EN2.E2~a|.jpg	|EN2.E2~a|
EASL0294	I	archsigns/|EN2.E2~b|.jpg	|EN2.E2~b|
EASL0295	I	archsigns/EN2.jpg	EN2
EASL0296	I	archsigns/ENDIB.jpg	ENDIB
EASL0297	I	archsigns/ENGIZ.jpg	ENGIZ
EASL0298	I	archsigns/ENKUM.jpg	ENKUM
EASL0299	I	archsigns/ENLIL.jpg	ENLIL
EASL0300	I	archsigns/ENSI.jpg	ENSI
EASL0301	I	archsigns/ENSI2.jpg	ENSI2
EASL0302	I	archsigns/ERIM~a.jpg	ERIM~a
EASL0303	I	archsigns/ERIM~b1.jpg	ERIM~b1
EASL0304	I	archsigns/ERIM~b2.jpg	ERIM~b2
EASL0305	I	archsigns/ERIM2.jpg	ERIM2
EASL0306	I	archsigns/ERIN.jpg	ERIN
EASL0307	I	archsigns/ESZDA.jpg	ESZDA
EASL0308	I	archsigns/|ESZDAxTAR|.jpg	|ESZDAxTAR|
EASL0309	I	archsigns/ESZGAR.jpg	ESZGAR
EASL0310	I	archsigns/EZEN~a.jpg	EZEN~a
EASL0311	I	archsigns/|EZEN~axEN~a|.jpg	|EZEN~axEN~a|
EASL0312	I	archsigns/|EZEN~axEN~b|.jpg	|EZEN~axEN~b|
EASL0313	I	archsigns/|EZEN~ax(HI.1(N57).AN)|.jpg	|EZEN~ax(HI.1(N57).AN)|
EASL0314	I	archsigns/|EZEN~axKAB|.jpg	|EZEN~axKAB|
EASL0315	I	archsigns/|EZEN~axKI|.jpg	|EZEN~axKI|
EASL0316	I	archsigns/|EZEN~axLA~e|.jpg	|EZEN~axLA~e|
EASL0317	I	archsigns/|EZEN~axNIM~b2|.jpg	|EZEN~axNIM~b2|
EASL0318	I	archsigns/|EZEN~axNIMGIR|.jpg	|EZEN~axNIMGIR|
EASL0319	I	archsigns/|EZEN~axRAD~a|.jpg	|EZEN~axRAD~a|
EASL0320	I	archsigns/|EZEN~axSAG|.jpg	|EZEN~axSAG|
EASL0321	I	archsigns/|EZEN~axSU~a|.jpg	|EZEN~axSU~a|
EASL0322	I	archsigns/|EZEN~ax(U2~b.A)|.jpg	|EZEN~ax(U2~b.A)|
EASL0323	I	archsigns/|EZEN~axU4|.jpg	|EZEN~axU4|
EASL0324	I	archsigns/|EZEN~axX|.jpg	|EZEN~axX|
EASL0325	I	archsigns/EZEN~b.jpg	EZEN~b
EASL0326	I	archsigns/|EZEN~b@t|.jpg	|EZEN~b@t|
EASL0327	I	archsigns/|EZEN~bx6(N57)|.jpg	|EZEN~bx6(N57)|
EASL0328	I	archsigns/EZEN~c.jpg	EZEN~c
EASL0329	I	archsigns/EZINU~a.jpg	EZINU~a
EASL0330	I	archsigns/EZINU~b.jpg	EZINU~b
EASL0331	I	archsigns/EZINU~c.jpg	EZINU~c
EASL0332	I	archsigns/EZINU~d.jpg	EZINU~d
EASL0333	I	archsigns/GA'AR~a1.jpg	GA'AR~a1
EASL0334	I	archsigns/GA'AR~a2.jpg	GA'AR~a2
EASL0335	I	archsigns/GA'AR~b1.jpg	GA'AR~b1
EASL0336	I	archsigns/GA'AR~b2.jpg	GA'AR~b2
EASL0337	I	archsigns/GA~a.jpg	GA~a
EASL0338	I	archsigns/|GA~a.ZATU753|.jpg	|GA~a.ZATU753|
EASL0339	I	archsigns/|GA~axX|.jpg	|GA~axX|
EASL0340	I	archsigns/GA~b.jpg	GA~b
EASL0341	I	archsigns/GA~c.jpg	GA~c
EASL0342	I	archsigns/|GA~cx1(N14)|.jpg	|GA~cx1(N14)|
EASL0343	I	archsigns/|GA~cxKASKAL|.jpg	|GA~cxKASKAL|
EASL0344	I	archsigns/GA2~a1.jpg	GA2~a1
EASL0345	I	archsigns/|GA2~a1x1(N14)|.jpg	|GA2~a1x1(N14)|
EASL0346	I	archsigns/|GA2~a1x1(N57)|.jpg	|GA2~a1x1(N57)|
EASL0347	I	archsigns/|GA2~a1xA|.jpg	|GA2~a1xA|
EASL0348	I	archsigns/|GA2~a1xEN~b|.jpg	|GA2~a1xEN~b|
EASL0349	I	archsigns/|GA2~a1xGESZTU~c3|.jpg	|GA2~a1xGESZTU~c3|
EASL0350	I	archsigns/|GA2~a1xGESZTU~c5|.jpg	|GA2~a1xGESZTU~c5|
EASL0351	I	archsigns/|GA2~a1xGIR~a|.jpg	|GA2~a1xGIR~a|
EASL0352	I	archsigns/|GA2~a1x(GIR~a.KU6~a)|.jpg	|GA2~a1x(GIR~a.KU6~a)|
EASL0353	I	archsigns/|GA2~a1xGISZ@t|.jpg	|GA2~a1xGISZ@t|
EASL0354	I	archsigns/|GA2~a1xGU4|.jpg	|GA2~a1xGU4|
EASL0355	I	archsigns/|GA2~a1xHAL|.jpg	|GA2~a1xHAL|
EASL0356	I	archsigns/|GA2~a1xHI|.jpg	|GA2~a1xHI|
EASL0357	I	archsigns/|GA2~a1x(HI.SUHUR)|.jpg	|GA2~a1x(HI.SUHUR)|
EASL0358	I	archsigns/|GA2~a1xKU3~a|.jpg	|GA2~a1xKU3~a|
EASL0359	I	archsigns/|GA2~a1xKU6~a|.jpg	|GA2~a1xKU6~a|
EASL0360	I	archsigns/|GA2~a1x(KU6~a.KU6~a)|.jpg	|GA2~a1x(KU6~a.KU6~a)|
EASL0361	I	archsigns/|GA2~a1xLAGAB~b|.jpg	|GA2~a1xLAGAB~b|
EASL0362	I	archsigns/|GA2~a1xMASZ|.jpg	|GA2~a1xMASZ|
EASL0363	I	archsigns/|GA2~a1xNAGA~a|.jpg	|GA2~a1xNAGA~a|
EASL0364	I	archsigns/|GA2~a1xNUN~a|.jpg	|GA2~a1xNUN~a|
EASL0365	I	archsigns/|GA2~a1xPAD~b|.jpg	|GA2~a1xPAD~b|
EASL0366	I	archsigns/|GA2~a1xPAP~a|.jpg	|GA2~a1xPAP~a|
EASL0367	I	archsigns/|GA2~a1xSU~a|.jpg	|GA2~a1xSU~a|
EASL0368	I	archsigns/|GA2~a1xSUHUR|.jpg	|GA2~a1xSUHUR|
EASL0369	I	archsigns/|GA2~a1xSUKUD|.jpg	|GA2~a1xSUKUD|
EASL0370	I	archsigns/|GA2~a1x((SUKUD&SUKUD)~a)|.jpg	|GA2~a1x((SUKUD&SUKUD)~a)|
EASL0371	I	archsigns/|GA2~a1x((SUKUD&SUKUD)~b)|.jpg	|GA2~a1x((SUKUD&SUKUD)~b)|
EASL0372	I	archsigns/|GA2~a1xSUMASZ|.jpg	|GA2~a1xSUMASZ|
EASL0373	I	archsigns/|GA2~a1xSZA|.jpg	|GA2~a1xSZA|
EASL0374	I	archsigns/|GA2~a1xTI|.jpg	|GA2~a1xTI|
EASL0375	I	archsigns/|GA2~a1xU4|.jpg	|GA2~a1xU4|
EASL0376	I	archsigns/|GA2~a1xX|.jpg	|GA2~a1xX|
EASL0377	I	archsigns/GA2~a2.jpg	GA2~a2
EASL0378	I	archsigns/|GA2~a2x3(N57)|.jpg	|GA2~a2x3(N57)|
EASL0379	I	archsigns/|GA2~a2xGU4|.jpg	|GA2~a2xGU4|
EASL0380	I	archsigns/|GA2~a2x(GU4.SZE3)|.jpg	|GA2~a2x(GU4.SZE3)|
EASL0381	I	archsigns/|GA2~a2xNI~a|.jpg	|GA2~a2xNI~a|
EASL0382	I	archsigns/|GA2~a2xNI~b|.jpg	|GA2~a2xNI~b|
EASL0383	I	archsigns/|GA2~a2xNIM~b1|.jpg	|GA2~a2xNIM~b1|
EASL0384	I	archsigns/|GA2~a2xSUHUR|.jpg	|GA2~a2xSUHUR|
EASL0385	I	archsigns/|GA2~a2xSZE3|.jpg	|GA2~a2xSZE3|
EASL0386	I	archsigns/|GA2~a2xX|.jpg	|GA2~a2xX|
EASL0387	I	archsigns/GA2~a3.jpg	GA2~a3
EASL0388	I	archsigns/|GA2~a3xX|.jpg	|GA2~a3xX|
EASL0389	I	archsigns/GA2~a4.jpg	GA2~a4
EASL0390	I	archsigns/GA2~b.jpg	GA2~b
EASL0391	I	archsigns/|GA2~bxDUB~a|.jpg	|GA2~bxDUB~a|
EASL0392	I	archsigns/|GA2~bxDUB~b|.jpg	|GA2~bxDUB~b|
EASL0393	I	archsigns/|GA2~bxKU3~a|.jpg	|GA2~bxKU3~a|
EASL0394	I	archsigns/|GA2~bxZATU659|.jpg	|GA2~bxZATU659|
EASL0395	I	archsigns/GA2~c.jpg	GA2~c
EASL0396	I	archsigns/GADA~a.jpg	GADA~a
EASL0397	I	archsigns/GADA~b.jpg	GADA~b
EASL0398	I	archsigns/GADA~b@g.jpg	GADA~b@g
EASL0399	I	archsigns/GAL~a.jpg	GAL~a
EASL0400	I	archsigns/GAL~b.jpg	GAL~b
EASL0401	I	archsigns/GALGA~a.jpg	GALGA~a
EASL0402	I	archsigns/GALGA~b.jpg	GALGA~b
EASL0403	I	archsigns/GAN~a.jpg	GAN~a
EASL0404	I	archsigns/GAN~b.jpg	GAN~b
EASL0405	I	archsigns/GAN~c.jpg	GAN~c
EASL0406	I	archsigns/|GAN~cxDIN|.jpg	|GAN~cxDIN|
EASL0407	I	archsigns/|GAN~cx(HI.DIN)|.jpg	|GAN~cx(HI.DIN)|
EASL0408	I	archsigns/|GAN~cxHI|.jpg	|GAN~cxHI|
EASL0409	I	archsigns/|GAN~cxKASZ~c|.jpg	|GAN~cxKASZ~c|
EASL0410	I	archsigns/|GAN~cx(KUR~a.A)|.jpg	|GAN~cx(KUR~a.A)|
EASL0411	I	archsigns/|GAN~cxLAGAB~b|.jpg	|GAN~cxLAGAB~b|
EASL0412	I	archsigns/|GAN~cxNE~a|.jpg	|GAN~cxNE~a|
EASL0413	I	archsigns/|GAN~cxSIG7|.jpg	|GAN~cxSIG7|
EASL0414	I	archsigns/|GAN~cxSZE~a|.jpg	|GAN~cxSZE~a|
EASL0415	I	archsigns/|GAN~cxSZE3@t|.jpg	|GAN~cxSZE3@t|
EASL0416	I	archsigns/|GAN~cxX|.jpg	|GAN~cxX|
EASL0417	I	archsigns/|GAN~cxZATU777|.jpg	|GAN~cxZATU777|
EASL0418	I	archsigns/GAN~d.jpg	GAN~d
EASL0419	I	archsigns/|GAN~dxGESZTU~a|.jpg	|GAN~dxGESZTU~a|
EASL0420	I	archsigns/|GAN~dxHI|.jpg	|GAN~dxHI|
EASL0421	I	archsigns/GAN2.jpg	GAN2
EASL0422	I	archsigns/GAR.jpg	GAR
EASL0423	I	archsigns/GAR@g~a.jpg	GAR@g~a
EASL0424	I	archsigns/GAR@g~b.jpg	GAR@g~b
EASL0425	I	archsigns/GAR@g~c.jpg	GAR@g~c
EASL0426	I	archsigns/GAR3.jpg	GAR3
EASL0427	I	archsigns/GARA2~a.jpg	GARA2~a
EASL0428	I	archsigns/GARA2~b.jpg	GARA2~b
EASL0429	I	archsigns/GAZI.jpg	GAZI
EASL0430	I	archsigns/GESZTIN~a.jpg	GESZTIN~a
EASL0431	I	archsigns/GESZTIN~c.jpg	GESZTIN~c
EASL0432	I	archsigns/|GESZTIN~cxX|.jpg	|GESZTIN~cxX|
EASL0433	I	archsigns/GESZTU~a.jpg	GESZTU~a
EASL0434	I	archsigns/|GESZTU~axSZE~a@t|.jpg	|GESZTU~axSZE~a@t|
EASL0435	I	archsigns/GESZTU~b.jpg	GESZTU~b
EASL0436	I	archsigns/GESZTU~c3.jpg	GESZTU~c3
EASL0437	I	archsigns/GESZTU~c5.jpg	GESZTU~c5
EASL0438	I	archsigns/GI.jpg	GI
EASL0439	I	archsigns/GI@t.jpg	GI@t
EASL0440	I	archsigns/|GI&GI|.jpg	|GI&GI|
EASL0441	I	archsigns/|GI&GI&GI|.jpg	|GI&GI&GI|
EASL0442	I	archsigns/|(GI&GI)xGISZ@t|.jpg	|(GI&GI)xGISZ@t|
EASL0443	I	archsigns/|(GI&GI)xX|.jpg	|(GI&GI)xX|
EASL0444	I	archsigns/|(GI+&GI)xSZE3|.jpg	|(GI+&GI)xSZE3|
EASL0445	I	archsigns/GI4~a.jpg	GI4~a
EASL0446	I	archsigns/|GI4~a&GI4~a|.jpg	|GI4~a&GI4~a|
EASL0447	I	archsigns/|GI4~axA|.jpg	|GI4~axA|
EASL0448	I	archsigns/GI4~b.jpg	GI4~b
EASL0449	I	archsigns/|GI4~b&GI4~b|.jpg	|GI4~b&GI4~b|
EASL0450	I	archsigns/GI6.jpg	GI6
EASL0451	I	archsigns/GIBIL.jpg	GIBIL
EASL0452	I	archsigns/GIBIL@t.jpg	GIBIL@t
EASL0453	I	archsigns/GIBIL6.jpg	GIBIL6
EASL0454	I	archsigns/GIG.jpg	GIG
EASL0455	I	archsigns/GIL.jpg	GIL
EASL0456	I	archsigns/GIR~a.jpg	GIR~a
EASL0457	I	archsigns/|GIR~a.KU6~a|.jpg	|GIR~a.KU6~a|
EASL0458	I	archsigns/|GIR~b.GIR~b|.jpg	|GIR~b.GIR~b|
EASL0459	I	archsigns/GIR~b.jpg	GIR~b
EASL0460	I	archsigns/GIR~c.jpg	GIR~c
EASL0461	I	archsigns/GIR~d.jpg	GIR~d
EASL0462	I	archsigns/GIR2~a.jpg	GIR2~a
EASL0463	I	archsigns/GIR2~b.jpg	GIR2~b
EASL0464	I	archsigns/GIR3@g~a.jpg	GIR3@g~a
EASL0465	I	archsigns/GIR3@g~b.jpg	GIR3@g~b
EASL0466	I	archsigns/GIR3@g~c.jpg	GIR3@g~c
EASL0467	I	archsigns/GIR3~a.jpg	GIR3~a
EASL0468	I	archsigns/|GIR3~axSZE~b|.jpg	|GIR3~axSZE~b|
EASL0469	I	archsigns/GIR3~b.jpg	GIR3~b
EASL0470	I	archsigns/GIR3~c.jpg	GIR3~c
EASL0471	I	archsigns/|GIR3~cxKAR2|.jpg	|GIR3~cxKAR2|
EASL0472	I	archsigns/|GIR3~cxSZE3|.jpg	|GIR3~cxSZE3|
EASL0473	I	archsigns/GIR4.jpg	GIR4
EASL0474	I	archsigns/GISAL~a.jpg	GISAL~a
EASL0475	I	archsigns/GISAL~b.jpg	GISAL~b
EASL0476	I	archsigns/GISZ.jpg	GISZ
EASL0477	I	archsigns/|GISZ.TE|.jpg	|GISZ.TE|
EASL0478	I	archsigns/|GISZ@t.E2~a|.jpg	|GISZ@t.E2~a|
EASL0479	I	archsigns/GISZ@t.jpg	GISZ@t
EASL0480	I	archsigns/GISZ~x.jpg	GISZ~x
EASL0481	I	archsigns/GISZ3~a.jpg	GISZ3~a
EASL0482	I	archsigns/|GISZ3~a&GISZ3~a|.jpg	|GISZ3~a&GISZ3~a|
EASL0483	I	archsigns/GISZ3~b.jpg	GISZ3~b
EASL0484	I	archsigns/GISZGAL.jpg	GISZGAL
EASL0485	I	archsigns/GISZIMMAR~a1.jpg	GISZIMMAR~a1
EASL0486	I	archsigns/GISZIMMAR~a2.jpg	GISZIMMAR~a2
EASL0487	I	archsigns/GISZIMMAR~a3.jpg	GISZIMMAR~a3
EASL0488	I	archsigns/GISZIMMAR~b1.jpg	GISZIMMAR~b1
EASL0489	I	archsigns/GISZIMMAR~b3.jpg	GISZIMMAR~b3
EASL0490	I	archsigns/|(GISZx(DIN.DIN))~a|.jpg	|(GISZx(DIN.DIN))~a|
EASL0491	I	archsigns/|(GISZx(DIN.DIN))~b|.jpg	|(GISZx(DIN.DIN))~b|
EASL0492	I	archsigns/|(GISZx(DIN.DIN))~c|.jpg	|(GISZx(DIN.DIN))~c|
EASL0493	I	archsigns/|GISZxSZU2~a|.jpg	|GISZxSZU2~a|
EASL0494	I	archsigns/|GISZxSZU2~b|.jpg	|GISZxSZU2~b|
EASL0495	I	archsigns/|GIx1(N14)|.jpg	|GIx1(N14)|
EASL0496	I	archsigns/|GIx1(N58)@t|.jpg	|GIx1(N58)@t|
EASL0497	I	archsigns/|GIxGISZ@t|.jpg	|GIxGISZ@t|
EASL0498	I	archsigns/|GIxKU~b1|.jpg	|GIxKU~b1|
EASL0499	I	archsigns/|GIxLAGAB~a|.jpg	|GIxLAGAB~a|
EASL0500	I	archsigns/|GIxNAM2|.jpg	|GIxNAM2|
EASL0501	I	archsigns/|GIxSIG2~d1|.jpg	|GIxSIG2~d1|
EASL0502	I	archsigns/|GIxSZE3|.jpg	|GIxSZE3|
EASL0503	I	archsigns/|GIxX|.jpg	|GIxX|
EASL0504	I	archsigns/GIZZAL~x.jpg	GIZZAL~x
EASL0505	I	archsigns/GU.jpg	GU
EASL0506	I	archsigns/GU2.jpg	GU2
EASL0507	I	archsigns/GU4.jpg	GU4
EASL0508	I	archsigns/|GU4.ZATU755~a|.jpg	|GU4.ZATU755~a|
EASL0509	I	archsigns/GU4@g.jpg	GU4@g
EASL0510	I	archsigns/GU7.jpg	GU7
EASL0511	I	archsigns/GUB3~a.jpg	GUB3~a
EASL0512	I	archsigns/GUB3~b.jpg	GUB3~b
EASL0513	I	archsigns/GUB3~c.jpg	GUB3~c
EASL0514	I	archsigns/GUB3~d.jpg	GUB3~d
EASL0515	I	archsigns/GUG2.jpg	GUG2
EASL0516	I	archsigns/GUG2@t.jpg	GUG2@t
EASL0517	I	archsigns/|GUG2xSILA3~a|.jpg	|GUG2xSILA3~a|
EASL0518	I	archsigns/|GUG2xSZITA~a1|.jpg	|GUG2xSZITA~a1|
EASL0519	I	archsigns/|GUG2xTUR|.jpg	|GUG2xTUR|
EASL0520	I	archsigns/|GUKKAL~a.HI@g~a|.jpg	|GUKKAL~a.HI@g~a|
EASL0521	I	archsigns/GUKKAL~a.jpg	GUKKAL~a
EASL0522	I	archsigns/GUKKAL~b.jpg	GUKKAL~b
EASL0523	I	archsigns/GUKKAL~c.jpg	GUKKAL~c
EASL0524	I	archsigns/GUKKAL~d.jpg	GUKKAL~d
EASL0525	I	archsigns/GUL.jpg	GUL
EASL0526	I	archsigns/GUM~a.jpg	GUM~a
EASL0527	I	archsigns/GUM~b.jpg	GUM~b
EASL0528	I	archsigns/GUM~b@n.jpg	GUM~b@n
EASL0529	I	archsigns/GUN3~a.jpg	GUN3~a
EASL0530	I	archsigns/GUN3~b.jpg	GUN3~b
EASL0531	I	archsigns/GUR.jpg	GUR
EASL0532	I	archsigns/GURUSZ~a.jpg	GURUSZ~a
EASL0533	I	archsigns/|GURUSZ~ax2(N14)|.jpg	|GURUSZ~ax2(N14)|
EASL0534	I	archsigns/GURUSZ~b.jpg	GURUSZ~b
EASL0535	I	archsigns/|GURUSZ~bx2(N14)|.jpg	|GURUSZ~bx2(N14)|
EASL0536	I	archsigns/|GURUSZ~cx2(N14)|.jpg	|GURUSZ~cx2(N14)|
EASL0537	I	archsigns/GURUSZDA.jpg	GURUSZDA
EASL0538	I	archsigns/HAL.jpg	HAL
EASL0539	I	archsigns/HALUB.jpg	HALUB
EASL0540	I	archsigns/HASZHUR.jpg	HASZHUR
EASL0541	I	archsigns/|HASZHURxMA|.jpg	|HASZHURxMA|
EASL0542	I	archsigns/HI.jpg	HI
EASL0543	I	archsigns/|HI.SUHUR|.jpg	|HI.SUHUR|
EASL0544	I	archsigns/HI@g~a.jpg	HI@g~a
EASL0545	I	archsigns/HI@g~b.jpg	HI@g~b
EASL0546	I	archsigns/HI@g~c.jpg	HI@g~c
EASL0547	I	archsigns/|HIx1(N01)F|.jpg	|HIx1(N01)F|
EASL0548	I	archsigns/|HIx1(N57)|.jpg	|HIx1(N57)|
EASL0549	I	archsigns/|HIx1(N57)@t|.jpg	|HIx1(N57)@t|
EASL0550	I	archsigns/|(HIx1(N57))&(HI+1(N57))|.jpg	|(HIx1(N57))&(HI+1(N57))|
EASL0551	I	archsigns/|HIx1(N58)|.jpg	|HIx1(N58)|
EASL0552	I	archsigns/|HIxLAGAB~a|.jpg	|HIxLAGAB~a|
EASL0553	I	archsigns/|HIxSZE3@t|.jpg	|HIxSZE3@t|
EASL0554	I	archsigns/|HIxZATU707~a|.jpg	|HIxZATU707~a|
EASL0555	I	archsigns/HUB2.jpg	HUB2
EASL0556	I	archsigns/I.jpg	I
EASL0557	I	archsigns/IB~a.jpg	IB~a
EASL0558	I	archsigns/|IB~a@n|.jpg	|IB~a@n|
EASL0559	I	archsigns/IB~b.jpg	IB~b
EASL0560	I	archsigns/IDIGNA.jpg	IDIGNA
EASL0561	I	archsigns/IG~a.jpg	IG~a
EASL0562	I	archsigns/IG~b.jpg	IG~b
EASL0563	I	archsigns/IGI.jpg	IGI
EASL0564	I	archsigns/IL.jpg	IL
EASL0565	I	archsigns/ILDUM~a.jpg	ILDUM~a
EASL0566	I	archsigns/ILDUM~b.jpg	ILDUM~b
EASL0567	I	archsigns/IM~a.jpg	IM~a
EASL0568	I	archsigns/IM~a@g.jpg	IM~a@g
EASL0569	I	archsigns/IM~b.jpg	IM~b
EASL0570	I	archsigns/IN~b.jpg	IN~b
EASL0571	I	archsigns/IN~d.jpg	IN~d
EASL0572	I	archsigns/|IR~a.GA2~a1|.jpg	|IR~a.GA2~a1|
EASL0573	I	archsigns/IR~a.jpg	IR~a
EASL0574	I	archsigns/IR~b.jpg	IR~b
EASL0575	I	archsigns/IR~c.jpg	IR~c
EASL0576	I	archsigns/IR~d.jpg	IR~d
EASL0577	I	archsigns/IR11.jpg	IR11
EASL0578	I	archsigns/IRHAN.jpg	IRHAN
EASL0579	I	archsigns/ISZ~a.jpg	ISZ~a
EASL0580	I	archsigns/ISZ~b.jpg	ISZ~b
EASL0581	I	archsigns/ISZ~c.jpg	ISZ~c
EASL0582	I	archsigns/KA~a.jpg	KA~a
EASL0583	I	archsigns/|KA~a.SZE~a|.jpg	|KA~a.SZE~a|
EASL0584	I	archsigns/|KA~axSAR~a|.jpg	|KA~axSAR~a|
EASL0585	I	archsigns/KA2~a.jpg	KA2~a
EASL0586	I	archsigns/KA2~b.jpg	KA2~b
EASL0587	I	archsigns/KA2~c.jpg	KA2~c
EASL0588	I	archsigns/KA2~d.jpg	KA2~d
EASL0589	I	archsigns/|KA2xLAM|.jpg	|KA2xLAM|
EASL0590	I	archsigns/KAB.jpg	KAB
EASL0591	I	archsigns/|KABx1(N58)|.jpg	|KABx1(N58)|
EASL0592	I	archsigns/KAD4~a.jpg	KAD4~a
EASL0593	I	archsigns/KAD4~b.jpg	KAD4~b
EASL0594	I	archsigns/KAD4~c1.jpg	KAD4~c1
EASL0595	I	archsigns/KAD4~c2.jpg	KAD4~c2
EASL0596	I	archsigns/|KAK~a.GA2~a1|.jpg	|KAK~a.GA2~a1|
EASL0597	I	archsigns/KAK~a.jpg	KAK~a
EASL0598	I	archsigns/KAK~b.jpg	KAK~b
EASL0599	I	archsigns/KAL~a.jpg	KAL~a
EASL0600	I	archsigns/KAL~b1.jpg	KAL~b1
EASL0601	I	archsigns/KAL~b2.jpg	KAL~b2
EASL0602	I	archsigns/KALAM~a.jpg	KALAM~a
EASL0603	I	archsigns/KALAM~b.jpg	KALAM~b
EASL0604	I	archsigns/KALAM~c.jpg	KALAM~c
EASL0605	I	archsigns/KALAM~d.jpg	KALAM~d
EASL0606	I	archsigns/KALAM~e.jpg	KALAM~e
EASL0607	I	archsigns/KALAM~f.jpg	KALAM~f
EASL0608	I	archsigns/KAR.jpg	KAR
EASL0609	I	archsigns/KAR2~a.jpg	KAR2~a
EASL0610	I	archsigns/KAR2~b.jpg	KAR2~b
EASL0611	I	archsigns/KASKAL.jpg	KASKAL
EASL0612	I	archsigns/|KASKAL@g|.jpg	|KASKAL@g|
EASL0613	I	archsigns/KASZ~a.jpg	KASZ~a
EASL0614	I	archsigns/KASZ~b.jpg	KASZ~b
EASL0615	I	archsigns/|KASZ~b@t|.jpg	|KASZ~b@t|
EASL0616	I	archsigns/|KASZ~bxSZE~a|.jpg	|KASZ~bxSZE~a|
EASL0617	I	archsigns/KASZ~c.jpg	KASZ~c
EASL0618	I	archsigns/KASZ~d.jpg	KASZ~d
EASL0619	I	archsigns/KESZ2.jpg	KESZ2
EASL0620	I	archsigns/KI.jpg	KI
EASL0621	I	archsigns/KI@n.jpg	KI@n
EASL0622	I	archsigns/|KI@nxDUB~a|.jpg	|KI@nxDUB~a|
EASL0623	I	archsigns/KIB.jpg	KIB
EASL0624	I	archsigns/KIB@g.jpg	KIB@g
EASL0625	I	archsigns/KID~a.jpg	KID~a
EASL0626	I	archsigns/KID~b.jpg	KID~b
EASL0627	I	archsigns/KID~c.jpg	KID~c
EASL0628	I	archsigns/KID~d.jpg	KID~d
EASL0629	I	archsigns/KID~e.jpg	KID~e
EASL0630	I	archsigns/KIN.jpg	KIN
EASL0631	I	archsigns/KIN2~a.jpg	KIN2~a
EASL0632	I	archsigns/KIN2~c.jpg	KIN2~c
EASL0633	I	archsigns/KIN2~d.jpg	KIN2~d
EASL0634	I	archsigns/KIN2~e.jpg	KIN2~e
EASL0635	I	archsigns/KINGAL.jpg	KINGAL
EASL0636	I	archsigns/KIR11.jpg	KIR11
EASL0637	I	archsigns/KISAL~a1.jpg	KISAL~a1
EASL0638	I	archsigns/KISAL~a2.jpg	KISAL~a2
EASL0639	I	archsigns/KISAL~b1.jpg	KISAL~b1
EASL0640	I	archsigns/KISAL~b2.jpg	KISAL~b2
EASL0641	I	archsigns/|KISAL~b2@t|.jpg	|KISAL~b2@t|
EASL0642	I	archsigns/KISAL~b3.jpg	KISAL~b3
EASL0643	I	archsigns/KISIM~a.jpg	KISIM~a
EASL0644	I	archsigns/KISIM~b.jpg	KISIM~b
EASL0645	I	archsigns/KISIM~c.jpg	KISIM~c
EASL0646	I	archsigns/KISZ.jpg	KISZ
EASL0647	I	archsigns/KISZIK~a.jpg	KISZIK~a
EASL0648	I	archsigns/KISZIK~b.jpg	KISZIK~b
EASL0649	I	archsigns/KITI.jpg	KITI
EASL0650	I	archsigns/KU~a.jpg	KU~a
EASL0651	I	archsigns/KU~a@t.jpg	KU~a@t
EASL0652	I	archsigns/KU~b1.jpg	KU~b1
EASL0653	I	archsigns/KU~b2.jpg	KU~b2
EASL0654	I	archsigns/KU3~a.jpg	KU3~a
EASL0655	I	archsigns/KU3~c.jpg	KU3~c
EASL0656	I	archsigns/|KU6~a.1(N02)|.jpg	|KU6~a.1(N02)|
EASL0657	I	archsigns/KU6~a.jpg	KU6~a
EASL0658	I	archsigns/KU6~a@s.jpg	KU6~a@s
EASL0659	I	archsigns/|KU6~a+GISZ|.jpg	|KU6~a+GISZ|
EASL0660	I	archsigns/|KU6~a+KU6~a|.jpg	|KU6~a+KU6~a|
EASL0661	I	archsigns/KU6~c.jpg	KU6~c
EASL0662	I	archsigns/KU6~d.jpg	KU6~d
EASL0663	I	archsigns/KUN.jpg	KUN
EASL0664	I	archsigns/|KUR@g~a|.jpg	|KUR@g~a|
EASL0665	I	archsigns/|KUR@g~b|.jpg	|KUR@g~b|
EASL0666	I	archsigns/|KUR~a.E2~a|.jpg	|KUR~a.E2~a|
EASL0667	I	archsigns/KUR~a.jpg	KUR~a
EASL0668	I	archsigns/|KUR~a.NUNUZ~a1|.jpg	|KUR~a.NUNUZ~a1|
EASL0669	I	archsigns/|KUR~b.E2~a|.jpg	|KUR~b.E2~a|
EASL0670	I	archsigns/KUR~b.jpg	KUR~b
EASL0671	I	archsigns/KUR~c.jpg	KUR~c
EASL0672	I	archsigns/KUR~d.jpg	KUR~d
EASL0673	I	archsigns/KUSZU2~a.jpg	KUSZU2~a
EASL0674	I	archsigns/KUSZU2~b.jpg	KUSZU2~b
EASL0675	I	archsigns/KUSZU2~c.jpg	KUSZU2~c
EASL0676	I	archsigns/KUSZU2~d.jpg	KUSZU2~d
EASL0677	I	archsigns/KUSZU2~e.jpg	KUSZU2~e
EASL0678	I	archsigns/KUSZU2~f.jpg	KUSZU2~f
EASL0679	I	archsigns/LA~b.jpg	LA~b
EASL0680	I	archsigns/LA~c.jpg	LA~c
EASL0681	I	archsigns/LA~d.jpg	LA~d
EASL0682	I	archsigns/LA~e.jpg	LA~e
EASL0683	I	archsigns/LA2.jpg	LA2
EASL0684	I	archsigns/LAGAB~a.jpg	LAGAB~a
EASL0685	I	archsigns/|LAGAB~ax2(N14)|.jpg	|LAGAB~ax2(N14)|
EASL0686	I	archsigns/|LAGAB~axBA|.jpg	|LAGAB~axBA|
EASL0687	I	archsigns/|LAGAB~axBIR3~b|.jpg	|LAGAB~axBIR3~b|
EASL0688	I	archsigns/|LAGAB~axDU6~b|.jpg	|LAGAB~axDU6~b|
EASL0689	I	archsigns/|LAGAB~axKAK~a|.jpg	|LAGAB~axKAK~a|
EASL0690	I	archsigns/|LAGAB~axKU6~a|.jpg	|LAGAB~axKU6~a|
EASL0691	I	archsigns/|LAGAB~ax(KU6~a+KU6~a)|.jpg	|LAGAB~ax(KU6~a+KU6~a)|
EASL0692	I	archsigns/|LAGAB~axKUSZU2~b|.jpg	|LAGAB~axKUSZU2~b|
EASL0693	I	archsigns/|LAGAB~axLAGAB~a|.jpg	|LAGAB~axLAGAB~a|
EASL0694	I	archsigns/|LAGAB~axME~a|.jpg	|LAGAB~axME~a|
EASL0695	I	archsigns/|LAGAB~axNUN~b|.jpg	|LAGAB~axNUN~b|
EASL0696	I	archsigns/|LAGAB~axPA~a|.jpg	|LAGAB~axPA~a|
EASL0697	I	archsigns/|LAGAB~axSI|.jpg	|LAGAB~axSI|
EASL0698	I	archsigns/|LAGAB~axSIG7|.jpg	|LAGAB~axSIG7|
EASL0699	I	archsigns/|LAGAB~axSU~a|.jpg	|LAGAB~axSU~a|
EASL0700	I	archsigns/|LAGAB~axSZA|.jpg	|LAGAB~axSZA|
EASL0701	I	archsigns/|LAGAB~axSZITA~a1|.jpg	|LAGAB~axSZITA~a1|
EASL0702	I	archsigns/|LAGAB~axTI|.jpg	|LAGAB~axTI|
EASL0703	I	archsigns/|LAGAB~axU4|.jpg	|LAGAB~axU4|
EASL0704	I	archsigns/|LAGAB~axUB|.jpg	|LAGAB~axUB|
EASL0705	I	archsigns/|LAGAB~axX|.jpg	|LAGAB~axX|
EASL0706	I	archsigns/|LAGAB~axZATU753|.jpg	|LAGAB~axZATU753|
EASL0707	I	archsigns/LAGAB~b.jpg	LAGAB~b
EASL0708	I	archsigns/|LAGAB~bx1(N01)|.jpg	|LAGAB~bx1(N01)|
EASL0709	I	archsigns/|LAGAB~bxBANSZUR~a|.jpg	|LAGAB~bxBANSZUR~a|
EASL0710	I	archsigns/|LAGAB~bxGA'AR~a1|.jpg	|LAGAB~bxGA'AR~a1|
EASL0711	I	archsigns/|LAGAB~bxHI|.jpg	|LAGAB~bxHI|
EASL0712	I	archsigns/|LAGAB~bxKUR~e|.jpg	|LAGAB~bxKUR~e|
EASL0713	I	archsigns/|LAGAB~bxLAGAB~b|.jpg	|LAGAB~bxLAGAB~b|
EASL0714	I	archsigns/|LAGAB~bxPA~a|.jpg	|LAGAB~bxPA~a|
EASL0715	I	archsigns/|LAGAB~bxSI|.jpg	|LAGAB~bxSI|
EASL0716	I	archsigns/|LAGAB~bxSUH|3.jpg	|LAGAB~bxSUH|3
EASL0717	I	archsigns/|LAGAB~bxSZITA~c|.jpg	|LAGAB~bxSZITA~c|
EASL0718	I	archsigns/|LAGAB~bxU4|.jpg	|LAGAB~bxU4|
EASL0719	I	archsigns/|LAGAB~bxX|.jpg	|LAGAB~bxX|
EASL0720	I	archsigns/LAGAR~a.jpg	LAGAR~a
EASL0721	I	archsigns/LAGAR~a@r.jpg	LAGAR~a@r
EASL0722	I	archsigns/LAGAR~b1.jpg	LAGAR~b1
EASL0723	I	archsigns/LAGAR~b2.jpg	LAGAR~b2
EASL0724	I	archsigns/LAGAR~c.jpg	LAGAR~c
EASL0725	I	archsigns/LAHTAN2.jpg	LAHTAN2
EASL0726	I	archsigns/LAK025.jpg	LAK025
EASL0727	I	archsigns/LAK050.jpg	LAK050
EASL0728	I	archsigns/LAK172.jpg	LAK172
EASL0729	I	archsigns/LAK251.jpg	LAK251
EASL0730	I	archsigns/LAK350.jpg	LAK350
EASL0731	I	archsigns/LAK777.jpg	LAK777
EASL0732	I	archsigns/LAL2~a.jpg	LAL2~a
EASL0733	I	archsigns/|LAL2~axEZEN~a|.jpg	|LAL2~axEZEN~a|
EASL0734	I	archsigns/|LAL2~axNIM~b2|.jpg	|LAL2~axNIM~b2|
EASL0735	I	archsigns/LAL2~b.jpg	LAL2~b
EASL0736	I	archsigns/LAL3~a.jpg	LAL3~a
EASL0737	I	archsigns/LAL3~b.jpg	LAL3~b
EASL0738	I	archsigns/LAL3~c.jpg	LAL3~c
EASL0739	I	archsigns/LAM~a.jpg	LAM~a
EASL0740	I	archsigns/LAM~b.jpg	LAM~b
EASL0741	I	archsigns/LAM~b@r.jpg	LAM~b@r
EASL0742	I	archsigns/LAM~b@s.jpg	LAM~b@s
EASL0743	I	archsigns/|LAM~b@t|.jpg	|LAM~b@t|
EASL0744	I	archsigns/LAM~c.jpg	LAM~c
EASL0745	I	archsigns/LI.jpg	LI
EASL0746	I	archsigns/LISZ.jpg	LISZ
EASL0747	I	archsigns/LU2.jpg	LU2
EASL0748	I	archsigns/LU2@t.jpg	LU2@t
EASL0749	I	archsigns/|LU2xGESZTU~c3|.jpg	|LU2xGESZTU~c3|
EASL0750	I	archsigns/LUGAL.jpg	LUGAL
EASL0751	I	archsigns/LUM.jpg	LUM
EASL0752	I	archsigns/MA.jpg	MA
EASL0753	I	archsigns/MA2.jpg	MA2
EASL0754	I	archsigns/MAGUR~a.jpg	MAGUR~a
EASL0755	I	archsigns/MAGUR~b.jpg	MAGUR~b
EASL0756	I	archsigns/MAH~a.jpg	MAH~a
EASL0757	I	archsigns/|MAH~axAB2|.jpg	|MAH~axAB2|
EASL0758	I	archsigns/|MAH~axGUKKAL~a|.jpg	|MAH~axGUKKAL~a|
EASL0759	I	archsigns/|MAH~axKU6~a|.jpg	|MAH~axKU6~a|
EASL0760	I	archsigns/|MAH~axMASZ|.jpg	|MAH~axMASZ|
EASL0761	I	archsigns/|MAH~axNA~a|.jpg	|MAH~axNA~a|
EASL0762	I	archsigns/|MAH~ax(SILA3~axUMBIN~a)|.jpg	|MAH~ax(SILA3~axUMBIN~a)|
EASL0763	I	archsigns/|MAH~axTUG2~a|.jpg	|MAH~axTUG2~a|
EASL0764	I	archsigns/|MAH~axUD5~a|.jpg	|MAH~axUD5~a|
EASL0765	I	archsigns/|MAH~axUDU~a|.jpg	|MAH~axUDU~a|
EASL0766	I	archsigns/|MAH~axUR~a|.jpg	|MAH~axUR~a|
EASL0767	I	archsigns/|MAH~axUTUA~a|.jpg	|MAH~axUTUA~a|
EASL0768	I	archsigns/|MAH~axX|.jpg	|MAH~axX|
EASL0769	I	archsigns/|MAH~axZATU659|.jpg	|MAH~axZATU659|
EASL0770	I	archsigns/MAH~b.jpg	MAH~b
EASL0771	I	archsigns/|MAH~bxKU6~a|.jpg	|MAH~bxKU6~a|
EASL0772	I	archsigns/|MAH~bxMASZ|.jpg	|MAH~bxMASZ|
EASL0773	I	archsigns/|MAH~bxNA~a|.jpg	|MAH~bxNA~a|
EASL0774	I	archsigns/|MAH~bxSAL|.jpg	|MAH~bxSAL|
EASL0775	I	archsigns/MAR~a.jpg	MAR~a
EASL0776	I	archsigns/MAR~a@t.jpg	MAR~a@t
EASL0777	I	archsigns/MAR~b.jpg	MAR~b
EASL0778	I	archsigns/|MAR~bx(LAGAB~b.SZE3)|.jpg	|MAR~bx(LAGAB~b.SZE3)|
EASL0779	I	archsigns/|MAR~bxSZE~a|.jpg	|MAR~bxSZE~a|
EASL0780	I	archsigns/|MAR~bxX|.jpg	|MAR~bxX|
EASL0781	I	archsigns/MASZ.jpg	MASZ
EASL0782	I	archsigns/MASZ2.jpg	MASZ2
EASL0783	I	archsigns/MASZ2@g.jpg	MASZ2@g
EASL0784	I	archsigns/|MAx1(N58)|.jpg	|MAx1(N58)|
EASL0785	I	archsigns/|MAx2(N57)|.jpg	|MAx2(N57)|
EASL0786	I	archsigns/|MAxA|.jpg	|MAxA|
EASL0787	I	archsigns/|MAxMA|.jpg	|MAxMA|
EASL0788	I	archsigns/|MAxX|.jpg	|MAxX|
EASL0789	I	archsigns/ME~a.jpg	ME~a
EASL0790	I	archsigns/ME~b.jpg	ME~b
EASL0791	I	archsigns/ME3.jpg	ME3
EASL0792	I	archsigns/MEN~a.jpg	MEN~a
EASL0793	I	archsigns/MEN~b.jpg	MEN~b
EASL0794	I	archsigns/MES.jpg	MES
EASL0795	I	archsigns/MIR~a.jpg	MIR~a
EASL0796	I	archsigns/MIR~b.jpg	MIR~b
EASL0797	I	archsigns/MU.jpg	MU
EASL0798	I	archsigns/MUD.jpg	MUD
EASL0799	I	archsigns/MUD3~a.jpg	MUD3~a
EASL0800	I	archsigns/MUD3~a@g.jpg	MUD3~a@g
EASL0801	I	archsigns/|MUD3~a@gxGU|.jpg	|MUD3~a@gxGU|
EASL0802	I	archsigns/MUD3~b.jpg	MUD3~b
EASL0803	I	archsigns/MUD3~c.jpg	MUD3~c
EASL0804	I	archsigns/MUD3~d.jpg	MUD3~d
EASL0805	I	archsigns/MUL.jpg	MUL
EASL0806	I	archsigns/MUN~a1.jpg	MUN~a1
EASL0807	I	archsigns/MUN~a2.jpg	MUN~a2
EASL0808	I	archsigns/MUN~a3.jpg	MUN~a3
EASL0809	I	archsigns/MUN~a4.jpg	MUN~a4
EASL0810	I	archsigns/MUN~b.jpg	MUN~b
EASL0811	I	archsigns/MUNSZUB~a.jpg	MUNSZUB~a
EASL0812	I	archsigns/MUNSZUB~b.jpg	MUNSZUB~b
EASL0813	I	archsigns/MUNU3.jpg	MUNU3
EASL0814	I	archsigns/MURUB2.jpg	MURUB2
EASL0815	I	archsigns/MUSZ.jpg	MUSZ
EASL0816	I	archsigns/MUSZ3~a.jpg	MUSZ3~a
EASL0817	I	archsigns/MUSZ3~a@g.jpg	MUSZ3~a@g
EASL0818	I	archsigns/MUSZ3~b.jpg	MUSZ3~b
EASL0819	I	archsigns/MUSZEN.jpg	MUSZEN
EASL0820	I	archsigns/|MUSZEN.UR3~b2|.jpg	|MUSZEN.UR3~b2|
EASL0821	I	archsigns/|MUSZENx1(N57)|.jpg	|MUSZENx1(N57)|
EASL0822	I	archsigns/|MUSZENx2(N57)|.jpg	|MUSZENx2(N57)|
EASL0823	I	archsigns/|MUSZENx3(N57)|.jpg	|MUSZENx3(N57)|
EASL0824	I	archsigns/|MUSZENxPAP~a|.jpg	|MUSZENxPAP~a|
EASL0825	I	archsigns/|MUSZENxX|.jpg	|MUSZENxX|
EASL0826	I	archsigns/NA~a.jpg	NA~a
EASL0827	I	archsigns/NA~b.jpg	NA~b
EASL0828	I	archsigns/NA~c.jpg	NA~c
EASL0829	I	archsigns/NA~d.jpg	NA~d
EASL0830	I	archsigns/NA2~a.jpg	NA2~a
EASL0831	I	archsigns/NA2~b1.jpg	NA2~b1
EASL0832	I	archsigns/NA2~b2.jpg	NA2~b2
EASL0833	I	archsigns/NAB.jpg	NAB
EASL0834	I	archsigns/NAGA~a.jpg	NAGA~a
EASL0835	I	archsigns/|NAGA~axTAK4~a|.jpg	|NAGA~axTAK4~a|
EASL0836	I	archsigns/NAGA~b.jpg	NAGA~b
EASL0837	I	archsigns/NAGAR~a.jpg	NAGAR~a
EASL0838	I	archsigns/NAGAR~b.jpg	NAGAR~b
EASL0839	I	archsigns/NAM~a.jpg	NAM~a
EASL0840	I	archsigns/NAM~b.jpg	NAM~b
EASL0841	I	archsigns/NAM~c.jpg	NAM~c
EASL0842	I	archsigns/NAM~d.jpg	NAM~d
EASL0843	I	archsigns/NAM2.jpg	NAM2
EASL0844	I	archsigns/NAM2@g.jpg	NAM2@g
EASL0845	I	archsigns/NAM2@t.jpg	NAM2@t
EASL0846	I	archsigns/|NAM2x1(N01)|.jpg	|NAM2x1(N01)|
EASL0847	I	archsigns/NAMESZDA.jpg	NAMESZDA
EASL0848	I	archsigns/NANNA~a.jpg	NANNA~a
EASL0849	I	archsigns/NANNA~b.jpg	NANNA~b
EASL0850	I	archsigns/NANSZE~a.jpg	NANSZE~a
EASL0851	I	archsigns/NANSZE~b.jpg	NANSZE~b
EASL0852	I	archsigns/NAR.jpg	NAR
EASL0853	I	archsigns/NE~a.jpg	NE~a
EASL0854	I	archsigns/NE~b.jpg	NE~b
EASL0855	I	archsigns/NE~c.jpg	NE~c
EASL0856	I	archsigns/NE~d.jpg	NE~d
EASL0857	I	archsigns/NERGAL~x.jpg	NERGAL~x
EASL0858	I	archsigns/NESAG2~a.jpg	NESAG2~a
EASL0859	I	archsigns/NESAG2~b.jpg	NESAG2~b
EASL0860	I	archsigns/NESAG2~b@t.jpg	NESAG2~b@t
EASL0861	I	archsigns/NI~a.jpg	NI~a
EASL0862	I	archsigns/|NI~a.RU|.jpg	|NI~a.RU|
EASL0863	I	archsigns/NI~a@g.jpg	NI~a@g
EASL0864	I	archsigns/|NI~ax1(N57)|.jpg	|NI~ax1(N57)|
EASL0865	I	archsigns/NI~b.jpg	NI~b
EASL0866	I	archsigns/|NI~bx4(N57)|.jpg	|NI~bx4(N57)|
EASL0867	I	archsigns/|NI~bxX|.jpg	|NI~bxX|
EASL0868	I	archsigns/NI2.jpg	NI2
EASL0869	I	archsigns/NIGIN.jpg	NIGIN
EASL0870	I	archsigns/NIM~a.jpg	NIM~a
EASL0871	I	archsigns/NIM~b1.jpg	NIM~b1
EASL0872	I	archsigns/NIM~b2.jpg	NIM~b2
EASL0873	I	archsigns/NIM~b3.jpg	NIM~b3
EASL0874	I	archsigns/NIMGIR.jpg	NIMGIR
EASL0875	I	archsigns/NIN.jpg	NIN
EASL0876	I	archsigns/NINDA2.jpg	NINDA2
EASL0877	I	archsigns/|NINDA2x1(N01)|.jpg	|NINDA2x1(N01)|
EASL0878	I	archsigns/|NINDA2x1(N06)|.jpg	|NINDA2x1(N06)|
EASL0879	I	archsigns/|NINDA2x1(N08)|.jpg	|NINDA2x1(N08)|
EASL0880	I	archsigns/|NINDA2x2(N01)|.jpg	|NINDA2x2(N01)|
EASL0881	I	archsigns/|NINDA2x(AN.HI)|.jpg	|NINDA2x(AN.HI)|
EASL0882	I	archsigns/|NINDA2xAN|.jpg	|NINDA2xAN|
EASL0883	I	archsigns/|NINDA2x(AN.ME~a)|.jpg	|NINDA2x(AN.ME~a)|
EASL0884	I	archsigns/|NINDA2x(AN.X)|.jpg	|NINDA2x(AN.X)|
EASL0885	I	archsigns/|NINDA2xBA|.jpg	|NINDA2xBA|
EASL0886	I	archsigns/|NINDA2xEZEN~b|.jpg	|NINDA2xEZEN~b|
EASL0887	I	archsigns/|NINDA2xGA'AR~a1|.jpg	|NINDA2xGA'AR~a1|
EASL0888	I	archsigns/|NINDA2xGAR|.jpg	|NINDA2xGAR|
EASL0889	I	archsigns/|NINDA2x(GISZ.DAR~a)|.jpg	|NINDA2x(GISZ.DAR~a)|
EASL0890	I	archsigns/|NINDA2xGISZ|.jpg	|NINDA2xGISZ|
EASL0891	I	archsigns/|NINDA2xGU4|.jpg	|NINDA2xGU4|
EASL0892	I	archsigns/|NINDA2xGUDU4|.jpg	|NINDA2xGUDU4|
EASL0893	I	archsigns/|NINDA2x(HI.AN.ME~a)|.jpg	|NINDA2x(HI.AN.ME~a)|
EASL0894	I	archsigns/|NINDA2xHI|.jpg	|NINDA2xHI|
EASL0895	I	archsigns/|NINDA2x(HI.ME~a)|.jpg	|NINDA2x(HI.ME~a)|
EASL0896	I	archsigns/|NINDA2x(HI.X)|.jpg	|NINDA2x(HI.X)|
EASL0897	I	archsigns/|NINDA2x(HI@g~a.1(N06))|.jpg	|NINDA2x(HI@g~a.1(N06))|
EASL0898	I	archsigns/|NINDA2xKASZ~b|.jpg	|NINDA2xKASZ~b|
EASL0899	I	archsigns/|NINDA2xMAR~b|.jpg	|NINDA2xMAR~b|
EASL0900	I	archsigns/|NINDA2xNE~a|.jpg	|NINDA2xNE~a|
EASL0901	I	archsigns/|NINDA2xSZIM~a|.jpg	|NINDA2xSZIM~a|
EASL0902	I	archsigns/|NINDA2xU4|.jpg	|NINDA2xU4|
EASL0903	I	archsigns/|NINDA2x(U4.X)|.jpg	|NINDA2x(U4.X)|
EASL0904	I	archsigns/|NINDA2x((UDU~axTAR)~a)|.jpg	|NINDA2x((UDU~axTAR)~a)|
EASL0905	I	archsigns/|NINDA2xX|.jpg	|NINDA2xX|
EASL0906	I	archsigns/|NINDA2x(X.MASZ)|.jpg	|NINDA2x(X.MASZ)|
EASL0907	I	archsigns/|NINDA2x(ZATU659x1(N01))|.jpg	|NINDA2x(ZATU659x1(N01))|
EASL0908	I	archsigns/NINKUM.jpg	NINKUM
EASL0909	I	archsigns/NINLIL.jpg	NINLIL
EASL0910	I	archsigns/NIR~a.jpg	NIR~a
EASL0911	I	archsigns/|NIR~axAN|.jpg	|NIR~axAN|
EASL0912	I	archsigns/NIR~b.jpg	NIR~b
EASL0913	I	archsigns/NU.jpg	NU
EASL0914	I	archsigns/NU@g.jpg	NU@g
EASL0915	I	archsigns/NU11.jpg	NU11
EASL0916	I	archsigns/|NU11@t|.jpg	|NU11@t|
EASL0917	I	archsigns/|NU11&NU11|.jpg	|NU11&NU11|
EASL0918	I	archsigns/NUMUN.jpg	NUMUN
EASL0919	I	archsigns/NUMUN2.jpg	NUMUN2
EASL0920	I	archsigns/NUN~a.jpg	NUN~a
EASL0921	I	archsigns/|NUN~a+A|.jpg	|NUN~a+A|
EASL0922	I	archsigns/|NUN~a+EN~a|.jpg	|NUN~a+EN~a|
EASL0923	I	archsigns/|NUN~a+EN~b|.jpg	|NUN~a+EN~b|
EASL0924	I	archsigns/|NUN~a+EN~d|.jpg	|NUN~a+EN~d|
EASL0925	I	archsigns/|NUN~a+NAM2|.jpg	|NUN~a+NAM2|
EASL0926	I	archsigns/NUN~b.jpg	NUN~b
EASL0927	I	archsigns/|NUN~b+EN~a|.jpg	|NUN~b+EN~a|
EASL0928	I	archsigns/NUN~c.jpg	NUN~c
EASL0929	I	archsigns/NUN~d.jpg	NUN~d
EASL0930	I	archsigns/NUNUZ~a0.jpg	NUNUZ~a0
EASL0931	I	archsigns/NUNUZ~a1.jpg	NUNUZ~a1
EASL0932	I	archsigns/|NUNUZ~a1@t|.jpg	|NUNUZ~a1@t|
EASL0933	I	archsigns/NUNUZ~a2.jpg	NUNUZ~a2
EASL0934	I	archsigns/NUNUZ~b1.jpg	NUNUZ~b1
EASL0935	I	archsigns/NUNUZ~b2.jpg	NUNUZ~b2
EASL0936	I	archsigns/NUNUZ~c.jpg	NUNUZ~c
EASL0937	I	archsigns/PA~a.jpg	PA~a
EASL0938	I	archsigns/PA~b.jpg	PA~b
EASL0939	I	archsigns/PA3.jpg	PA3
EASL0940	I	archsigns/PAD~a.jpg	PAD~a
EASL0941	I	archsigns/PAD~b.jpg	PAD~b
EASL0942	I	archsigns/PAP~a.jpg	PAP~a
EASL0943	I	archsigns/PAP~a@t.jpg	PAP~a@t
EASL0944	I	archsigns/PAP~b.jpg	PAP~b
EASL0945	I	archsigns/PIRIG~a1.jpg	PIRIG~a1
EASL0946	I	archsigns/PIRIG~a2.jpg	PIRIG~a2
EASL0947	I	archsigns/PIRIG~a3.jpg	PIRIG~a3
EASL0948	I	archsigns/PIRIG~b1.jpg	PIRIG~b1
EASL0949	I	archsigns/|PIRIG~b1xUR2|.jpg	|PIRIG~b1xUR2|
EASL0950	I	archsigns/PIRIG~b2.jpg	PIRIG~b2
EASL0951	I	archsigns/PU2.jpg	PU2
EASL0952	I	archsigns/RA.jpg	RA
EASL0953	I	archsigns/RAD~a.jpg	RAD~a
EASL0954	I	archsigns/RAD~a@g.jpg	RAD~a@g
EASL0955	I	archsigns/|RAD~a@t|.jpg	|RAD~a@t|
EASL0956	I	archsigns/RAD~b.jpg	RAD~b
EASL0957	I	archsigns/RI.jpg	RI
EASL0958	I	archsigns/RI~x.jpg	RI~x
EASL0959	I	archsigns/RI8~a.jpg	RI8~a
EASL0960	I	archsigns/RI8~b.jpg	RI8~b
EASL0961	I	archsigns/RU.jpg	RU
EASL0962	I	archsigns/|RU@t|.jpg	|RU@t|
EASL0963	I	archsigns/SA~a.jpg	SA~a
EASL0964	I	archsigns/SA~c.jpg	SA~c
EASL0965	I	archsigns/SAG.jpg	SAG
EASL0966	I	archsigns/SAG@g.jpg	SAG@g
EASL0967	I	archsigns/SAG@n.jpg	SAG@n
EASL0968	I	archsigns/SAGSZU.jpg	SAGSZU
EASL0969	I	archsigns/|SAGx1(N14)|.jpg	|SAGx1(N14)|
EASL0970	I	archsigns/|SAGxGESZTU~a|.jpg	|SAGxGESZTU~a|
EASL0971	I	archsigns/|SAGxGESZTU~b|.jpg	|SAGxGESZTU~b|
EASL0972	I	archsigns/|SAGxGESZTU~c|.jpg	|SAGxGESZTU~c|
EASL0973	I	archsigns/|SAGxLAM~c|.jpg	|SAGxLAM~c|
EASL0974	I	archsigns/|SAGxMA|.jpg	|SAGxMA|
EASL0975	I	archsigns/|SAGxSAR~a|.jpg	|SAGxSAR~a|
EASL0976	I	archsigns/SAL.jpg	SAL
EASL0977	I	archsigns/|SAL.KUR~a|.jpg	|SAL.KUR~a|
EASL0978	I	archsigns/|SAL.LAM~b|.jpg	|SAL.LAM~b|
EASL0979	I	archsigns/|SAL.SZU2|.jpg	|SAL.SZU2|
EASL0980	I	archsigns/|SALx1(N58)|.jpg	|SALx1(N58)|
EASL0981	I	archsigns/SANGA~a.jpg	SANGA~a
EASL0982	I	archsigns/SANGA~b.jpg	SANGA~b
EASL0983	I	archsigns/SANGA~c.jpg	SANGA~c
EASL0984	I	archsigns/SAR~a.jpg	SAR~a
EASL0985	I	archsigns/|SAR~axSZE~a|.jpg	|SAR~axSZE~a|
EASL0986	I	archsigns/SAR~b.jpg	SAR~b
EASL0987	I	archsigns/SAR~c.jpg	SAR~c
EASL0988	I	archsigns/SI.jpg	SI
EASL0989	I	archsigns/SI4~a.jpg	SI4~a
EASL0990	I	archsigns/SI4~b.jpg	SI4~b
EASL0991	I	archsigns/SI4~c.jpg	SI4~c
EASL0992	I	archsigns/SI4~d.jpg	SI4~d
EASL0993	I	archsigns/SI4~f.jpg	SI4~f
EASL0994	I	archsigns/SIG.jpg	SIG
EASL0995	I	archsigns/SIG2~a1.jpg	SIG2~a1
EASL0996	I	archsigns/SIG2~a2.jpg	SIG2~a2
EASL0997	I	archsigns/SIG2~a3.jpg	SIG2~a3
EASL0998	I	archsigns/SIG2~a4.jpg	SIG2~a4
EASL0999	I	archsigns/SIG2~b.jpg	SIG2~b
EASL1000	I	archsigns/|SIG2~b.SIG2~b|.jpg	|SIG2~b.SIG2~b|
EASL1001	I	archsigns/|SIG2~bx1(N14)|.jpg	|SIG2~bx1(N14)|
EASL1002	I	archsigns/SIG2~c1.jpg	SIG2~c1
EASL1003	I	archsigns/SIG2~c2.jpg	SIG2~c2
EASL1004	I	archsigns/SIG2~d1.jpg	SIG2~d1
EASL1005	I	archsigns/SIG2~d2.jpg	SIG2~d2
EASL1006	I	archsigns/SIG2~d3.jpg	SIG2~d3
EASL1007	I	archsigns/SIG2~d4.jpg	SIG2~d4
EASL1008	I	archsigns/SIG2~e.jpg	SIG2~e
EASL1009	I	archsigns/SIG4.jpg	SIG4
EASL1010	I	archsigns/SIG7.jpg	SIG7
EASL1011	I	archsigns/|SIGx1(N57)|.jpg	|SIGx1(N57)|
EASL1012	I	archsigns/SIKIL.jpg	SIKIL
EASL1013	I	archsigns/SILA3~a.jpg	SILA3~a
EASL1014	I	archsigns/|SILA3~ax1(N57)|.jpg	|SILA3~ax1(N57)|
EASL1015	I	archsigns/|SILA3~ax1(N58)|.jpg	|SILA3~ax1(N58)|
EASL1016	I	archsigns/|SILA3~axA|.jpg	|SILA3~axA|
EASL1017	I	archsigns/|SILA3~axAMAR|.jpg	|SILA3~axAMAR|
EASL1018	I	archsigns/|SILA3~axDUG~a|.jpg	|SILA3~axDUG~a|
EASL1019	I	archsigns/|SILA3~axDUG~b|.jpg	|SILA3~axDUG~b|
EASL1020	I	archsigns/|SILA3~axGA~a|.jpg	|SILA3~axGA~a|
EASL1021	I	archsigns/|SILA3~axGARA2~a|.jpg	|SILA3~axGARA2~a|
EASL1022	I	archsigns/|SILA3~axGESZTU~a|.jpg	|SILA3~axGESZTU~a|
EASL1023	I	archsigns/|SILA3~axGESZTU~c3|.jpg	|SILA3~axGESZTU~c3|
EASL1024	I	archsigns/|SILA3~axGESZTU~c5|.jpg	|SILA3~axGESZTU~c5|
EASL1025	I	archsigns/|SILA3~axHASZHUR|.jpg	|SILA3~axHASZHUR|
EASL1026	I	archsigns/|SILA3~axHI|.jpg	|SILA3~axHI|
EASL1027	I	archsigns/|SILA3~axHI@g~a|.jpg	|SILA3~axHI@g~a|
EASL1028	I	archsigns/|SILA3~axIB~a|.jpg	|SILA3~axIB~a|
EASL1029	I	archsigns/|SILA3~axKASZ~a|.jpg	|SILA3~axKASZ~a|
EASL1030	I	archsigns/|SILA3~axKASZ~c|.jpg	|SILA3~axKASZ~c|
EASL1031	I	archsigns/|SILA3~axKASZ~d|.jpg	|SILA3~axKASZ~d|
EASL1032	I	archsigns/|SILA3~axKU6~a|.jpg	|SILA3~axKU6~a|
EASL1033	I	archsigns/|SILA3~axKUR~a|.jpg	|SILA3~axKUR~a|
EASL1034	I	archsigns/|SILA3~axMA|.jpg	|SILA3~axMA|
EASL1035	I	archsigns/|SILA3~axMASZ|.jpg	|SILA3~axMASZ|
EASL1036	I	archsigns/|SILA3~axNAGA~a|.jpg	|SILA3~axNAGA~a|
EASL1037	I	archsigns/|SILA3~axNI~a|.jpg	|SILA3~axNI~a|
EASL1038	I	archsigns/|SILA3~axNUN~b|.jpg	|SILA3~axNUN~b|
EASL1039	I	archsigns/|SILA3~axSUHUR|.jpg	|SILA3~axSUHUR|
EASL1040	I	archsigns/|SILA3~axSUM~a|.jpg	|SILA3~axSUM~a|
EASL1041	I	archsigns/|SILA3~axSUM~b|.jpg	|SILA3~axSUM~b|
EASL1042	I	archsigns/|SILA3~axSZE~a|.jpg	|SILA3~axSZE~a|
EASL1043	I	archsigns/|SILA3~axSZE~a@t|.jpg	|SILA3~axSZE~a@t|
EASL1044	I	archsigns/|SILA3~axSZU|.jpg	|SILA3~axSZU|
EASL1045	I	archsigns/|SILA3~axSZU2|.jpg	|SILA3~axSZU2|
EASL1046	I	archsigns/|SILA3~axX|.jpg	|SILA3~axX|
EASL1047	I	archsigns/|SILA3~axZATU629|.jpg	|SILA3~axZATU629|
EASL1048	I	archsigns/|SILA3~axZATU646|.jpg	|SILA3~axZATU646|
EASL1049	I	archsigns/|SILA3~ax(ZATU659.TU~c)|.jpg	|SILA3~ax(ZATU659.TU~c)|
EASL1050	I	archsigns/SILA3~b.jpg	SILA3~b
EASL1051	I	archsigns/|SILA3~bxDUG~a|.jpg	|SILA3~bxDUG~a|
EASL1052	I	archsigns/|SILA3~bxGUG2|.jpg	|SILA3~bxGUG2|
EASL1053	I	archsigns/|SILA3~bxNAGA~b|.jpg	|SILA3~bxNAGA~b|
EASL1054	I	archsigns/|SILA3~bxNI~a|.jpg	|SILA3~bxNI~a|
EASL1055	I	archsigns/|SILA3~bxNI~b|.jpg	|SILA3~bxNI~b|
EASL1056	I	archsigns/SILA3~c.jpg	SILA3~c
EASL1057	I	archsigns/|SILA3~cxSZU|.jpg	|SILA3~cxSZU|
EASL1058	I	archsigns/|SILA3~cxZATU687|.jpg	|SILA3~cxZATU687|
EASL1059	I	archsigns/|SILA3~dxNI~a|.jpg	|SILA3~dxNI~a|
EASL1060	I	archsigns/SILA4~a.jpg	SILA4~a
EASL1061	I	archsigns/SILA4~b.jpg	SILA4~b
EASL1062	I	archsigns/SILA4~c.jpg	SILA4~c
EASL1063	I	archsigns/SILA4~d.jpg	SILA4~d
EASL1064	I	archsigns/SILANITA.jpg	SILANITA
EASL1065	I	archsigns/SIMUG.jpg	SIMUG
EASL1066	I	archsigns/SIPA.jpg	SIPA
EASL1067	I	archsigns/|SIxGU4|.jpg	|SIxGU4|
EASL1068	I	archsigns/|SIxSZE3|.jpg	|SIxSZE3|
EASL1069	I	archsigns/SU~a.jpg	SU~a
EASL1070	I	archsigns/|SU~ax1(N58)|.jpg	|SU~ax1(N58)|
EASL1071	I	archsigns/SU~b.jpg	SU~b
EASL1072	I	archsigns/SU3.jpg	SU3
EASL1073	I	archsigns/SUG.jpg	SUG
EASL1074	I	archsigns/SUG5.jpg	SUG5
EASL1075	I	archsigns/SUH3.jpg	SUH3
EASL1076	I	archsigns/SUHUR.jpg	SUHUR
EASL1077	I	archsigns/SUHUR@g.jpg	SUHUR@g
EASL1078	I	archsigns/|SUHUR@n|.jpg	|SUHUR@n|
EASL1079	I	archsigns/SUKKAL.jpg	SUKKAL
EASL1080	I	archsigns/SUKUD.jpg	SUKUD
EASL1081	I	archsigns/SUKUD@g~a.jpg	SUKUD@g~a
EASL1082	I	archsigns/SUKUD@g~b.jpg	SUKUD@g~b
EASL1083	I	archsigns/SUKUD@g~c.jpg	SUKUD@g~c
EASL1084	I	archsigns/|SUKUD@g~d|.jpg	|SUKUD@g~d|
EASL1085	I	archsigns/|(SUKUD+SUKUD)~a|.jpg	|(SUKUD+SUKUD)~a|
EASL1086	I	archsigns/|(SUKUD+SUKUD)~b|.jpg	|(SUKUD+SUKUD)~b|
EASL1087	I	archsigns/|(SUKUD+SUKUD)~c|.jpg	|(SUKUD+SUKUD)~c|
EASL1088	I	archsigns/|(SUKUD+SUKUD)~d|.jpg	|(SUKUD+SUKUD)~d|
EASL1089	I	archsigns/SUM~a.jpg	SUM~a
EASL1090	I	archsigns/|SUM~a@t|.jpg	|SUM~a@t|
EASL1091	I	archsigns/SUM~b.jpg	SUM~b
EASL1092	I	archsigns/SUMASZ.jpg	SUMASZ
EASL1093	I	archsigns/SUR.jpg	SUR
EASL1094	I	archsigns/SUSA.jpg	SUSA
EASL1095	I	archsigns/SZA.jpg	SZA
EASL1096	I	archsigns/SZA@g.jpg	SZA@g
EASL1097	I	archsigns/SZA3~a1.jpg	SZA3~a1
EASL1098	I	archsigns/SZA3~a2.jpg	SZA3~a2
EASL1099	I	archsigns/SZA3~b.jpg	SZA3~b
EASL1100	I	archsigns/SZA3~c.jpg	SZA3~c
EASL1101	I	archsigns/SZA3~d.jpg	SZA3~d
EASL1102	I	archsigns/SZAB~a.jpg	SZAB~a
EASL1103	I	archsigns/SZAB~b.jpg	SZAB~b
EASL1104	I	archsigns/SZAGAN.jpg	SZAGAN
EASL1105	I	archsigns/SZAGINA.jpg	SZAGINA
EASL1106	I	archsigns/SZAH2~a.jpg	SZAH2~a
EASL1107	I	archsigns/SZAH2~b.jpg	SZAH2~b
EASL1108	I	archsigns/SZAH2~c.jpg	SZAH2~c
EASL1109	I	archsigns/SZAKIR~a.jpg	SZAKIR~a
EASL1110	I	archsigns/SZAKIR~b.jpg	SZAKIR~b
EASL1111	I	archsigns/SZAKIR~c.jpg	SZAKIR~c
EASL1112	I	archsigns/SZAM2.jpg	SZAM2
EASL1113	I	archsigns/SZANDANA~a.jpg	SZANDANA~a
EASL1114	I	archsigns/SZANDANA~b.jpg	SZANDANA~b
EASL1115	I	archsigns/|(SZAxHI@g~a)~a|.jpg	|(SZAxHI@g~a)~a|
EASL1116	I	archsigns/|(SZAxHI@g~a)~b|.jpg	|(SZAxHI@g~a)~b|
EASL1117	I	archsigns/|SZE~a.KIN2~c|.jpg	|SZE~a.KIN2~c|
EASL1118	I	archsigns/|SZE~a.NAM2|.jpg	|SZE~a.NAM2|
EASL1119	I	archsigns/SZE~a@t.jpg	SZE~a@t
EASL1120	I	archsigns/|SZE~a&SZE~a|.jpg	|SZE~a&SZE~a|
EASL1121	I	archsigns/SZE~b.jpg	SZE~b
EASL1122	I	archsigns/SZE~c.jpg	SZE~c
EASL1123	I	archsigns/SZE3.jpg	SZE3
EASL1124	I	archsigns/SZE3@t.jpg	SZE3@t
EASL1125	I	archsigns/SZEG9.jpg	SZEG9
EASL1126	I	archsigns/SZELU.jpg	SZELU
EASL1127	I	archsigns/SZEN~a.jpg	SZEN~a
EASL1128	I	archsigns/SZEN~b.jpg	SZEN~b
EASL1129	I	archsigns/SZEN~c.jpg	SZEN~c
EASL1130	I	archsigns/SZEN~c@t.jpg	SZEN~c@t
EASL1131	I	archsigns/SZEN~d.jpg	SZEN~d
EASL1132	I	archsigns/|SZEN~dxA|.jpg	|SZEN~dxA|
EASL1133	I	archsigns/SZEN~e.jpg	SZEN~e
EASL1134	I	archsigns/SZENNUR~a.jpg	SZENNUR~a
EASL1135	I	archsigns/SZENNUR~b.jpg	SZENNUR~b
EASL1136	I	archsigns/SZESZ~a.jpg	SZESZ~a
EASL1137	I	archsigns/SZESZ~b.jpg	SZESZ~b
EASL1138	I	archsigns/SZIDIM.jpg	SZIDIM
EASL1139	I	archsigns/SZIDIM@t.jpg	SZIDIM@t
EASL1140	I	archsigns/SZIM~a.jpg	SZIM~a
EASL1141	I	archsigns/SZIM~b.jpg	SZIM~b
EASL1142	I	archsigns/SZIR~a.jpg	SZIR~a
EASL1143	I	archsigns/SZIR~b.jpg	SZIR~b
EASL1144	I	archsigns/SZITA@g~a.jpg	SZITA@g~a
EASL1145	I	archsigns/|SZITA@g~ax1(N04)|.jpg	|SZITA@g~ax1(N04)|
EASL1146	I	archsigns/|SZITA@g~ax1(N06)|.jpg	|SZITA@g~ax1(N06)|
EASL1147	I	archsigns/SZITA@g~b.jpg	SZITA@g~b
EASL1148	I	archsigns/SZITA~a1.jpg	SZITA~a1
EASL1149	I	archsigns/|SZITA~a1x1(N06)|.jpg	|SZITA~a1x1(N06)|
EASL1150	I	archsigns/|SZITA~a1xKAK~a|.jpg	|SZITA~a1xKAK~a|
EASL1151	I	archsigns/|SZITA~a1xSZU|.jpg	|SZITA~a1xSZU|
EASL1152	I	archsigns/|SZITA~a1xSZU2|.jpg	|SZITA~a1xSZU2|
EASL1153	I	archsigns/|SZITA~a1xUDU~a|.jpg	|SZITA~a1xUDU~a|
EASL1154	I	archsigns/SZITA~a2.jpg	SZITA~a2
EASL1155	I	archsigns/SZITA~a3.jpg	SZITA~a3
EASL1156	I	archsigns/SZITA~b1.jpg	SZITA~b1
EASL1157	I	archsigns/|SZITA~b1xHI@g~a|.jpg	|SZITA~b1xHI@g~a|
EASL1158	I	archsigns/SZITA~b2.jpg	SZITA~b2
EASL1159	I	archsigns/SZITA~b3.jpg	SZITA~b3
EASL1160	I	archsigns/|SZITA~b3xNAM2|.jpg	|SZITA~b3xNAM2|
EASL1161	I	archsigns/SZITA~c.jpg	SZITA~c
EASL1162	I	archsigns/SZU.jpg	SZU
EASL1163	I	archsigns/SZU@g.jpg	SZU@g
EASL1164	I	archsigns/SZU@s.jpg	SZU@s
EASL1165	I	archsigns/|SZU&SZU|.jpg	|SZU&SZU|
EASL1166	I	archsigns/SZU12.jpg	SZU12
EASL1167	I	archsigns/|SZU2.1(N02)|.jpg	|SZU2.1(N02)|
EASL1168	I	archsigns/|SZU2.2(N57)|.jpg	|SZU2.2(N57)|
EASL1169	I	archsigns/|SZU2.E2~a|.jpg	|SZU2.E2~a|
EASL1170	I	archsigns/|SZU2.E2~b|.jpg	|SZU2.E2~b|
EASL1171	I	archsigns/|SZU2.EN~a|.jpg	|SZU2.EN~a|
EASL1172	I	archsigns/|SZU2.EN~b|.jpg	|SZU2.EN~b|
EASL1173	I	archsigns/|SZU2.GISZ|.jpg	|SZU2.GISZ|
EASL1174	I	archsigns/|SZU2.((HI+1(N57))+(HI+1(N57)))|.jpg	|SZU2.((HI+1(N57))+(HI+1(N57)))|
EASL1175	I	archsigns/SZU2.jpg	SZU2
EASL1176	I	archsigns/|SZU2.URI3~a|.jpg	|SZU2.URI3~a|
EASL1177	I	archsigns/SZUBUR.jpg	SZUBUR
EASL1178	I	archsigns/SZUM.jpg	SZUM
EASL1179	I	archsigns/SZUR2~a.jpg	SZUR2~a
EASL1180	I	archsigns/SZUR2~b.jpg	SZUR2~b
EASL1181	I	archsigns/SZURUPPAK~a.jpg	SZURUPPAK~a
EASL1182	I	archsigns/SZURUPPAK~b.jpg	SZURUPPAK~b
EASL1183	I	archsigns/SZURUPPAK~c.jpg	SZURUPPAK~c
EASL1184	I	archsigns/|SZUx1(N58)|.jpg	|SZUx1(N58)|
EASL1185	I	archsigns/TA~a.jpg	TA~a
EASL1186	I	archsigns/TA~b.jpg	TA~b
EASL1187	I	archsigns/TA~c.jpg	TA~c
EASL1188	I	archsigns/TA~d.jpg	TA~d
EASL1189	I	archsigns/|TA~dxMASZ|.jpg	|TA~dxMASZ|
EASL1190	I	archsigns/TA~e.jpg	TA~e
EASL1191	I	archsigns/TA~f.jpg	TA~f
EASL1192	I	archsigns/TAG~a1.jpg	TAG~a1
EASL1193	I	archsigns/TAG~a1@t.jpg	TAG~a1@t
EASL1194	I	archsigns/TAG~a2.jpg	TAG~a2
EASL1195	I	archsigns/TAG~a3.jpg	TAG~a3
EASL1196	I	archsigns/TAG~a4.jpg	TAG~a4
EASL1197	I	archsigns/TAG~b.jpg	TAG~b
EASL1198	I	archsigns/TAG~c.jpg	TAG~c
EASL1199	I	archsigns/TAG~d.jpg	TAG~d
EASL1200	I	archsigns/TAK4~a.jpg	TAK4~a
EASL1201	I	archsigns/TAK4~a@n.jpg	TAK4~a@n
EASL1202	I	archsigns/TAK4~c.jpg	TAK4~c
EASL1203	I	archsigns/TAR~a.jpg	TAR~a
EASL1204	I	archsigns/TAR~d.jpg	TAR~d
EASL1205	I	archsigns/TE.jpg	TE
EASL1206	I	archsigns/TI.jpg	TI
EASL1207	I	archsigns/TI@g.jpg	TI@g
EASL1208	I	archsigns/TI@r.jpg	TI@r
EASL1209	I	archsigns/TI@t.jpg	TI@t
EASL1210	I	archsigns/TIDNUM.jpg	TIDNUM
EASL1211	I	archsigns/TILLA2.jpg	TILLA2
EASL1212	I	archsigns/TU~a.jpg	TU~a
EASL1213	I	archsigns/TU~b.jpg	TU~b
EASL1214	I	archsigns/TU~c.jpg	TU~c
EASL1215	I	archsigns/|TUG2~a.(BAD&BAD)|.jpg	|TUG2~a.(BAD&BAD)|
EASL1216	I	archsigns/TUG2~a.jpg	TUG2~a
EASL1217	I	archsigns/TUG2~a@g.jpg	TUG2~a@g
EASL1218	I	archsigns/TUG2~b.jpg	TUG2~b
EASL1219	I	archsigns/TUG2~c.jpg	TUG2~c
EASL1220	I	archsigns/TUG2~d.jpg	TUG2~d
EASL1221	I	archsigns/TUM~a.jpg	TUM~a
EASL1222	I	archsigns/TUM~a@g.jpg	TUM~a@g
EASL1223	I	archsigns/TUM~b.jpg	TUM~b
EASL1224	I	archsigns/TUM~c.jpg	TUM~c
EASL1225	I	archsigns/TUM~d.jpg	TUM~d
EASL1226	I	archsigns/TUN3~a.jpg	TUN3~a
EASL1227	I	archsigns/TUN3~b.jpg	TUN3~b
EASL1228	I	archsigns/TUN3~c.jpg	TUN3~c
EASL1229	I	archsigns/TUR.jpg	TUR
EASL1230	I	archsigns/TUR@g.jpg	TUR@g
EASL1231	I	archsigns/TUR3~a.jpg	TUR3~a
EASL1232	I	archsigns/|TUR3~a@n|.jpg	|TUR3~a@n|
EASL1233	I	archsigns/TUR3~b.jpg	TUR3~b
EASL1234	I	archsigns/|TUR3~bxTAK4~a|.jpg	|TUR3~bxTAK4~a|
EASL1235	I	archsigns/TUR3~c.jpg	TUR3~c
EASL1236	I	archsigns/|TURxX|.jpg	|TURxX|
EASL1237	I	archsigns/U2~a.jpg	U2~a
EASL1238	I	archsigns/U2~b.jpg	U2~b
EASL1239	I	archsigns/U2~c.jpg	U2~c
EASL1240	I	archsigns/|U4.1(N08)|.jpg	|U4.1(N08)|
EASL1241	I	archsigns/|U4.(1(N14).3(N08))|.jpg	|U4.(1(N14).3(N08))|
EASL1242	I	archsigns/|U4.(1(N14).4(N08))|.jpg	|U4.(1(N14).4(N08))|
EASL1243	I	archsigns/|U4.(1(N14).5(N08))|.jpg	|U4.(1(N14).5(N08))|
EASL1244	I	archsigns/|U4.(1(N14).8(N08))|.jpg	|U4.(1(N14).8(N08))|
EASL1245	I	archsigns/|U4.1(N14)|.jpg	|U4.1(N14)|
EASL1246	I	archsigns/|U4.2(N08)|.jpg	|U4.2(N08)|
EASL1247	I	archsigns/|U4.2(N14)|.jpg	|U4.2(N14)|
EASL1248	I	archsigns/|U4.3(N08)|.jpg	|U4.3(N08)|
EASL1249	I	archsigns/|U4.4(N08)|.jpg	|U4.4(N08)|
EASL1250	I	archsigns/|U4.5(N08)|.jpg	|U4.5(N08)|
EASL1251	I	archsigns/|U4.6(N08)|.jpg	|U4.6(N08)|
EASL1252	I	archsigns/|U4.7(N08)|.jpg	|U4.7(N08)|
EASL1253	I	archsigns/|U4.8(N08)|.jpg	|U4.8(N08)|
EASL1254	I	archsigns/U4.jpg	U4
EASL1255	I	archsigns/|U4.SZU2|.jpg	|U4.SZU2|
EASL1256	I	archsigns/U4@t.jpg	U4@t
EASL1257	I	archsigns/|U4x10(N57)|.jpg	|U4x10(N57)|
EASL1258	I	archsigns/|U4x1(N01).5(N08)|.jpg	|U4x1(N01).5(N08)|
EASL1259	I	archsigns/|U4x1(N01)|.jpg	|U4x1(N01)|
EASL1260	I	archsigns/|U4x1(N01)F|.jpg	|U4x1(N01)F|
EASL1261	I	archsigns/|U4x(1(N14).2(N01))|.jpg	|U4x(1(N14).2(N01))|
EASL1262	I	archsigns/|U4x(1(N14).4(N01))|.jpg	|U4x(1(N14).4(N01))|
EASL1263	I	archsigns/|U4x(1(N14).8(N01))|.jpg	|U4x(1(N14).8(N01))|
EASL1264	I	archsigns/|U4x1(N14)|.jpg	|U4x1(N14)|
EASL1265	I	archsigns/|U4x1(N57)|.jpg	|U4x1(N57)|
EASL1266	I	archsigns/|U4x1(N58)@t|.jpg	|U4x1(N58)@t|
EASL1267	I	archsigns/|U4x2(N01).(2(N14).1(N08))|.jpg	|U4x2(N01).(2(N14).1(N08))|
EASL1268	I	archsigns/|U4x2(N01).2(N14)|.jpg	|U4x2(N01).2(N14)|
EASL1269	I	archsigns/|U4x2(N01)|.jpg	|U4x2(N01)|
EASL1270	I	archsigns/|U4x2(N01).X|.jpg	|U4x2(N01).X|
EASL1271	I	archsigns/|U4x(2(N14).4(N01))|.jpg	|U4x(2(N14).4(N01))|
EASL1272	I	archsigns/|U4x2(N14)|.jpg	|U4x2(N14)|
EASL1273	I	archsigns/|U4x2(N57)|.jpg	|U4x2(N57)|
EASL1274	I	archsigns/|U4x3(N01).3(N08)|.jpg	|U4x3(N01).3(N08)|
EASL1275	I	archsigns/|U4x3(N01)|.jpg	|U4x3(N01)|
EASL1276	I	archsigns/|U4x(3(N14).2(N01))|.jpg	|U4x(3(N14).2(N01))|
EASL1277	I	archsigns/|U4x(3(N14).7(N01))|.jpg	|U4x(3(N14).7(N01))|
EASL1278	I	archsigns/|U4x3(N57)|.jpg	|U4x3(N57)|
EASL1279	I	archsigns/|U4x4(N01).2(N14)|.jpg	|U4x4(N01).2(N14)|
EASL1280	I	archsigns/|U4x4(N01)|.jpg	|U4x4(N01)|
EASL1281	I	archsigns/|U4x4(N57)|.jpg	|U4x4(N57)|
EASL1282	I	archsigns/|U4x5(N01).1(N14)|.jpg	|U4x5(N01).1(N14)|
EASL1283	I	archsigns/|U4x5(N01)|.jpg	|U4x5(N01)|
EASL1284	I	archsigns/|U4x5(N57)|.jpg	|U4x5(N57)|
EASL1285	I	archsigns/|U4x6(N01)|.jpg	|U4x6(N01)|
EASL1286	I	archsigns/|U4x6(N57)|.jpg	|U4x6(N57)|
EASL1287	I	archsigns/|U4x7(N57)|.jpg	|U4x7(N57)|
EASL1288	I	archsigns/|U4x8(N01)|.jpg	|U4x8(N01)|
EASL1289	I	archsigns/|U4x8(N01).X|.jpg	|U4x8(N01).X|
EASL1290	I	archsigns/|U4x8(N57)|.jpg	|U4x8(N57)|
EASL1291	I	archsigns/|U4xX|.jpg	|U4xX|
EASL1292	I	archsigns/|U4x(X+2(N01))|.jpg	|U4x(X+2(N01))|
EASL1293	I	archsigns/|U4x(X(N01))|.jpg	|U4x(X(N01))|
EASL1294	I	archsigns/U8.jpg	U8
EASL1295	I	archsigns/|(U8xTAR)~b|.jpg	|(U8xTAR)~b|
EASL1296	I	archsigns/UB.jpg	UB
EASL1297	I	archsigns/UBI~a.jpg	UBI~a
EASL1298	I	archsigns/UBI~c.jpg	UBI~c
EASL1299	I	archsigns/UD5~a.jpg	UD5~a
EASL1300	I	archsigns/UD5~a@g.jpg	UD5~a@g
EASL1301	I	archsigns/UD5~b.jpg	UD5~b
EASL1302	I	archsigns/UD5~c.jpg	UD5~c
EASL1303	I	archsigns/UDU~a.jpg	UDU~a
EASL1304	I	archsigns/|(UDU~axTAR)~a|.jpg	|(UDU~axTAR)~a|
EASL1305	I	archsigns/|(UDU~axTAR)~b|.jpg	|(UDU~axTAR)~b|
EASL1306	I	archsigns/UDU~b.jpg	UDU~b
EASL1307	I	archsigns/UDU~c.jpg	UDU~c
EASL1308	I	archsigns/UDUNITA~a.jpg	UDUNITA~a
EASL1309	I	archsigns/UDUNITA~b.jpg	UDUNITA~b
EASL1310	I	archsigns/UDUNITA~c.jpg	UDUNITA~c
EASL1311	I	archsigns/|UET2.405|.jpg	|UET2.405|
EASL1312	I	archsigns/UH.jpg	UH
EASL1313	I	archsigns/UH3~a.jpg	UH3~a
EASL1314	I	archsigns/UH3~a@t.jpg	UH3~a@t
EASL1315	I	archsigns/UH3~b.jpg	UH3~b
EASL1316	I	archsigns/UKKIN~a.jpg	UKKIN~a
EASL1317	I	archsigns/UKKIN~b.jpg	UKKIN~b
EASL1318	I	archsigns/|UKKIN~bx2(N01)|.jpg	|UKKIN~bx2(N01)|
EASL1319	I	archsigns/|UKKIN~bx3(N01)|.jpg	|UKKIN~bx3(N01)|
EASL1320	I	archsigns/|UKKIN~bx5(N01)|.jpg	|UKKIN~bx5(N01)|
EASL1321	I	archsigns/|UKKIN~bx(DIN.1(N01))|.jpg	|UKKIN~bx(DIN.1(N01))|
EASL1322	I	archsigns/|UKKIN~bxDIN|.jpg	|UKKIN~bxDIN|
EASL1323	I	archsigns/|UKKIN~bxDUG~a|.jpg	|UKKIN~bxDUG~a|
EASL1324	I	archsigns/|UKKIN~bxHI@g~a|.jpg	|UKKIN~bxHI@g~a|
EASL1325	I	archsigns/|UKKIN~bxNI~a|.jpg	|UKKIN~bxNI~a|
EASL1326	I	archsigns/|UKKIN~bxX|.jpg	|UKKIN~bxX|
EASL1327	I	archsigns/UKKIN~c.jpg	UKKIN~c
EASL1328	I	archsigns/UMBIN~a.jpg	UMBIN~a
EASL1329	I	archsigns/UMBIN~b1.jpg	UMBIN~b1
EASL1330	I	archsigns/UMBIN~b2.jpg	UMBIN~b2
EASL1331	I	archsigns/UMBIN~c.jpg	UMBIN~c
EASL1332	I	archsigns/UMUN2.jpg	UMUN2
EASL1333	I	archsigns/UNUG~a.jpg	UNUG~a
EASL1334	I	archsigns/UNUG~a@s.jpg	UNUG~a@s
EASL1335	I	archsigns/|UNUG~axA@t|.jpg	|UNUG~axA@t|
EASL1336	I	archsigns/UNUG~b.jpg	UNUG~b
EASL1337	I	archsigns/UNUG~c.jpg	UNUG~c
EASL1338	I	archsigns/UR~a.jpg	UR~a
EASL1339	I	archsigns/UR~a@g.jpg	UR~a@g
EASL1340	I	archsigns/|UR~axKAR2|.jpg	|UR~axKAR2|
EASL1341	I	archsigns/UR~b.jpg	UR~b
EASL1342	I	archsigns/UR~c.jpg	UR~c
EASL1343	I	archsigns/UR2.jpg	UR2
EASL1344	I	archsigns/|UR2x1(N57)|.jpg	|UR2x1(N57)|
EASL1345	I	archsigns/|UR2xTAR|.jpg	|UR2xTAR|
EASL1346	I	archsigns/UR3~a1.jpg	UR3~a1
EASL1347	I	archsigns/UR3~a2.jpg	UR3~a2
EASL1348	I	archsigns/UR3~a3.jpg	UR3~a3
EASL1349	I	archsigns/UR3~b1.jpg	UR3~b1
EASL1350	I	archsigns/|UR3~b1xMASZ|.jpg	|UR3~b1xMASZ|
EASL1351	I	archsigns/UR3~b2.jpg	UR3~b2
EASL1352	I	archsigns/UR4~a.jpg	UR4~a
EASL1353	I	archsigns/UR4~b.jpg	UR4~b
EASL1354	I	archsigns/UR4~c.jpg	UR4~c
EASL1355	I	archsigns/UR5~a.jpg	UR5~a
EASL1356	I	archsigns/UR5~b.jpg	UR5~b
EASL1357	I	archsigns/URI.jpg	URI
EASL1358	I	archsigns/URI2.jpg	URI2
EASL1359	I	archsigns/URI3~a.jpg	URI3~a
EASL1360	I	archsigns/|URI3~a+IB~a|.jpg	|URI3~a+IB~a|
EASL1361	I	archsigns/URI3~b.jpg	URI3~b
EASL1362	I	archsigns/URI5.jpg	URI5
EASL1363	I	archsigns/URU~a1.jpg	URU~a1
EASL1364	I	archsigns/|URU~a1@n|.jpg	|URU~a1@n|
EASL1365	I	archsigns/|URU~a1x1(N57)|.jpg	|URU~a1x1(N57)|
EASL1366	I	archsigns/|URU~a1x2(N57)|.jpg	|URU~a1x2(N57)|
EASL1367	I	archsigns/|URU~a1xA|.jpg	|URU~a1xA|
EASL1368	I	archsigns/|URU~a1xAMAR|.jpg	|URU~a1xAMAR|
EASL1369	I	archsigns/|URU~a1xGU4|.jpg	|URU~a1xGU4|
EASL1370	I	archsigns/|URU~a1xHI@g~a|.jpg	|URU~a1xHI@g~a|
EASL1371	I	archsigns/|URU~a1xNIMGIR|.jpg	|URU~a1xNIMGIR|
EASL1372	I	archsigns/|URU~a1xU4|.jpg	|URU~a1xU4|
EASL1373	I	archsigns/|URU~a1xX|.jpg	|URU~a1xX|
EASL1374	I	archsigns/URU~a2.jpg	URU~a2
EASL1375	I	archsigns/|URU~a2x1(N58)|.jpg	|URU~a2x1(N58)|
EASL1376	I	archsigns/|URU~a3xKALAM~a|.jpg	|URU~a3xKALAM~a|
EASL1377	I	archsigns/URU~b1.jpg	URU~b1
EASL1378	I	archsigns/URU~b2.jpg	URU~b2
EASL1379	I	archsigns/URU~c.jpg	URU~c
EASL1380	I	archsigns/URUDU@g~a.jpg	URUDU@g~a
EASL1381	I	archsigns/URUDU@g~b.jpg	URUDU@g~b
EASL1382	I	archsigns/URUDU@g~c.jpg	URUDU@g~c
EASL1383	I	archsigns/URUDU@g~d.jpg	URUDU@g~d
EASL1384	I	archsigns/URUDU~a.jpg	URUDU~a
EASL1385	I	archsigns/URUDU~c.jpg	URUDU~c
EASL1386	I	archsigns/URUDU~d.jpg	URUDU~d
EASL1387	I	archsigns/USZ~a.jpg	USZ~a
EASL1388	I	archsigns/|USZ~a&USZ~a|.jpg	|USZ~a&USZ~a|
EASL1389	I	archsigns/USZ~b.jpg	USZ~b
EASL1390	I	archsigns/|USZ~b&USZ~b|.jpg	|USZ~b&USZ~b|
EASL1391	I	archsigns/|USZ~bxTAR~c|.jpg	|USZ~bxTAR~c|
EASL1392	I	archsigns/|USZ~bxTAR~d|.jpg	|USZ~bxTAR~d|
EASL1393	I	archsigns/USZUMGAL.jpg	USZUMGAL
EASL1394	I	archsigns/USZUR3~a.jpg	USZUR3~a
EASL1395	I	archsigns/USZUR3~b1.jpg	USZUR3~b1
EASL1396	I	archsigns/USZUR3~b2.jpg	USZUR3~b2
EASL1397	I	archsigns/UTUA~a.jpg	UTUA~a
EASL1398	I	archsigns/UTUA~a@t.jpg	UTUA~a@t
EASL1399	I	archsigns/UTUA~b.jpg	UTUA~b
EASL1400	I	archsigns/UTUL~a.jpg	UTUL~a
EASL1401	I	archsigns/UTUL~b.jpg	UTUL~b
EASL1402	I	archsigns/UTUL~c.jpg	UTUL~c
EASL1403	I	archsigns/UTUL~d.jpg	UTUL~d
EASL1404	I	archsigns/UZU.jpg	UZU
EASL1405	I	archsigns/|x(N57).GAR|.jpg	|x(N57).GAR|
EASL1406	I	archsigns/ZA~x.jpg	ZA~x
EASL1407	I	archsigns/ZABALAM~a.jpg	ZABALAM~a
EASL1408	I	archsigns/ZABALAM~b.jpg	ZABALAM~b
EASL1409	I	archsigns/ZADIM.jpg	ZADIM
EASL1410	I	archsigns/ZAG~a.jpg	ZAG~a
EASL1411	I	archsigns/ZAG~b.jpg	ZAG~b
EASL1412	I	archsigns/ZAG~c.jpg	ZAG~c
EASL1413	I	archsigns/ZAR~a.jpg	ZAR~a
EASL1414	I	archsigns/ZAR~b1.jpg	ZAR~b1
EASL1415	I	archsigns/ZAR~b2.jpg	ZAR~b2
EASL1416	I	archsigns/ZAR~c.jpg	ZAR~c
EASL1417	I	archsigns/ZI~a.jpg	ZI~a
EASL1418	I	archsigns/ZI~b.jpg	ZI~b
EASL1419	I	archsigns/ZI~d.jpg	ZI~d
EASL1420	I	archsigns/|(ZU&ZU).SAR~a|.jpg	|(ZU&ZU).SAR~a|
EASL1421	I	archsigns/ZUBI~a.jpg	ZUBI~a
EASL1422	I	archsigns/ZUBI~b.jpg	ZUBI~b
EASL1423	I	archsigns/ZATU620.jpg	ZATU620
EASL1424	I	archsigns/ZATU621~a.jpg	ZATU621~a
EASL1425	I	archsigns/ZATU621~b.jpg	ZATU621~b
EASL1426	I	archsigns/ZATU621~c.jpg	ZATU621~c
EASL1427	I	archsigns/ZATU621~d.jpg	ZATU621~d
EASL1428	I	archsigns/ZATU622.jpg	ZATU622
EASL1429	I	archsigns/ZATU623.jpg	ZATU623
EASL1430	I	archsigns/ZATU624~a.jpg	ZATU624~a
EASL1431	I	archsigns/ZATU624~b.jpg	ZATU624~b
EASL1432	I	archsigns/ZATU624~c.jpg	ZATU624~c
EASL1433	I	archsigns/ZATU625.jpg	ZATU625
EASL1434	I	archsigns/ZATU626~a.jpg	ZATU626~a
EASL1435	I	archsigns/ZATU626~b.jpg	ZATU626~b
EASL1436	I	archsigns/ZATU626~c.jpg	ZATU626~c
EASL1437	I	archsigns/ZATU627.jpg	ZATU627
EASL1438	I	archsigns/ZATU628~a.jpg	ZATU628~a
EASL1439	I	archsigns/ZATU628~b.jpg	ZATU628~b
EASL1440	I	archsigns/ZATU629.jpg	ZATU629
EASL1441	I	archsigns/ZATU630.jpg	ZATU630
EASL1442	I	archsigns/ZATU631.jpg	ZATU631
EASL1443	I	archsigns/ZATU632~a.jpg	ZATU632~a
EASL1444	I	archsigns/ZATU632~b.jpg	ZATU632~b
EASL1445	I	archsigns/ZATU632~c.jpg	ZATU632~c
EASL1446	I	archsigns/ZATU633~a.jpg	ZATU633~a
EASL1447	I	archsigns/ZATU633~b.jpg	ZATU633~b
EASL1448	I	archsigns/ZATU634.jpg	ZATU634
EASL1449	I	archsigns/ZATU635.jpg	ZATU635
EASL1450	I	archsigns/ZATU636.jpg	ZATU636
EASL1451	I	archsigns/ZATU637.jpg	ZATU637
EASL1452	I	archsigns/ZATU639.jpg	ZATU639
EASL1453	I	archsigns/ZATU640.jpg	ZATU640
EASL1454	I	archsigns/ZATU641.jpg	ZATU641
EASL1455	I	archsigns/ZATU642.jpg	ZATU642
EASL1456	I	archsigns/ZATU643.jpg	ZATU643
EASL1457	I	archsigns/ZATU644~a.jpg	ZATU644~a
EASL1458	I	archsigns/|ZATU644~ax1(N14)|.jpg	|ZATU644~ax1(N14)|
EASL1459	I	archsigns/ZATU644~b.jpg	ZATU644~b
EASL1460	I	archsigns/ZATU646.jpg	ZATU646
EASL1461	I	archsigns/ZATU647.jpg	ZATU647
EASL1462	I	archsigns/ZATU648.jpg	ZATU648
EASL1463	I	archsigns/ZATU649.jpg	ZATU649
EASL1464	I	archsigns/ZATU650.jpg	ZATU650
EASL1465	I	archsigns/ZATU651.jpg	ZATU651
EASL1466	I	archsigns/ZATU651@g.jpg	ZATU651@g
EASL1467	I	archsigns/|ZATU651xAN|.jpg	|ZATU651xAN|
EASL1468	I	archsigns/|ZATU651xEN~a|.jpg	|ZATU651xEN~a|
EASL1469	I	archsigns/|ZATU651xGAR|.jpg	|ZATU651xGAR|
EASL1470	I	archsigns/|ZATU651xMA|.jpg	|ZATU651xMA|
EASL1471	I	archsigns/|ZATU651xNUN~a|.jpg	|ZATU651xNUN~a|
EASL1472	I	archsigns/|ZATU651xSZE~a|.jpg	|ZATU651xSZE~a|
EASL1473	I	archsigns/|ZATU651xX|.jpg	|ZATU651xX|
EASL1474	I	archsigns/|ZATU651xZAR~c|.jpg	|ZATU651xZAR~c|
EASL1475	I	archsigns/ZATU659.jpg	ZATU659
EASL1476	I	archsigns/|ZATU659x1(N01)|.jpg	|ZATU659x1(N01)|
EASL1477	I	archsigns/|ZATU659x1(N14)|.jpg	|ZATU659x1(N14)|
EASL1478	I	archsigns/|ZATU659x1(N58)@t|.jpg	|ZATU659x1(N58)@t|
EASL1479	I	archsigns/ZATU662.jpg	ZATU662
EASL1480	I	archsigns/|ZATU662x1(N14)|.jpg	|ZATU662x1(N14)|
EASL1481	I	archsigns/ZATU664.jpg	ZATU664
EASL1482	I	archsigns/ZATU665.jpg	ZATU665
EASL1483	I	archsigns/ZATU666.jpg	ZATU666
EASL1484	I	archsigns/ZATU667.jpg	ZATU667
EASL1485	I	archsigns/ZATU668.jpg	ZATU668
EASL1486	I	archsigns/ZATU669.jpg	ZATU669
EASL1487	I	archsigns/ZATU670.jpg	ZATU670
EASL1488	I	archsigns/ZATU672.jpg	ZATU672
EASL1489	I	archsigns/ZATU674.jpg	ZATU674
EASL1490	I	archsigns/ZATU675~a.jpg	ZATU675~a
EASL1491	I	archsigns/ZATU675~b.jpg	ZATU675~b
EASL1492	I	archsigns/ZATU675~c.jpg	ZATU675~c
EASL1493	I	archsigns/ZATU675~d.jpg	ZATU675~d
EASL1494	I	archsigns/ZATU676~a.jpg	ZATU676~a
EASL1495	I	archsigns/ZATU676~b.jpg	ZATU676~b
EASL1496	I	archsigns/ZATU677~a.jpg	ZATU677~a
EASL1497	I	archsigns/ZATU677~b.jpg	ZATU677~b
EASL1498	I	archsigns/ZATU678.jpg	ZATU678
EASL1499	I	archsigns/ZATU679.jpg	ZATU679
EASL1500	I	archsigns/ZATU680~a1.jpg	ZATU680~a1
EASL1501	I	archsigns/ZATU680~a2.jpg	ZATU680~a2
EASL1502	I	archsigns/ZATU680~b.jpg	ZATU680~b
EASL1503	I	archsigns/ZATU680~d.jpg	ZATU680~d
EASL1504	I	archsigns/ZATU680~e.jpg	ZATU680~e
EASL1505	I	archsigns/ZATU681.jpg	ZATU681
EASL1506	I	archsigns/ZATU682.jpg	ZATU682
EASL1507	I	archsigns/|ZATU683@t|.jpg	|ZATU683@t|
EASL1508	I	archsigns/ZATU683~a.jpg	ZATU683~a
EASL1509	I	archsigns/ZATU683~b.jpg	ZATU683~b
EASL1510	I	archsigns/ZATU684.jpg	ZATU684
EASL1511	I	archsigns/ZATU685.jpg	ZATU685
EASL1512	I	archsigns/ZATU686~a.jpg	ZATU686~a
EASL1513	I	archsigns/ZATU686~b.jpg	ZATU686~b
EASL1514	I	archsigns/ZATU686~c.jpg	ZATU686~c
EASL1515	I	archsigns/ZATU687.jpg	ZATU687
EASL1516	I	archsigns/ZATU688~a.jpg	ZATU688~a
EASL1517	I	archsigns/ZATU688~b.jpg	ZATU688~b
EASL1518	I	archsigns/ZATU689.jpg	ZATU689
EASL1519	I	archsigns/ZATU690.jpg	ZATU690
EASL1520	I	archsigns/ZATU691.jpg	ZATU691
EASL1521	I	archsigns/ZATU692.jpg	ZATU692
EASL1522	I	archsigns/ZATU693.jpg	ZATU693
EASL1523	I	archsigns/ZATU693@t.jpg	ZATU693@t
EASL1524	I	archsigns/ZATU694~a.jpg	ZATU694~a
EASL1525	I	archsigns/ZATU694~b.jpg	ZATU694~b
EASL1526	I	archsigns/ZATU694~c.jpg	ZATU694~c
EASL1527	I	archsigns/ZATU694~d.jpg	ZATU694~d
EASL1528	I	archsigns/ZATU694~d@t.jpg	ZATU694~d@t
EASL1529	I	archsigns/ZATU695.jpg	ZATU695
EASL1530	I	archsigns/ZATU696.jpg	ZATU696
EASL1531	I	archsigns/ZATU697~a.jpg	ZATU697~a
EASL1532	I	archsigns/ZATU697~b.jpg	ZATU697~b
EASL1533	I	archsigns/ZATU697~c.jpg	ZATU697~c
EASL1534	I	archsigns/ZATU699~a.jpg	ZATU699~a
EASL1535	I	archsigns/ZATU699~b.jpg	ZATU699~b
EASL1536	I	archsigns/ZATU700.jpg	ZATU700
EASL1537	I	archsigns/ZATU701.jpg	ZATU701
EASL1538	I	archsigns/ZATU702.jpg	ZATU702
EASL1539	I	archsigns/ZATU703.jpg	ZATU703
EASL1540	I	archsigns/ZATU704.jpg	ZATU704
EASL1541	I	archsigns/ZATU705.jpg	ZATU705
EASL1542	I	archsigns/ZATU706.jpg	ZATU706
EASL1543	I	archsigns/ZATU707~a.jpg	ZATU707~a
EASL1544	I	archsigns/ZATU707~b.jpg	ZATU707~b
EASL1545	I	archsigns/ZATU708.jpg	ZATU708
EASL1546	I	archsigns/ZATU709.jpg	ZATU709
EASL1547	I	archsigns/ZATU710.jpg	ZATU710
EASL1548	I	archsigns/ZATU711.jpg	ZATU711
EASL1549	I	archsigns/|ZATU711xHI@g~a|.jpg	|ZATU711xHI@g~a|
EASL1550	I	archsigns/|ZATU711xX|.jpg	|ZATU711xX|
EASL1551	I	archsigns/ZATU713.jpg	ZATU713
EASL1552	I	archsigns/ZATU714.jpg	ZATU714
EASL1553	I	archsigns/|ZATU714.RU|.jpg	|ZATU714.RU|
EASL1554	I	archsigns/|ZATU714xHI@g~a|.jpg	|ZATU714xHI@g~a|
EASL1555	I	archsigns/|ZATU714xX|.jpg	|ZATU714xX|
EASL1556	I	archsigns/ZATU717.jpg	ZATU717
EASL1557	I	archsigns/ZATU718.jpg	ZATU718
EASL1558	I	archsigns/ZATU719.jpg	ZATU719
EASL1559	I	archsigns/ZATU720.jpg	ZATU720
EASL1560	I	archsigns/ZATU721.jpg	ZATU721
EASL1561	I	archsigns/ZATU722.jpg	ZATU722
EASL1562	I	archsigns/ZATU723.jpg	ZATU723
EASL1563	I	archsigns/ZATU724.jpg	ZATU724
EASL1564	I	archsigns/ZATU725.jpg	ZATU725
EASL1565	I	archsigns/ZATU726~a.jpg	ZATU726~a
EASL1566	I	archsigns/ZATU726~c.jpg	ZATU726~c
EASL1567	I	archsigns/ZATU726~d.jpg	ZATU726~d
EASL1568	I	archsigns/ZATU727.jpg	ZATU727
EASL1569	I	archsigns/ZATU728.jpg	ZATU728
EASL1570	I	archsigns/ZATU729.jpg	ZATU729
EASL1571	I	archsigns/ZATU730.jpg	ZATU730
EASL1572	I	archsigns/ZATU732.jpg	ZATU732
EASL1573	I	archsigns/ZATU733.jpg	ZATU733
EASL1574	I	archsigns/ZATU734.jpg	ZATU734
EASL1575	I	archsigns/ZATU735~a.jpg	ZATU735~a
EASL1576	I	archsigns/ZATU735~b.jpg	ZATU735~b
EASL1577	I	archsigns/ZATU735~c.jpg	ZATU735~c
EASL1578	I	archsigns/ZATU736~a.jpg	ZATU736~a
EASL1579	I	archsigns/ZATU736~b.jpg	ZATU736~b
EASL1580	I	archsigns/ZATU737.jpg	ZATU737
EASL1581	I	archsigns/|ZATU737xAB~a|.jpg	|ZATU737xAB~a|
EASL1582	I	archsigns/|ZATU737xBU~a|.jpg	|ZATU737xBU~a|
EASL1583	I	archsigns/|ZATU737xBUR~a|.jpg	|ZATU737xBUR~a|
EASL1584	I	archsigns/|ZATU737xDI|.jpg	|ZATU737xDI|
EASL1585	I	archsigns/|ZATU737xE~a|.jpg	|ZATU737xE~a|
EASL1586	I	archsigns/|ZATU737xEN~a|.jpg	|ZATU737xEN~a|
EASL1587	I	archsigns/|ZATU737xEN~b|.jpg	|ZATU737xEN~b|
EASL1588	I	archsigns/|ZATU737xGAR|.jpg	|ZATU737xGAR|
EASL1589	I	archsigns/|ZATU737xNI~a@g|.jpg	|ZATU737xNI~a@g|
EASL1590	I	archsigns/|ZATU737xNIMGIR|.jpg	|ZATU737xNIMGIR|
EASL1591	I	archsigns/|ZATU737xSAL|.jpg	|ZATU737xSAL|
EASL1592	I	archsigns/|ZATU737xSU~a|.jpg	|ZATU737xSU~a|
EASL1593	I	archsigns/|ZATU737xSZE~a|.jpg	|ZATU737xSZE~a|
EASL1594	I	archsigns/|ZATU737xSZITA@g~a|.jpg	|ZATU737xSZITA@g~a|
EASL1595	I	archsigns/|ZATU737xSZITA~a1|.jpg	|ZATU737xSZITA~a1|
EASL1596	I	archsigns/|ZATU737xU4|.jpg	|ZATU737xU4|
EASL1597	I	archsigns/|ZATU737xUNUG~a|.jpg	|ZATU737xUNUG~a|
EASL1598	I	archsigns/|ZATU737xX|.jpg	|ZATU737xX|
EASL1599	I	archsigns/ZATU749~a.jpg	ZATU749~a
EASL1600	I	archsigns/ZATU749~b.jpg	ZATU749~b
EASL1601	I	archsigns/ZATU749~c.jpg	ZATU749~c
EASL1602	I	archsigns/ZATU750.jpg	ZATU750
EASL1603	I	archsigns/ZATU751~a.jpg	ZATU751~a
EASL1604	I	archsigns/ZATU751~b.jpg	ZATU751~b
EASL1605	I	archsigns/ZATU752.jpg	ZATU752
EASL1606	I	archsigns/ZATU753.jpg	ZATU753
EASL1607	I	archsigns/ZATU754.jpg	ZATU754
EASL1608	I	archsigns/ZATU755~a.jpg	ZATU755~a
EASL1609	I	archsigns/ZATU755~b.jpg	ZATU755~b
EASL1610	I	archsigns/ZATU756.jpg	ZATU756
EASL1611	I	archsigns/ZATU757.jpg	ZATU757
EASL1612	I	archsigns/ZATU758.jpg	ZATU758
EASL1613	I	archsigns/ZATU759.jpg	ZATU759
EASL1614	I	archsigns/|ZATU759@txX|.jpg	|ZATU759@txX|
EASL1615	I	archsigns/|ZATU759xKU6~a|.jpg	|ZATU759xKU6~a|
EASL1616	I	archsigns/|ZATU759x(KU6~a+KU6~a)|.jpg	|ZATU759x(KU6~a+KU6~a)|
EASL1617	I	archsigns/|ZATU759xKU6~d|.jpg	|ZATU759xKU6~d|
EASL1618	I	archsigns/|ZATU759xX|.jpg	|ZATU759xX|
EASL1619	I	archsigns/ZATU761.jpg	ZATU761
EASL1620	I	archsigns/ZATU762~a.jpg	ZATU762~a
EASL1621	I	archsigns/|ZATU762~axNIM~a|.jpg	|ZATU762~axNIM~a|
EASL1622	I	archsigns/ZATU762~b.jpg	ZATU762~b
EASL1623	I	archsigns/|ZATU762~bxAB~a|.jpg	|ZATU762~bxAB~a|
EASL1624	I	archsigns/ZATU764.jpg	ZATU764
EASL1625	I	archsigns/ZATU765.jpg	ZATU765
EASL1626	I	archsigns/ZATU766.jpg	ZATU766
EASL1627	I	archsigns/ZATU767.jpg	ZATU767
EASL1628	I	archsigns/ZATU768.jpg	ZATU768
EASL1629	I	archsigns/ZATU769.jpg	ZATU769
EASL1630	I	archsigns/ZATU771.jpg	ZATU771
EASL1631	I	archsigns/ZATU772.jpg	ZATU772
EASL1632	I	archsigns/ZATU773~a.jpg	ZATU773~a
EASL1633	I	archsigns/ZATU773~b.jpg	ZATU773~b
EASL1634	I	archsigns/ZATU774.jpg	ZATU774
EASL1635	I	archsigns/ZATU775.jpg	ZATU775
EASL1636	I	archsigns/ZATU776.jpg	ZATU776
EASL1637	I	archsigns/ZATU777.jpg	ZATU777
EASL1638	I	archsigns/ZATU778.jpg	ZATU778
EASL1639	I	archsigns/ZATU779.jpg	ZATU779
EASL1640	I	archsigns/ZATU780.jpg	ZATU780
EASL1641	I	archsigns/ZATU781.jpg	ZATU781
EASL1642	I	archsigns/ZATU782.jpg	ZATU782
EASL1643	I	archsigns/ZATU783.jpg	ZATU783
EASL1644	I	archsigns/ZATU784.jpg	ZATU784
EASL1645	I	archsigns/ZATU785.jpg	ZATU785
EASL1646	I	archsigns/ZATU786.jpg	ZATU786
EASL1647	I	archsigns/ZATU787.jpg	ZATU787
EASL1648	I	archsigns/ZATU788.jpg	ZATU788
EASL1649	I	archsigns/ZATU789.jpg	ZATU789
EASL1650	I	archsigns/ZATU791.jpg	ZATU791
EASL1651	I	archsigns/ZATU792.jpg	ZATU792
EASL1652	I	archsigns/ZATU795.jpg	ZATU795
EASL1653	I	archsigns/ZATU797.jpg	ZATU797
EASL1654	I	archsigns/ZATU798.jpg	ZATU798
EASL1655	I	archsigns/ZATU799.jpg	ZATU799
EASL1656	I	archsigns/ZATU800.jpg	ZATU800
EASL1657	I	archsigns/ZATU801.jpg	ZATU801
EASL1658	I	archsigns/ZATU802.jpg	ZATU802
EASL1659	I	archsigns/ZATU803.jpg	ZATU803
EASL1660	I	archsigns/ZATU804.jpg	ZATU804
EASL1661	I	archsigns/ZATU805.jpg	ZATU805
EASL1662	I	archsigns/ZATU806.jpg	ZATU806
EASL1663	I	archsigns/ZATU807.jpg	ZATU807
EASL1664	I	archsigns/ZATU808.jpg	ZATU808
EASL1665	I	archsigns/ZATU809.jpg	ZATU809
EASL1666	I	archsigns/ZATU810.jpg	ZATU810
EASL1667	I	archsigns/ZATU811.jpg	ZATU811
EASL1668	I	archsigns/ZATU812.jpg	ZATU812
EASL1669	I	archsigns/ZATU813.jpg	ZATU813
EASL1670	I	archsigns/ZATU814.jpg	ZATU814
EASL1671	I	archsigns/ZATU815.jpg	ZATU815
EASL1672	I	archsigns/ZATU817.jpg	ZATU817
EASL1673	I	archsigns/ZATU818.jpg	ZATU818
EASL1674	I	archsigns/ZATU819.jpg	ZATU819
EASL1675	I	archsigns/ZATU820.jpg	ZATU820
EASL1676	I	archsigns/ZATU821.jpg	ZATU821
EASL1677	I	archsigns/ZATU822.jpg	ZATU822
EASL1678	I	archsigns/ZATU823.jpg	ZATU823
EASL1679	I	archsigns/ZATU824.jpg	ZATU824
EASL1680	I	archsigns/ZATU825.jpg	ZATU825
EASL1681	I	archsigns/ZATU826.jpg	ZATU826
EASL1682	I	archsigns/ZATU829.jpg	ZATU829
EASL1683	I	archsigns/ZATU831.jpg	ZATU831
EASL1684	I	archsigns/|ZATU831@g|.jpg	|ZATU831@g|
EASL1685	I	archsigns/ZATU832.jpg	ZATU832
EASL1686	I	archsigns/ZATU833.jpg	ZATU833
EASL1687	I	archsigns/ZATU834.jpg	ZATU834
EASL1688	I	archsigns/ZATU835.jpg	ZATU835
EASL1689	I	archsigns/ZATU836.jpg	ZATU836
EASL1690	I	archsigns/ZATU837~a.jpg	ZATU837~a
EASL1691	I	archsigns/ZATU837~b.jpg	ZATU837~b
EASL1692	I	archsigns/ZATU838.jpg	ZATU838
EASL1693	I	archsigns/ZATU839.jpg	ZATU839
EASL1694	I	archsigns/ZATU840.jpg	ZATU840
EASL1695	I	archsigns/ZATU841.jpg	ZATU841
EASL1696	I	archsigns/ZATU842.jpg	ZATU842
EASL1697	I	archsigns/ZATU843.jpg	ZATU843
EASL1698	I	archsigns/ZATU844.jpg	ZATU844
EASL1699	I	archsigns/ZATU845.jpg	ZATU845
EASL1700	I	archsigns/ZATU846.jpg	ZATU846
EASL1701	I	archsigns/ZATU847.jpg	ZATU847
EASL1702	I	archsigns/ZATU848.jpg	ZATU848
EASL1703	I	archsigns/ZATU849.jpg	ZATU849
EASL1704	I	archsigns/ZATU850.jpg	ZATU850
EASL1705	I	archsigns/ZATU851.jpg	ZATU851
EASL1706	I	archsigns/ZATU852.jpg	ZATU852
EASL1707	I	archsigns/ZATU853.jpg	ZATU853
EASL1708	I	archsigns/ZATU854.jpg	ZATU854
EASL1709	I	archsigns/ZATU855.jpg	ZATU855
EASL1710	I	archsigns/|1(N57).AB2|.jpg	|1(N57).AB2|
EASL1711	I	archsigns/|1(N57).SZAH2~a|.jpg	|1(N57).SZAH2~a|
EASL1712	I	archsigns/|1(N57).SZUBUR|.jpg	|1(N57).SZUBUR|
EASL1713	I	archsigns/|1(N58).BAD~a|.jpg	|1(N58).BAD~a|
EASL1714	I	archsigns/|1(N58).BAD~b|.jpg	|1(N58).BAD~b|
EASL1715	I	archsigns/|2(N57).AB2|.jpg	|2(N57).AB2|
EASL1716	I	archsigns/|2(N57).KU6~a|.jpg	|2(N57).KU6~a|
EASL1717	I	archsigns/|2(N57).SU~a|.jpg	|2(N57).SU~a|
EASL1718	I	archsigns/|2(N57).SZUBUR|.jpg	|2(N57).SZUBUR|
EASL1719	I	archsigns/|3(N57).AMAR|.jpg	|3(N57).AMAR|
EASL1720	I	archsigns/|3(N57).BARA3|.jpg	|3(N57).BARA3|
EASL1721	I	archsigns/|3(N57).E2~b|.jpg	|3(N57).E2~b|
EASL1722	I	archsigns/|3(N57).GAR|.jpg	|3(N57).GAR|
EASL1723	I	archsigns/|3(N57).NUNUZ~a1|.jpg	|3(N57).NUNUZ~a1|
EASL1724	I	archsigns/|3(N57).NUNUZ~c|.jpg	|3(N57).NUNUZ~c|
EASL1725	I	archsigns/|3(N57).PIRIG~b1|.jpg	|3(N57).PIRIG~b1|
EASL1726	I	archsigns/|3(N57).SZUBUR|.jpg	|3(N57).SZUBUR|
EASL1727	I	archsigns/|3(N58).UR3~b1|.jpg	|3(N58).UR3~b1|
EASL1728	I	archsigns/|4(N57).AMAR|.jpg	|4(N57).AMAR|
EASL1729	I	archsigns/|4(N57).GAR|.jpg	|4(N57).GAR|
EASL1730	I	archsigns/|4(N57).KU3~a|.jpg	|4(N57).KU3~a|
EASL1731	I	archsigns/|4(N57).NI~b|.jpg	|4(N57).NI~b|
EASL1732	I	archsigns/|5(N57).GAR|.jpg	|5(N57).GAR|
EASL1733	I	archsigns/|5(N57).KU3~a|.jpg	|5(N57).KU3~a|
EASL1734	I	archsigns/|6(N57).GAR|.jpg	|6(N57).GAR|
EASL1735	I	archsigns/|6(N57).KU3~a|.jpg	|6(N57).KU3~a|
EASL1736	I	archsigns/|8(N57).NI~b|.jpg	|8(N57).NI~b|
EASL1737	N	archsigns/1(N01).jpg	1(N01)
EASL1738	N	archsigns/2(N01).jpg	2(N01)
EASL1739	N	archsigns/3(N01).jpg	3(N01)
EASL1740	N	archsigns/4(N01).jpg	4(N01)
EASL1741	N	archsigns/5(N01).jpg	5(N01)
EASL1742	N	archsigns/6(N01).jpg	6(N01)
EASL1743	N	archsigns/7(N01).jpg	7(N01)
EASL1744	N	archsigns/8(N01).jpg	8(N01)
EASL1745	N	archsigns/9(N01).jpg	9(N01)
EASL1746	N	archsigns/10(N01).jpg	10(N01)
EASL1747	N	archsigns/1(N01@f).jpg	1(N01@f)
EASL1748	N	archsigns/2(N01@f).jpg	2(N01@f)
EASL1749	N	archsigns/3(N01@f).jpg	3(N01@f)
EASL1750	N	archsigns/4(N01@f).jpg	4(N01@f)
EASL1751	N	archsigns/5(N01@f).jpg	5(N01@f)
EASL1752	N	archsigns/6(N01@f).jpg	6(N01@f)
EASL1753	N	archsigns/7(N01@f).jpg	7(N01@f)
EASL1754	N	archsigns/8(N01@f).jpg	8(N01@f)
EASL1755	N	archsigns/9(N01@f).jpg	9(N01@f)
EASL1756	N	archsigns/|1(N01@r)|.jpg	|1(N01@r)|
EASL1757	N	archsigns/1(N02).jpg	1(N02)
EASL1758	N	archsigns/2(N02).jpg	2(N02)
EASL1759	N	archsigns/3(N02).jpg	3(N02)
EASL1760	N	archsigns/4(N02).jpg	4(N02)
EASL1761	N	archsigns/5(N02).jpg	5(N02)
EASL1762	N	archsigns/6(N02).jpg	6(N02)
EASL1763	N	archsigns/7(N02).jpg	7(N02)
EASL1764	N	archsigns/8(N02).jpg	8(N02)
EASL1765	N	archsigns/9(N02).jpg	9(N02)
EASL1766	N	archsigns/|1(N02).RU|.jpg	|1(N02).RU|
EASL1767	N	archsigns/1(N03).jpg	1(N03)
EASL1768	N	archsigns/2(N03).jpg	2(N03)
EASL1769	N	archsigns/3(N03).jpg	3(N03)
EASL1770	N	archsigns/4(N03).jpg	4(N03)
EASL1771	N	archsigns/5(N03).jpg	5(N03)
EASL1772	N	archsigns/1(N04).jpg	1(N04)
EASL1773	N	archsigns/2(N04).jpg	2(N04)
EASL1774	N	archsigns/3(N04).jpg	3(N04)
EASL1775	N	archsigns/4(N04).jpg	4(N04)
EASL1776	N	archsigns/5(N04).jpg	5(N04)
EASL1777	N	archsigns/1(N04@f).jpg	1(N04@f)
EASL1778	N	archsigns/2(N04@f).jpg	2(N04@f)
EASL1779	N	archsigns/3(N04@f).jpg	3(N04@f)
EASL1780	N	archsigns/4(N04@f).jpg	4(N04@f)
EASL1781	N	archsigns/5(N04@f).jpg	5(N04@f)
EASL1782	N	archsigns/1(N05).jpg	1(N05)
EASL1783	N	archsigns/2(N05).jpg	2(N05)
EASL1784	N	archsigns/3(N05).jpg	3(N05)
EASL1785	N	archsigns/4(N05).jpg	4(N05)
EASL1786	N	archsigns/5(N05).jpg	5(N05)
EASL1787	N	archsigns/1(N06).jpg	1(N06)
EASL1788	N	archsigns/1(N07~a).jpg	1(N07~a)
EASL1789	N	archsigns/2(N07~a).jpg	2(N07~a)
EASL1790	N	archsigns/3(N07~a).jpg	3(N07~a)
EASL1791	N	archsigns/1(N07~b).jpg	1(N07~b)
EASL1792	N	archsigns/2(N07~b).jpg	2(N07~b)
EASL1793	N	archsigns/3(N07~b).jpg	3(N07~b)
EASL1794	N	archsigns/1(N08).jpg	1(N08)
EASL1795	N	archsigns/2(N08).jpg	2(N08)
EASL1796	N	archsigns/3(N08).jpg	3(N08)
EASL1797	N	archsigns/4(N08).jpg	4(N08)
EASL1798	N	archsigns/5(N08).jpg	5(N08)
EASL1799	N	archsigns/6(N08).jpg	6(N08)
EASL1800	N	archsigns/7(N08).jpg	7(N08)
EASL1801	N	archsigns/8(N08).jpg	8(N08)
EASL1802	N	archsigns/9(N08).jpg	9(N08)
EASL1803	N	archsigns/1(N08@f).jpg	1(N08@f)
EASL1804	N	archsigns/|1(N08@f)x1(N57)|.jpg	|1(N08@f)x1(N57)|
EASL1805	N	archsigns/1(N08~b).jpg	1(N08~b)
EASL1806	N	archsigns/2(N08~b).jpg	2(N08~b)
EASL1807	N	archsigns/3(N08~b).jpg	3(N08~b)
EASL1808	N	archsigns/4(N08~b).jpg	4(N08~b)
EASL1809	N	archsigns/4(N08~c).jpg	4(N08~c)
EASL1810	N	archsigns/1(N09).jpg	1(N09)
EASL1811	N	archsigns/1(N11).jpg	1(N11)
EASL1812	N	archsigns/1(N12).jpg	1(N12)
EASL1813	N	archsigns/1(N14).jpg	1(N14)
EASL1814	N	archsigns/2(N14).jpg	2(N14)
EASL1815	N	archsigns/3(N14).jpg	3(N14)
EASL1816	N	archsigns/4(N14).jpg	4(N14)
EASL1817	N	archsigns/5(N14).jpg	5(N14)
EASL1818	N	archsigns/6(N14).jpg	6(N14)
EASL1819	N	archsigns/7(N14).jpg	7(N14)
EASL1820	N	archsigns/8(N14).jpg	8(N14)
EASL1821	N	archsigns/9(N14).jpg	9(N14)
EASL1822	N	archsigns/10(N14).jpg	10(N14)
EASL1823	N	archsigns/12(N14).jpg	12(N14)
EASL1824	N	archsigns/1(N14@f).jpg	1(N14@f)
EASL1825	N	archsigns/2(N14@f).jpg	2(N14@f)
EASL1826	N	archsigns/3(N14@f).jpg	3(N14@f)
EASL1827	N	archsigns/4(N14@f).jpg	4(N14@f)
EASL1828	N	archsigns/5(N14@f).jpg	5(N14@f)
EASL1829	N	archsigns/6(N14@f).jpg	6(N14@f)
EASL1830	N	archsigns/7(N14@f).jpg	7(N14@f)
EASL1831	N	archsigns/8(N14@f).jpg	8(N14@f)
EASL1832	N	archsigns/9(N14@f).jpg	9(N14@f)
EASL1833	N	archsigns/10(N14@f).jpg	10(N14@f)
EASL1834	N	archsigns/2(LAGAB~a).jpg	2(LAGAB~a)
EASL1835	N	archsigns/4(LAGAB~a).jpg	4(LAGAB~a)
EASL1836	N	archsigns/6(LAGAB~a).jpg	6(LAGAB~a)
EASL1837	N	archsigns/1(N15).jpg	1(N15)
EASL1838	N	archsigns/2(N15).jpg	2(N15)
EASL1839	N	archsigns/3(N15).jpg	3(N15)
EASL1840	N	archsigns/4(N15).jpg	4(N15)
EASL1841	N	archsigns/5(N15).jpg	5(N15)
EASL1842	N	archsigns/1(N16).jpg	1(N16)
EASL1843	N	archsigns/1(N17).jpg	1(N17)
EASL1844	N	archsigns/1(N18).jpg	1(N18)
EASL1845	N	archsigns/2(N18).jpg	2(N18)
EASL1846	N	archsigns/3(N18).jpg	3(N18)
EASL1847	N	archsigns/4(N18).jpg	4(N18)
EASL1848	N	archsigns/5(N18).jpg	5(N18)
EASL1849	N	archsigns/6(N18).jpg	6(N18)
EASL1850	N	archsigns/7(N18).jpg	7(N18)
EASL1851	N	archsigns/8(N18).jpg	8(N18)
EASL1852	N	archsigns/9(N18).jpg	9(N18)
EASL1853	N	archsigns/1(N19).jpg	1(N19)
EASL1854	N	archsigns/2(N19).jpg	2(N19)
EASL1855	N	archsigns/3(N19).jpg	3(N19)
EASL1856	N	archsigns/4(N19).jpg	4(N19)
EASL1857	N	archsigns/5(N19).jpg	5(N19)
EASL1858	N	archsigns/6(N19).jpg	6(N19)
EASL1859	N	archsigns/7(N19).jpg	7(N19)
EASL1860	N	archsigns/8(N19).jpg	8(N19)
EASL1861	N	archsigns/9(N19).jpg	9(N19)
EASL1862	N	archsigns/1(N19@f).jpg	1(N19@f)
EASL1863	N	archsigns/2(N19@f).jpg	2(N19@f)
EASL1864	N	archsigns/3(N19@f).jpg	3(N19@f)
EASL1865	N	archsigns/4(N19@f).jpg	4(N19@f)
EASL1866	N	archsigns/5(N19@f).jpg	5(N19@f)
EASL1867	N	archsigns/6(N19@f).jpg	6(N19@f)
EASL1868	N	archsigns/7(N19@f).jpg	7(N19@f)
EASL1869	N	archsigns/8(N19@f).jpg	8(N19@f)
EASL1870	N	archsigns/9(N19@f).jpg	9(N19@f)
EASL1871	N	archsigns/1(N20).jpg	1(N20)
EASL1872	N	archsigns/2(N20).jpg	2(N20)
EASL1873	N	archsigns/3(N20).jpg	3(N20)
EASL1874	N	archsigns/4(N20).jpg	4(N20)
EASL1875	N	archsigns/5(N20).jpg	5(N20)
EASL1876	N	archsigns/6(N20).jpg	6(N20)
EASL1877	N	archsigns/7(N20).jpg	7(N20)
EASL1878	N	archsigns/8(N20).jpg	8(N20)
EASL1879	N	archsigns/9(N20).jpg	9(N20)
EASL1880	N	archsigns/2(N21).jpg	2(N21)
EASL1881	N	archsigns/3(N21).jpg	3(N21)
EASL1882	N	archsigns/4(N21).jpg	4(N21)
EASL1883	N	archsigns/5(N21).jpg	5(N21)
EASL1884	N	archsigns/6(N21).jpg	6(N21)
EASL1885	N	archsigns/1(N22).jpg	1(N22)
EASL1886	N	archsigns/2(N22).jpg	2(N22)
EASL1887	N	archsigns/1(N22@f).jpg	1(N22@f)
EASL1888	N	archsigns/2(N22@f).jpg	2(N22@f)
EASL1889	N	archsigns/1(N23).jpg	1(N23)
EASL1890	N	archsigns/2(N23).jpg	2(N23)
EASL1891	N	archsigns/3(N23).jpg	3(N23)
EASL1892	N	archsigns/5(N23).jpg	5(N23)
EASL1893	N	archsigns/7(N23).jpg	7(N23)
EASL1894	N	archsigns/1(N24).jpg	1(N24)
EASL1895	N	archsigns/2(N24).jpg	2(N24)
EASL1896	N	archsigns/4(N24).jpg	4(N24)
EASL1897	N	archsigns/6(N24).jpg	6(N24)
EASL1898	N	archsigns/1(N24@f).jpg	1(N24@f)
EASL1899	N	archsigns/1(N24~a).jpg	1(N24~a)
EASL1900	N	archsigns/1(N24~b).jpg	1(N24~b)
EASL1901	N	archsigns/1(N25).jpg	1(N25)
EASL1902	N	archsigns/1(N26).jpg	1(N26)
EASL1903	N	archsigns/1(N26~b).jpg	1(N26~b)
EASL1904	N	archsigns/1(N27).jpg	1(N27)
EASL1905	N	archsigns/1(N28).jpg	1(N28)
EASL1906	N	archsigns/1(N28~b).jpg	1(N28~b)
EASL1907	N	archsigns/1(N28~c).jpg	1(N28~c)
EASL1908	N	archsigns/1(N29~a).jpg	1(N29~a)
EASL1909	N	archsigns/2(N29~a).jpg	2(N29~a)
EASL1910	N	archsigns/1(N29~b).jpg	1(N29~b)
EASL1911	N	archsigns/1(N29A~b).jpg	1(N29A~b)
EASL1912	N	archsigns/2(N29A~b).jpg	2(N29A~b)
EASL1913	N	archsigns/1(N29A~c).jpg	1(N29A~c)
EASL1914	N	archsigns/1(N30~a).jpg	1(N30~a)
EASL1915	N	archsigns/1(N30~c).jpg	1(N30~c)
EASL1916	N	archsigns/1(N30~d).jpg	1(N30~d)
EASL1917	N	archsigns/1(N30~e).jpg	1(N30~e)
EASL1918	N	archsigns/1(N30A~c).jpg	1(N30A~c)
EASL1919	N	archsigns/1(N30C~b).jpg	1(N30C~b)
EASL1920	N	archsigns/1(N30C~c).jpg	1(N30C~c)
EASL1921	N	archsigns/1(N31).jpg	1(N31)
EASL1922	N	archsigns/1(N32).jpg	1(N32)
EASL1923	N	archsigns/1(N33).jpg	1(N33)
EASL1924	N	archsigns/1(N34).jpg	1(N34)
EASL1925	N	archsigns/2(N34).jpg	2(N34)
EASL1926	N	archsigns/3(N34).jpg	3(N34)
EASL1927	N	archsigns/4(N34).jpg	4(N34)
EASL1928	N	archsigns/5(N34).jpg	5(N34)
EASL1929	N	archsigns/6(N34).jpg	6(N34)
EASL1930	N	archsigns/7(N34).jpg	7(N34)
EASL1931	N	archsigns/8(N34).jpg	8(N34)
EASL1932	N	archsigns/9(N34).jpg	9(N34)
EASL1933	N	archsigns/|1(N34)x1(N58)|.jpg	|1(N34)x1(N58)|
EASL1934	N	archsigns/1(N34@f).jpg	1(N34@f)
EASL1935	N	archsigns/2(N34@f).jpg	2(N34@f)
EASL1936	N	archsigns/3(N34@f).jpg	3(N34@f)
EASL1937	N	archsigns/4(N34@f).jpg	4(N34@f)
EASL1938	N	archsigns/5(N34@f).jpg	5(N34@f)
EASL1939	N	archsigns/6(N34@f).jpg	6(N34@f)
EASL1940	N	archsigns/7(N34@f).jpg	7(N34@f)
EASL1941	N	archsigns/8(N34@f).jpg	8(N34@f)
EASL1942	N	archsigns/9(N34@f).jpg	9(N34@f)
EASL1943	N	archsigns/|1(N34F@t)|.jpg	|1(N34F@t)|
EASL1944	N	archsigns/1(N35).jpg	1(N35)
EASL1945	N	archsigns/2(N35).jpg	2(N35)
EASL1946	N	archsigns/5(N35).jpg	5(N35)
EASL1947	N	archsigns/1(N36).jpg	1(N36)
EASL1948	N	archsigns/2(N36).jpg	2(N36)
EASL1949	N	archsigns/3(N36).jpg	3(N36)
EASL1950	N	archsigns/4(N36).jpg	4(N36)
EASL1951	N	archsigns/5(N36).jpg	5(N36)
EASL1952	N	archsigns/6(N36).jpg	6(N36)
EASL1953	N	archsigns/7(N36).jpg	7(N36)
EASL1954	N	archsigns/8(N36).jpg	8(N36)
EASL1955	N	archsigns/9(N36).jpg	9(N36)
EASL1956	N	archsigns/1(N36@f).jpg	1(N36@f)
EASL1957	N	archsigns/1(N37).jpg	1(N37)
EASL1958	N	archsigns/2(N37).jpg	2(N37)
EASL1959	N	archsigns/1(N38).jpg	1(N38)
EASL1960	N	archsigns/1(N39~a).jpg	1(N39~a)
EASL1961	N	archsigns/2(N39~a).jpg	2(N39~a)
EASL1962	N	archsigns/3(N39~a).jpg	3(N39~a)
EASL1963	N	archsigns/4(N39~a).jpg	4(N39~a)
EASL1964	N	archsigns/1(N39~b).jpg	1(N39~b)
EASL1965	N	archsigns/2(N39~b).jpg	2(N39~b)
EASL1966	N	archsigns/3(N39~b).jpg	3(N39~b)
EASL1967	N	archsigns/4(N39~b).jpg	4(N39~b)
EASL1968	N	archsigns/1(N40).jpg	1(N40)
EASL1969	N	archsigns/2(N40).jpg	2(N40)
EASL1970	N	archsigns/3(N40).jpg	3(N40)
EASL1971	N	archsigns/4(N40).jpg	4(N40)
EASL1972	N	archsigns/1(N41).jpg	1(N41)
EASL1973	N	archsigns/2(N41).jpg	2(N41)
EASL1974	N	archsigns/3(N41).jpg	3(N41)
EASL1975	N	archsigns/4(N41).jpg	4(N41)
EASL1976	N	archsigns/1(N42~a).jpg	1(N42~a)
EASL1977	N	archsigns/2(N42~a).jpg	2(N42~a)
EASL1978	N	archsigns/3(N42~a).jpg	3(N42~a)
EASL1979	N	archsigns/4(N42~a).jpg	4(N42~a)
EASL1980	N	archsigns/1(N42~b).jpg	1(N42~b)
EASL1981	N	archsigns/2(N42~b).jpg	2(N42~b)
EASL1982	N	archsigns/3(N42~b).jpg	3(N42~b)
EASL1983	N	archsigns/4(N42~b).jpg	4(N42~b)
EASL1984	N	archsigns/1(N43).jpg	1(N43)
EASL1985	N	archsigns/4(N43).jpg	4(N43)
EASL1986	N	archsigns/1(N44).jpg	1(N44)
EASL1987	N	archsigns/1(N45).jpg	1(N45)
EASL1988	N	archsigns/2(N45).jpg	2(N45)
EASL1989	N	archsigns/3(N45).jpg	3(N45)
EASL1990	N	archsigns/4(N45).jpg	4(N45)
EASL1991	N	archsigns/5(N45).jpg	5(N45)
EASL1992	N	archsigns/6(N45).jpg	6(N45)
EASL1993	N	archsigns/7(N45).jpg	7(N45)
EASL1994	N	archsigns/9(N45).jpg	9(N45)
EASL1995	N	archsigns/1(N45@f).jpg	1(N45@f)
EASL1996	N	archsigns/2(N45@f).jpg	2(N45@f)
EASL1997	N	archsigns/3(N45@f).jpg	3(N45@f)
EASL1998	N	archsigns/4(N45@f).jpg	4(N45@f)
EASL1999	N	archsigns/5(N45@f).jpg	5(N45@f)
EASL2000	N	archsigns/6(N45@f).jpg	6(N45@f)
EASL2001	N	archsigns/7(N45@f).jpg	7(N45@f)
EASL2002	N	archsigns/8(N45@f).jpg	8(N45@f)
EASL2003	N	archsigns/9(N45@f).jpg	9(N45@f)
EASL2004	N	archsigns/1(N45~a).jpg	1(N45~a)
EASL2005	N	archsigns/1(N46).jpg	1(N46)
EASL2006	N	archsigns/2(N46).jpg	2(N46)
EASL2007	N	archsigns/3(N46).jpg	3(N46)
EASL2008	N	archsigns/1(N46@f).jpg	1(N46@f)
EASL2009	N	archsigns/2(N46@f).jpg	2(N46@f)
EASL2010	N	archsigns/1(N47).jpg	1(N47)
EASL2011	N	archsigns/2(N47).jpg	2(N47)
EASL2012	N	archsigns/3(N47).jpg	3(N47)
EASL2013	N	archsigns/1(N48).jpg	1(N48)
EASL2014	N	archsigns/2(N48).jpg	2(N48)
EASL2015	N	archsigns/3(N48).jpg	3(N48)
EASL2016	N	archsigns/4(N48).jpg	4(N48)
EASL2017	N	archsigns/5(N48).jpg	5(N48)
EASL2018	N	archsigns/6(N48).jpg	6(N48)
EASL2019	N	archsigns/7(N48).jpg	7(N48)
EASL2020	N	archsigns/1(N48@f).jpg	1(N48@f)
EASL2021	N	archsigns/1(N49).jpg	1(N49)
EASL2022	N	archsigns/2(N49).jpg	2(N49)
EASL2023	N	archsigns/3(N49).jpg	3(N49)
EASL2024	N	archsigns/4(N49).jpg	4(N49)
EASL2025	N	archsigns/5(N49).jpg	5(N49)
EASL2026	N	archsigns/1(N50).jpg	1(N50)
EASL2027	N	archsigns/2(N50).jpg	2(N50)
EASL2028	N	archsigns/3(N50).jpg	3(N50)
EASL2029	N	archsigns/4(N50).jpg	4(N50)
EASL2030	N	archsigns/5(N50).jpg	5(N50)
EASL2031	N	archsigns/1(N51).jpg	1(N51)
EASL2032	N	archsigns/2(N51).jpg	2(N51)
EASL2033	N	archsigns/3(N51).jpg	3(N51)
EASL2034	N	archsigns/4(N51).jpg	4(N51)
EASL2035	N	archsigns/5(N51).jpg	5(N51)
EASL2036	N	archsigns/6(N51).jpg	6(N51)
EASL2037	N	archsigns/7(N51).jpg	7(N51)
EASL2038	N	archsigns/8(N51).jpg	8(N51)
EASL2039	N	archsigns/1(N51@f).jpg	1(N51@f)
EASL2040	N	archsigns/2(N51@f).jpg	2(N51@f)
EASL2041	N	archsigns/3(N51@f).jpg	3(N51@f)
EASL2042	N	archsigns/4(N51@f).jpg	4(N51@f)
EASL2043	N	archsigns/5(N51@f).jpg	5(N51@f)
EASL2044	N	archsigns/6(N51@f).jpg	6(N51@f)
EASL2045	N	archsigns/7(N51@f).jpg	7(N51@f)
EASL2046	N	archsigns/8(N51@f).jpg	8(N51@f)
EASL2047	N	archsigns/9(N51@f).jpg	9(N51@f)
EASL2048	N	archsigns/1(N52).jpg	1(N52)
EASL2049	N	archsigns/2(N52).jpg	2(N52)
EASL2050	N	archsigns/3(N52).jpg	3(N52)
EASL2051	N	archsigns/4(N52).jpg	4(N52)
EASL2052	N	archsigns/5(N52).jpg	5(N52)
EASL2053	N	archsigns/3(N53).jpg	3(N53)
EASL2054	N	archsigns/1(N54).jpg	1(N54)
EASL2055	N	archsigns/2(N54).jpg	2(N54)
EASL2056	N	archsigns/3(N54).jpg	3(N54)
EASL2057	N	archsigns/4(N54).jpg	4(N54)
EASL2058	N	archsigns/5(N54).jpg	5(N54)
EASL2059	N	archsigns/1(N55).jpg	1(N55)
EASL2060	N	archsigns/1(N56).jpg	1(N56)
EASL2061	N	archsigns/2(N56).jpg	2(N56)
EASL2062	N	archsigns/|1(N57).1(N57)|.jpg	|1(N57).1(N57)|
EASL2063	N	archsigns/1(N57).jpg	1(N57)
EASL2064	N	archsigns/2(N57).jpg	2(N57)
EASL2065	N	archsigns/3(N57).jpg	3(N57)
EASL2066	N	archsigns/4(N57).jpg	4(N57)
EASL2067	N	archsigns/5(N57).jpg	5(N57)
EASL2068	N	archsigns/6(N57).jpg	6(N57)
EASL2069	N	archsigns/7(N57).jpg	7(N57)
EASL2070	N	archsigns/8(N57).jpg	8(N57)
EASL2071	N	archsigns/9(N57).jpg	9(N57)
EASL2072	N	archsigns/10(N57).jpg	10(N57)
EASL2073	N	archsigns/1(N58).jpg	1(N58)
EASL2074	N	archsigns/2(N58).jpg	2(N58)
EASL2075	N	archsigns/3(N58).jpg	3(N58)
EASL2076	N	archsigns/4(N58).jpg	4(N58)
EASL2077	N	archsigns/5(N58).jpg	5(N58)
EASL2078	N	archsigns/8(N58).jpg	8(N58)
EASL2079	N	archsigns/9(N58).jpg	9(N58)
EASL2080	N	archsigns/10(N58).jpg	10(N58)
EASL2081	N	archsigns/12(N58).jpg	12(N58)
EASL2082	N	archsigns/|1(N58@t)|.jpg	|1(N58@t)|
EASL2083	N	archsigns/2(N59).jpg	2(N59)
EASL2084	N	archsigns/3(N59).jpg	3(N59)
EASL2085	N	archsigns/4(N59).jpg	4(N59)
EASL2086	N	archsigns/1(N60).jpg	1(N60)
EASL2087	N	archsigns/3(N61).jpg	3(N61)
EASL2088	N	archsigns/4(N62).jpg	4(N62)
EASL2089	N	archsigns/1(N63).jpg	1(N63)
