I	archsigns/A.jpg	A
I	archsigns/A@g.jpg	A@g
I	archsigns/A@t.jpg	A@t
I	archsigns/A2.jpg	A2
I	archsigns/AB~a.jpg	AB~a
I	archsigns/AB~a@g.jpg	AB~a@g
I	archsigns/|AB~ax1(N01)|.jpg	|AB~ax1(N01)|
I	archsigns/|AB~axA@t|.jpg	|AB~axA@t|
I	archsigns/|AB~axASZ2|.jpg	|AB~axASZ2|
I	archsigns/|AB~axKU6~a|.jpg	|AB~axKU6~a|
I	archsigns/|AB~axSUKKAL|.jpg	|AB~axSUKKAL|
I	archsigns/|AB~ax(SZE~a&SZE~a)|.jpg	|AB~ax(SZE~a&SZE~a)|
I	archsigns/|AB~axX|.jpg	|AB~axX|
I	archsigns/|AB~axZATU659|.jpg	|AB~axZATU659|
I	archsigns/AB~b.jpg	AB~b
I	archsigns/|AB~bxA|.jpg	|AB~bxA|
I	archsigns/|AB~bxKU6~a|.jpg	|AB~bxKU6~a|
I	archsigns/|AB~bxSZA3~a1|.jpg	|AB~bxSZA3~a1|
I	archsigns/AB2.jpg	AB2
I	archsigns/|AB2x2(N14)|.jpg	|AB2x2(N14)|
I	archsigns/ABGAL.jpg	ABGAL
I	archsigns/ABRIG.jpg	ABRIG
I	archsigns/ABZU.jpg	ABZU
I	archsigns/AD~a.jpg	AD~a
I	archsigns/AD~b.jpg	AD~b
I	archsigns/AD~c.jpg	AD~c
I	archsigns/ADAB.jpg	ADAB
I	archsigns/ADDA.jpg	ADDA
I	archsigns/ADDA@t.jpg	ADDA@t
I	archsigns/AGAR2.jpg	AGAR2
I	archsigns/AK~a.jpg	AK~a
I	archsigns/AK~b.jpg	AK~b
I	archsigns/AL.jpg	AL
I	archsigns/ALAN~a.jpg	ALAN~a
I	archsigns/ALAN~b.jpg	ALAN~b
I	archsigns/ALAN~c.jpg	ALAN~c
I	archsigns/ALAN~d.jpg	ALAN~d
I	archsigns/ALAN~e.jpg	ALAN~e
I	archsigns/ALAN~f.jpg	ALAN~f
I	archsigns/ALIM.jpg	ALIM
I	archsigns/AM~a.jpg	AM~a
I	archsigns/AM~b.jpg	AM~b
I	archsigns/AMA~a.jpg	AMA~a
I	archsigns/|AMA~axE2~a|.jpg	|AMA~axE2~a|
I	archsigns/AMA~b.jpg	AMA~b
I	archsigns/|AMAR.1(N02)|.jpg	|AMAR.1(N02)|
I	archsigns/AMAR.jpg	AMAR
I	archsigns/|AMAR@g|.jpg	|AMAR@g|
I	archsigns/|AMAR&AMAR|.jpg	|AMAR&AMAR|
I	archsigns/|AMARxTAR|.jpg	|AMARxTAR|
I	archsigns/AN.jpg	AN
I	archsigns/ANSZE~a.jpg	ANSZE~a
I	archsigns/ANSZE~b.jpg	ANSZE~b
I	archsigns/ANSZE~c.jpg	ANSZE~c
I	archsigns/ANSZE~e.jpg	ANSZE~e
I	archsigns/ANZU2.jpg	ANZU2
I	archsigns/|APIN~a.APIN~a|.jpg	|APIN~a.APIN~a|
I	archsigns/APIN~a.jpg	APIN~a
I	archsigns/APIN~b.jpg	APIN~b
I	archsigns/APIN~c.jpg	APIN~c
I	archsigns/ARARMA2~a.jpg	ARARMA2~a
I	archsigns/ARARMA2~b.jpg	ARARMA2~b
I	archsigns/ARATTA.jpg	ARATTA
I	archsigns/ASAL2.jpg	ASAL2
I	archsigns/ASAR.jpg	ASAR
I	archsigns/ASZ2.jpg	ASZ2
I	archsigns/|Ax1(N14)|.jpg	|Ax1(N14)|
I	archsigns/|AxAB2|.jpg	|AxAB2|
I	archsigns/|AxAN|.jpg	|AxAN|
I	archsigns/|AxEN~a|.jpg	|AxEN~a|
I	archsigns/|AxSZUBUR|.jpg	|AxSZUBUR|
I	archsigns/|AxZATU672|.jpg	|AxZATU672|
I	archsigns/AZ.jpg	AZ
I	archsigns/AZU.jpg	AZU
I	archsigns/BA.jpg	BA
I	archsigns/BAD.jpg	BAD
I	archsigns/|BAD&BAD|.jpg	|BAD&BAD|
I	archsigns/BAD3~a.jpg	BAD3~a
I	archsigns/BAD3~b1.jpg	BAD3~b1
I	archsigns/BAD3~b2.jpg	BAD3~b2
I	archsigns/BAHAR2~a.jpg	BAHAR2~a
I	archsigns/BAHAR2~b.jpg	BAHAR2~b
I	archsigns/BAHAR2~c.jpg	BAHAR2~c
I	archsigns/BALA~a.jpg	BALA~a
I	archsigns/BALA~b.jpg	BALA~b
I	archsigns/BALAG.jpg	BALAG
I	archsigns/BAN~a.jpg	BAN~a
I	archsigns/BAN~b.jpg	BAN~b
I	archsigns/BANSZUR~a.jpg	BANSZUR~a
I	archsigns/BANSZUR~a@t.jpg	BANSZUR~a@t
I	archsigns/BANSZUR~b1.jpg	BANSZUR~b1
I	archsigns/BANSZUR~b2.jpg	BANSZUR~b2
I	archsigns/BANSZUR~c.jpg	BANSZUR~c
I	archsigns/BAPPIR~a.jpg	BAPPIR~a
I	archsigns/BAPPIR~b.jpg	BAPPIR~b
I	archsigns/BAPPIR~c.jpg	BAPPIR~c
I	archsigns/BAPPIR~d.jpg	BAPPIR~d
I	archsigns/BAPPIR~e.jpg	BAPPIR~e
I	archsigns/BAPPIR~f.jpg	BAPPIR~f
I	archsigns/BAR.jpg	BAR
I	archsigns/BARA2~a.jpg	BARA2~a
I	archsigns/BARA2~b.jpg	BARA2~b
I	archsigns/BARA3.jpg	BARA3
I	archsigns/BIR~a.jpg	BIR~a
I	archsigns/BIR~b.jpg	BIR~b
I	archsigns/BIR~c.jpg	BIR~c
I	archsigns/BIR3~a.jpg	BIR3~a
I	archsigns/BIR3~b.jpg	BIR3~b
I	archsigns/BIR3~c.jpg	BIR3~c
I	archsigns/BU~a.jpg	BU~a
I	archsigns/|(BU~a&BU~a).NA2~a|.jpg	|(BU~a&BU~a).NA2~a|
I	archsigns/|(BU~a&BU~a).NA2~a@n|.jpg	|(BU~a&BU~a).NA2~a@n|
I	archsigns/|(BU~a&BU~a).NA2~b|.jpg	|(BU~a&BU~a).NA2~b|
I	archsigns/|(BU~a&BU~a).X|.jpg	|(BU~a&BU~a).X|
I	archsigns/|BU~a+DU6~a|.jpg	|BU~a+DU6~a|
I	archsigns/|BU~ax1(N58)|.jpg	|BU~ax1(N58)|
I	archsigns/|BU~axA|.jpg	|BU~axA|
I	archsigns/|BU~axGISZ@t|.jpg	|BU~axGISZ@t|
I	archsigns/BU~b.jpg	BU~b
I	archsigns/|BU~b.NA2~a|.jpg	|BU~b.NA2~a|
I	archsigns/BU3.jpg	BU3
I	archsigns/BULUG.jpg	BULUG
I	archsigns/BULUG3.jpg	BULUG3
I	archsigns/BUR~a.jpg	BUR~a
I	archsigns/BUR~b.jpg	BUR~b
I	archsigns/BUR~c.jpg	BUR~c
I	archsigns/BUR~d.jpg	BUR~d
I	archsigns/BUR2.jpg	BUR2
I	archsigns/DA~a.jpg	DA~a
I	archsigns/|DA~a.LISZ|.jpg	|DA~a.LISZ|
I	archsigns/DA~b.jpg	DA~b
I	archsigns/DA~c.jpg	DA~c
I	archsigns/DA~d.jpg	DA~d
I	archsigns/DAG.jpg	DAG
I	archsigns/DAH.jpg	DAH
I	archsigns/DAM.jpg	DAM
I	archsigns/DANNA.jpg	DANNA
I	archsigns/DAR~a.jpg	DAR~a
I	archsigns/|DAR~axA|.jpg	|DAR~axA|
I	archsigns/DAR~b.jpg	DAR~b
I	archsigns/DAR~c.jpg	DAR~c
I	archsigns/DAR~d.jpg	DAR~d
I	archsigns/DARA3~a.jpg	DARA3~a
I	archsigns/DARA3~b.jpg	DARA3~b
I	archsigns/DARA3~c.jpg	DARA3~c
I	archsigns/|DARA3~cxKAR2|.jpg	|DARA3~cxKAR2|
I	archsigns/|DARA3~cx(KAR2.SZE~a)|.jpg	|DARA3~cx(KAR2.SZE~a)|
I	archsigns/DARA3~d.jpg	DARA3~d
I	archsigns/|DARA3~dxKAR2|.jpg	|DARA3~dxKAR2|
I	archsigns/|DARA3~dx(KAR2.SZE~a)|.jpg	|DARA3~dx(KAR2.SZE~a)|
I	archsigns/DARA4~a1.jpg	DARA4~a1
I	archsigns/DARA4~a2.jpg	DARA4~a2
I	archsigns/DARA4~a3.jpg	DARA4~a3
I	archsigns/DARA4~b.jpg	DARA4~b
I	archsigns/DARA4~c1.jpg	DARA4~c1
I	archsigns/DARA4~c2.jpg	DARA4~c2
I	archsigns/DARA4~c3.jpg	DARA4~c3
I	archsigns/DARA4~c4.jpg	DARA4~c4
I	archsigns/DARA4~c5.jpg	DARA4~c5
I	archsigns/DI.jpg	DI
I	archsigns/DI@t.jpg	DI@t
I	archsigns/DIB.jpg	DIB
I	archsigns/DILMUN.jpg	DILMUN
I	archsigns/DIM~a.jpg	DIM~a
I	archsigns/|DIM~axGU|.jpg	|DIM~axGU|
I	archsigns/|DIM~axX|.jpg	|DIM~axX|
I	archsigns/DIM~b.jpg	DIM~b
I	archsigns/DIM~c.jpg	DIM~c
I	archsigns/DIN.jpg	DIN
I	archsigns/DIN@t.jpg	DIN@t
I	archsigns/DU@g.jpg	DU@g
I	archsigns/DU6~a.jpg	DU6~a
I	archsigns/|DU6~axDISZ|.jpg	|DU6~axDISZ|
I	archsigns/DU6~b.jpg	DU6~b
I	archsigns/DU6~c.jpg	DU6~c
I	archsigns/DU7.jpg	DU7
I	archsigns/DU8~a.jpg	DU8~a
I	archsigns/DU8~b.jpg	DU8~b
I	archsigns/DU8~c.jpg	DU8~c
I	archsigns/DU8~c@g.jpg	DU8~c@g
I	archsigns/|DU8~cxHI|.jpg	|DU8~cxHI|
I	archsigns/|DU8~cxUDU~a|.jpg	|DU8~cxUDU~a|
I	archsigns/|DU8~cxX|.jpg	|DU8~cxX|
I	archsigns/DUB~a.jpg	DUB~a
I	archsigns/DUB~b.jpg	DUB~b
I	archsigns/DUB~c.jpg	DUB~c
I	archsigns/DUB~d.jpg	DUB~d
I	archsigns/DUB~e.jpg	DUB~e
I	archsigns/DUB~f.jpg	DUB~f
I	archsigns/DUB2.jpg	DUB2
I	archsigns/|(DUBxDISZ)~a|.jpg	|(DUBxDISZ)~a|
I	archsigns/|(DUBxDISZ)~b|.jpg	|(DUBxDISZ)~b|
I	archsigns/|(DUBxDISZ)~c|.jpg	|(DUBxDISZ)~c|
I	archsigns/|DUG~ax1(N57)|.jpg	|DUG~ax1(N57)|
I	archsigns/|DUG~axHI|.jpg	|DUG~axHI|
I	archsigns/|DUG~axKASKAL|.jpg	|DUG~axKASKAL|
I	archsigns/|DUG~axLAM~b|.jpg	|DUG~axLAM~b|
I	archsigns/|DUG~axNAGA~a|.jpg	|DUG~axNAGA~a|
I	archsigns/|DUG~axU2~a|.jpg	|DUG~axU2~a|
I	archsigns/|DUG~axU2~b|.jpg	|DUG~axU2~b|
I	archsigns/|DUG~axX|.jpg	|DUG~axX|
I	archsigns/DUG~b.jpg	DUG~b
I	archsigns/|(DUG~b&DUG~b)x1(N58)|.jpg	|(DUG~b&DUG~b)x1(N58)|
I	archsigns/|DUG~bx1(N57)|.jpg	|DUG~bx1(N57)|
I	archsigns/|DUG~bx(1(N57).KU3~a)|.jpg	|DUG~bx(1(N57).KU3~a)|
I	archsigns/|DUG~bx3(N57)|.jpg	|DUG~bx3(N57)|
I	archsigns/|DUG~bxAB2|.jpg	|DUG~bxAB2|
I	archsigns/|DUG~bxANSZE~b|.jpg	|DUG~bxANSZE~b|
I	archsigns/|DUG~bxANSZE~d|.jpg	|DUG~bxANSZE~d|
I	archsigns/|DUG~bxBALA~a|.jpg	|DUG~bxBALA~a|
I	archsigns/|DUG~bxBIR3~c|.jpg	|DUG~bxBIR3~c|
I	archsigns/|DUG~bxDIN|.jpg	|DUG~bxDIN|
I	archsigns/|(DUG~bxDIN)@r|.jpg	|(DUG~bxDIN)@r|
I	archsigns/|DUG~bxE~a|.jpg	|DUG~bxE~a|
I	archsigns/|DUG~bxGA~a|.jpg	|DUG~bxGA~a|
I	archsigns/|DUG~bxGA~b|.jpg	|DUG~bxGA~b|
I	archsigns/|DUG~bxGESZTU~a|.jpg	|DUG~bxGESZTU~a|
I	archsigns/|DUG~bxGESZTU~b|.jpg	|DUG~bxGESZTU~b|
I	archsigns/|DUG~bxGI6|.jpg	|DUG~bxGI6|
I	archsigns/|DUG~bxGISZ|.jpg	|DUG~bxGISZ|
I	archsigns/|DUG~bxHI|.jpg	|DUG~bxHI|
I	archsigns/|DUG~bxHI@g~a|.jpg	|DUG~bxHI@g~a|
I	archsigns/|DUG~bxKASKAL|.jpg	|DUG~bxKASKAL|
I	archsigns/|DUG~bxKU6~a|.jpg	|DUG~bxKU6~a|
I	archsigns/|DUG~bxKUR@g~a|.jpg	|DUG~bxKUR@g~a|
I	archsigns/|DUG~bxKUR~a|.jpg	|DUG~bxKUR~a|
I	archsigns/|DUG~bx(KUR~a.X)|.jpg	|DUG~bx(KUR~a.X)|
I	archsigns/|DUG~bxKUR~b|.jpg	|DUG~bxKUR~b|
I	archsigns/|DUG~bxLAM~a|.jpg	|DUG~bxLAM~a|
I	archsigns/|DUG~bxMASZ|.jpg	|DUG~bxMASZ|
I	archsigns/|DUG~bxNAGA~a|.jpg	|DUG~bxNAGA~a|
I	archsigns/|DUG~bxNAM2|.jpg	|DUG~bxNAM2|
I	archsigns/|DUG~bx(NI~a@g.ZATU779)|.jpg	|DUG~bx(NI~a@g.ZATU779)|
I	archsigns/|DUG~bxSA~a|.jpg	|DUG~bxSA~a|
I	archsigns/|DUG~bxSI4~a|.jpg	|DUG~bxSI4~a|
I	archsigns/|DUG~bx(SI4~a.X)|.jpg	|DUG~bx(SI4~a.X)|
I	archsigns/|DUG~bxSIG2~a1|.jpg	|DUG~bxSIG2~a1|
I	archsigns/|DUG~bxSIG2~a2|.jpg	|DUG~bxSIG2~a2|
I	archsigns/|DUG~bxSIG7|.jpg	|DUG~bxSIG7|
I	archsigns/|DUG~bxSUHUR|.jpg	|DUG~bxSUHUR|
I	archsigns/|DUG~bxSZAH2~a|.jpg	|DUG~bxSZAH2~a|
I	archsigns/|DUG~bxSZE~a|.jpg	|DUG~bxSZE~a|
I	archsigns/|DUG~bx(SZE~a.NAM2)|.jpg	|DUG~bx(SZE~a.NAM2)|
I	archsigns/|DUG~bxTAK4~a|.jpg	|DUG~bxTAK4~a|
I	archsigns/|DUG~bx(TAK4~a.SA~a)|.jpg	|DUG~bx(TAK4~a.SA~a)|
I	archsigns/|DUG~bx(TAK4~a.SAL)|.jpg	|DUG~bx(TAK4~a.SAL)|
I	archsigns/|DUG~bxTI|.jpg	|DUG~bxTI|
I	archsigns/|DUG~bxU2~a|.jpg	|DUG~bxU2~a|
I	archsigns/|DUG~bxU2~b|.jpg	|DUG~bxU2~b|
I	archsigns/|DUG~bxUH3~a|.jpg	|DUG~bxUH3~a|
I	archsigns/|DUG~bxUH3~a@t|.jpg	|DUG~bxUH3~a@t|
I	archsigns/|DUG~bxX|.jpg	|DUG~bxX|
I	archsigns/|DUG~bxZATU707~a|.jpg	|DUG~bxZATU707~a|
I	archsigns/|DUG~bxZATU764|.jpg	|DUG~bxZATU764|
I	archsigns/|DUG~bxZATU779|.jpg	|DUG~bxZATU779|
I	archsigns/|DUG~bxZATU780|.jpg	|DUG~bxZATU780|
I	archsigns/|DUG~bxZATU781|.jpg	|DUG~bxZATU781|
I	archsigns/|DUG~bx(ZATU789.SA~a)|.jpg	|DUG~bx(ZATU789.SA~a)|
I	archsigns/DUG~c.jpg	DUG~c
I	archsigns/DUG~c@t.jpg	DUG~c@t
I	archsigns/|DUG~cx1(N57)|.jpg	|DUG~cx1(N57)|
I	archsigns/DUG~d.jpg	DUG~d
I	archsigns/DUGUD.jpg	DUGUD
I	archsigns/DUR~a.jpg	DUR~a
I	archsigns/DUR~b.jpg	DUR~b
I	archsigns/DUR2.jpg	DUR2
I	archsigns/|DUxDISZ|.jpg	|DUxDISZ|
I	archsigns/E~a.jpg	E~a
I	archsigns/E~b.jpg	E~b
I	archsigns/E~c.jpg	E~c
I	archsigns/E~d.jpg	E~d
I	archsigns/E~e.jpg	E~e
I	archsigns/E2~a.jpg	E2~a
I	archsigns/|E2~a.LISZ|.jpg	|E2~a.LISZ|
I	archsigns/|E2~ax1(N57)@t|.jpg	|E2~ax1(N57)@t|
I	archsigns/|E2~ax3(N58)|.jpg	|E2~ax3(N58)|
I	archsigns/E2~b.jpg	E2~b
I	archsigns/|E2~b.LISZ|.jpg	|E2~b.LISZ|
I	archsigns/|E2~bx1(N57)@t|.jpg	|E2~bx1(N57)@t|
I	archsigns/E2~c.jpg	E2~c
I	archsigns/E2~d.jpg	E2~d
I	archsigns/E3~a.jpg	E3~a
I	archsigns/E3~b.jpg	E3~b
I	archsigns/EDIN.jpg	EDIN
I	archsigns/EN@g~a.jpg	EN@g~a
I	archsigns/EN@g~b.jpg	EN@g~b
I	archsigns/EN~a.jpg	EN~a
I	archsigns/EN~b.jpg	EN~b
I	archsigns/EN~b@t.jpg	EN~b@t
I	archsigns/EN~c.jpg	EN~c
I	archsigns/|EN~c&EN~c|.jpg	|EN~c&EN~c|
I	archsigns/EN~e.jpg	EN~e
I	archsigns/|EN2.E2~a|.jpg	|EN2.E2~a|
I	archsigns/|EN2.E2~b|.jpg	|EN2.E2~b|
I	archsigns/EN2.jpg	EN2
I	archsigns/ENDIB.jpg	ENDIB
I	archsigns/ENGIZ.jpg	ENGIZ
I	archsigns/ENKUM.jpg	ENKUM
I	archsigns/ENLIL.jpg	ENLIL
I	archsigns/ENSI.jpg	ENSI
I	archsigns/ENSI2.jpg	ENSI2
I	archsigns/ERIM~a.jpg	ERIM~a
I	archsigns/ERIM~b1.jpg	ERIM~b1
I	archsigns/ERIM~b2.jpg	ERIM~b2
I	archsigns/ERIM2.jpg	ERIM2
I	archsigns/ERIN.jpg	ERIN
I	archsigns/ESZDA.jpg	ESZDA
I	archsigns/|ESZDAxTAR|.jpg	|ESZDAxTAR|
I	archsigns/ESZGAR.jpg	ESZGAR
I	archsigns/EZEN~a.jpg	EZEN~a
I	archsigns/|EZEN~axEN~a|.jpg	|EZEN~axEN~a|
I	archsigns/|EZEN~axEN~b|.jpg	|EZEN~axEN~b|
I	archsigns/|EZEN~ax(HI.1(N57).AN)|.jpg	|EZEN~ax(HI.1(N57).AN)|
I	archsigns/|EZEN~axKAB|.jpg	|EZEN~axKAB|
I	archsigns/|EZEN~axKI|.jpg	|EZEN~axKI|
I	archsigns/|EZEN~axLA~e|.jpg	|EZEN~axLA~e|
I	archsigns/|EZEN~axNIM~b2|.jpg	|EZEN~axNIM~b2|
I	archsigns/|EZEN~axNIMGIR|.jpg	|EZEN~axNIMGIR|
I	archsigns/|EZEN~axRAD~a|.jpg	|EZEN~axRAD~a|
I	archsigns/|EZEN~axSAG|.jpg	|EZEN~axSAG|
I	archsigns/|EZEN~axSU~a|.jpg	|EZEN~axSU~a|
I	archsigns/|EZEN~ax(U2~b.A)|.jpg	|EZEN~ax(U2~b.A)|
I	archsigns/|EZEN~axU4|.jpg	|EZEN~axU4|
I	archsigns/|EZEN~axX|.jpg	|EZEN~axX|
I	archsigns/EZEN~b.jpg	EZEN~b
I	archsigns/|EZEN~b@t|.jpg	|EZEN~b@t|
I	archsigns/|EZEN~bx6(N57)|.jpg	|EZEN~bx6(N57)|
I	archsigns/EZEN~c.jpg	EZEN~c
I	archsigns/EZINU~a.jpg	EZINU~a
I	archsigns/EZINU~b.jpg	EZINU~b
I	archsigns/EZINU~c.jpg	EZINU~c
I	archsigns/EZINU~d.jpg	EZINU~d
I	archsigns/GA'AR~a1.jpg	GA'AR~a1
I	archsigns/GA'AR~a2.jpg	GA'AR~a2
I	archsigns/GA'AR~b1.jpg	GA'AR~b1
I	archsigns/GA'AR~b2.jpg	GA'AR~b2
I	archsigns/GA~a.jpg	GA~a
I	archsigns/|GA~a.ZATU753|.jpg	|GA~a.ZATU753|
I	archsigns/|GA~axX|.jpg	|GA~axX|
I	archsigns/GA~b.jpg	GA~b
I	archsigns/GA~c.jpg	GA~c
I	archsigns/|GA~cx1(N14)|.jpg	|GA~cx1(N14)|
I	archsigns/|GA~cxKASKAL|.jpg	|GA~cxKASKAL|
I	archsigns/GA2~a1.jpg	GA2~a1
I	archsigns/|GA2~a1x1(N14)|.jpg	|GA2~a1x1(N14)|
I	archsigns/|GA2~a1x1(N57)|.jpg	|GA2~a1x1(N57)|
I	archsigns/|GA2~a1xA|.jpg	|GA2~a1xA|
I	archsigns/|GA2~a1xEN~b|.jpg	|GA2~a1xEN~b|
I	archsigns/|GA2~a1xGESZTU~c3|.jpg	|GA2~a1xGESZTU~c3|
I	archsigns/|GA2~a1xGESZTU~c5|.jpg	|GA2~a1xGESZTU~c5|
I	archsigns/|GA2~a1xGIR~a|.jpg	|GA2~a1xGIR~a|
I	archsigns/|GA2~a1x(GIR~a.KU6~a)|.jpg	|GA2~a1x(GIR~a.KU6~a)|
I	archsigns/|GA2~a1xGISZ@t|.jpg	|GA2~a1xGISZ@t|
I	archsigns/|GA2~a1xGU4|.jpg	|GA2~a1xGU4|
I	archsigns/|GA2~a1xHAL|.jpg	|GA2~a1xHAL|
I	archsigns/|GA2~a1xHI|.jpg	|GA2~a1xHI|
I	archsigns/|GA2~a1x(HI.SUHUR)|.jpg	|GA2~a1x(HI.SUHUR)|
I	archsigns/|GA2~a1xKU3~a|.jpg	|GA2~a1xKU3~a|
I	archsigns/|GA2~a1xKU6~a|.jpg	|GA2~a1xKU6~a|
I	archsigns/|GA2~a1x(KU6~a.KU6~a)|.jpg	|GA2~a1x(KU6~a.KU6~a)|
I	archsigns/|GA2~a1xLAGAB~b|.jpg	|GA2~a1xLAGAB~b|
I	archsigns/|GA2~a1xMASZ|.jpg	|GA2~a1xMASZ|
I	archsigns/|GA2~a1xNAGA~a|.jpg	|GA2~a1xNAGA~a|
I	archsigns/|GA2~a1xNUN~a|.jpg	|GA2~a1xNUN~a|
I	archsigns/|GA2~a1xPAD~b|.jpg	|GA2~a1xPAD~b|
I	archsigns/|GA2~a1xPAP~a|.jpg	|GA2~a1xPAP~a|
I	archsigns/|GA2~a1xSU~a|.jpg	|GA2~a1xSU~a|
I	archsigns/|GA2~a1xSUHUR|.jpg	|GA2~a1xSUHUR|
I	archsigns/|GA2~a1xSUKUD|.jpg	|GA2~a1xSUKUD|
I	archsigns/|GA2~a1x((SUKUD&SUKUD)~a)|.jpg	|GA2~a1x((SUKUD&SUKUD)~a)|
I	archsigns/|GA2~a1x((SUKUD&SUKUD)~b)|.jpg	|GA2~a1x((SUKUD&SUKUD)~b)|
I	archsigns/|GA2~a1xSUMASZ|.jpg	|GA2~a1xSUMASZ|
I	archsigns/|GA2~a1xSZA|.jpg	|GA2~a1xSZA|
I	archsigns/|GA2~a1xTI|.jpg	|GA2~a1xTI|
I	archsigns/|GA2~a1xU4|.jpg	|GA2~a1xU4|
I	archsigns/|GA2~a1xX|.jpg	|GA2~a1xX|
I	archsigns/GA2~a2.jpg	GA2~a2
I	archsigns/|GA2~a2x3(N57)|.jpg	|GA2~a2x3(N57)|
I	archsigns/|GA2~a2xGU4|.jpg	|GA2~a2xGU4|
I	archsigns/|GA2~a2x(GU4.SZE3)|.jpg	|GA2~a2x(GU4.SZE3)|
I	archsigns/|GA2~a2xNI~a|.jpg	|GA2~a2xNI~a|
I	archsigns/|GA2~a2xNI~b|.jpg	|GA2~a2xNI~b|
I	archsigns/|GA2~a2xNIM~b1|.jpg	|GA2~a2xNIM~b1|
I	archsigns/|GA2~a2xSUHUR|.jpg	|GA2~a2xSUHUR|
I	archsigns/|GA2~a2xSZE3|.jpg	|GA2~a2xSZE3|
I	archsigns/|GA2~a2xX|.jpg	|GA2~a2xX|
I	archsigns/GA2~a3.jpg	GA2~a3
I	archsigns/|GA2~a3xX|.jpg	|GA2~a3xX|
I	archsigns/GA2~a4.jpg	GA2~a4
I	archsigns/GA2~b.jpg	GA2~b
I	archsigns/|GA2~bxDUB~a|.jpg	|GA2~bxDUB~a|
I	archsigns/|GA2~bxDUB~b|.jpg	|GA2~bxDUB~b|
I	archsigns/|GA2~bxKU3~a|.jpg	|GA2~bxKU3~a|
I	archsigns/|GA2~bxZATU659|.jpg	|GA2~bxZATU659|
I	archsigns/GA2~c.jpg	GA2~c
I	archsigns/GADA~a.jpg	GADA~a
I	archsigns/GADA~b.jpg	GADA~b
I	archsigns/GADA~b@g.jpg	GADA~b@g
I	archsigns/GAL~a.jpg	GAL~a
I	archsigns/GAL~b.jpg	GAL~b
I	archsigns/GALGA~a.jpg	GALGA~a
I	archsigns/GALGA~b.jpg	GALGA~b
I	archsigns/GAN~a.jpg	GAN~a
I	archsigns/GAN~b.jpg	GAN~b
I	archsigns/GAN~c.jpg	GAN~c
I	archsigns/|GAN~cxDIN|.jpg	|GAN~cxDIN|
I	archsigns/|GAN~cx(HI.DIN)|.jpg	|GAN~cx(HI.DIN)|
I	archsigns/|GAN~cxHI|.jpg	|GAN~cxHI|
I	archsigns/|GAN~cxKASZ~c|.jpg	|GAN~cxKASZ~c|
I	archsigns/|GAN~cx(KUR~a.A)|.jpg	|GAN~cx(KUR~a.A)|
I	archsigns/|GAN~cxLAGAB~b|.jpg	|GAN~cxLAGAB~b|
I	archsigns/|GAN~cxNE~a|.jpg	|GAN~cxNE~a|
I	archsigns/|GAN~cxSIG7|.jpg	|GAN~cxSIG7|
I	archsigns/|GAN~cxSZE~a|.jpg	|GAN~cxSZE~a|
I	archsigns/|GAN~cxSZE3@t|.jpg	|GAN~cxSZE3@t|
I	archsigns/|GAN~cxX|.jpg	|GAN~cxX|
I	archsigns/|GAN~cxZATU777|.jpg	|GAN~cxZATU777|
I	archsigns/GAN~d.jpg	GAN~d
I	archsigns/|GAN~dxGESZTU~a|.jpg	|GAN~dxGESZTU~a|
I	archsigns/|GAN~dxHI|.jpg	|GAN~dxHI|
I	archsigns/GAN2.jpg	GAN2
I	archsigns/GAR.jpg	GAR
I	archsigns/GAR@g~a.jpg	GAR@g~a
I	archsigns/GAR@g~b.jpg	GAR@g~b
I	archsigns/GAR@g~c.jpg	GAR@g~c
I	archsigns/GAR3.jpg	GAR3
I	archsigns/GARA2~a.jpg	GARA2~a
I	archsigns/GARA2~b.jpg	GARA2~b
I	archsigns/GAZI.jpg	GAZI
I	archsigns/GESZTIN~a.jpg	GESZTIN~a
I	archsigns/GESZTIN~c.jpg	GESZTIN~c
I	archsigns/|GESZTIN~cxX|.jpg	|GESZTIN~cxX|
I	archsigns/GESZTU~a.jpg	GESZTU~a
I	archsigns/|GESZTU~axSZE~a@t|.jpg	|GESZTU~axSZE~a@t|
I	archsigns/GESZTU~b.jpg	GESZTU~b
I	archsigns/GESZTU~c3.jpg	GESZTU~c3
I	archsigns/GESZTU~c5.jpg	GESZTU~c5
I	archsigns/GI.jpg	GI
I	archsigns/GI@t.jpg	GI@t
I	archsigns/|GI&GI|.jpg	|GI&GI|
I	archsigns/|GI&GI&GI|.jpg	|GI&GI&GI|
I	archsigns/|(GI&GI)xGISZ@t|.jpg	|(GI&GI)xGISZ@t|
I	archsigns/|(GI&GI)xX|.jpg	|(GI&GI)xX|
I	archsigns/|(GI+&GI)xSZE3|.jpg	|(GI+&GI)xSZE3|
I	archsigns/GI4~a.jpg	GI4~a
I	archsigns/|GI4~a&GI4~a|.jpg	|GI4~a&GI4~a|
I	archsigns/|GI4~axA|.jpg	|GI4~axA|
I	archsigns/GI4~b.jpg	GI4~b
I	archsigns/|GI4~b&GI4~b|.jpg	|GI4~b&GI4~b|
I	archsigns/GI6.jpg	GI6
I	archsigns/GIBIL.jpg	GIBIL
I	archsigns/GIBIL@t.jpg	GIBIL@t
I	archsigns/GIBIL6.jpg	GIBIL6
I	archsigns/GIG.jpg	GIG
I	archsigns/GIL.jpg	GIL
I	archsigns/GIR~a.jpg	GIR~a
I	archsigns/|GIR~a.KU6~a|.jpg	|GIR~a.KU6~a|
I	archsigns/|GIR~b.GIR~b|.jpg	|GIR~b.GIR~b|
I	archsigns/GIR~b.jpg	GIR~b
I	archsigns/GIR~c.jpg	GIR~c
I	archsigns/GIR~d.jpg	GIR~d
I	archsigns/GIR2~a.jpg	GIR2~a
I	archsigns/GIR2~b.jpg	GIR2~b
I	archsigns/GIR3@g~a.jpg	GIR3@g~a
I	archsigns/GIR3@g~b.jpg	GIR3@g~b
I	archsigns/GIR3@g~c.jpg	GIR3@g~c
I	archsigns/GIR3~a.jpg	GIR3~a
I	archsigns/|GIR3~axSZE~b|.jpg	|GIR3~axSZE~b|
I	archsigns/GIR3~b.jpg	GIR3~b
I	archsigns/GIR3~c.jpg	GIR3~c
I	archsigns/|GIR3~cxKAR2|.jpg	|GIR3~cxKAR2|
I	archsigns/|GIR3~cxSZE3|.jpg	|GIR3~cxSZE3|
I	archsigns/GIR4.jpg	GIR4
I	archsigns/GISAL~a.jpg	GISAL~a
I	archsigns/GISAL~b.jpg	GISAL~b
I	archsigns/GISZ.jpg	GISZ
I	archsigns/|GISZ.TE|.jpg	|GISZ.TE|
I	archsigns/|GISZ@t.E2~a|.jpg	|GISZ@t.E2~a|
I	archsigns/GISZ@t.jpg	GISZ@t
I	archsigns/GISZ~x.jpg	GISZ~x
I	archsigns/GISZ3~a.jpg	GISZ3~a
I	archsigns/|GISZ3~a&GISZ3~a|.jpg	|GISZ3~a&GISZ3~a|
I	archsigns/GISZ3~b.jpg	GISZ3~b
I	archsigns/GISZGAL.jpg	GISZGAL
I	archsigns/GISZIMMAR~a1.jpg	GISZIMMAR~a1
I	archsigns/GISZIMMAR~a2.jpg	GISZIMMAR~a2
I	archsigns/GISZIMMAR~a3.jpg	GISZIMMAR~a3
I	archsigns/GISZIMMAR~b1.jpg	GISZIMMAR~b1
I	archsigns/GISZIMMAR~b3.jpg	GISZIMMAR~b3
I	archsigns/|(GISZx(DIN.DIN))~a|.jpg	|(GISZx(DIN.DIN))~a|
I	archsigns/|(GISZx(DIN.DIN))~b|.jpg	|(GISZx(DIN.DIN))~b|
I	archsigns/|(GISZx(DIN.DIN))~c|.jpg	|(GISZx(DIN.DIN))~c|
I	archsigns/|GISZxSZU2~a|.jpg	|GISZxSZU2~a|
I	archsigns/|GISZxSZU2~b|.jpg	|GISZxSZU2~b|
I	archsigns/|GIx1(N14)|.jpg	|GIx1(N14)|
I	archsigns/|GIx1(N58)@t|.jpg	|GIx1(N58)@t|
I	archsigns/|GIxGISZ@t|.jpg	|GIxGISZ@t|
I	archsigns/|GIxKU~b1|.jpg	|GIxKU~b1|
I	archsigns/|GIxLAGAB~a|.jpg	|GIxLAGAB~a|
I	archsigns/|GIxNAM2|.jpg	|GIxNAM2|
I	archsigns/|GIxSIG2~d1|.jpg	|GIxSIG2~d1|
I	archsigns/|GIxSZE3|.jpg	|GIxSZE3|
I	archsigns/|GIxX|.jpg	|GIxX|
I	archsigns/GIZZAL~x.jpg	GIZZAL~x
I	archsigns/GU.jpg	GU
I	archsigns/GU2.jpg	GU2
I	archsigns/GU4.jpg	GU4
I	archsigns/|GU4.ZATU755~a|.jpg	|GU4.ZATU755~a|
I	archsigns/GU4@g.jpg	GU4@g
I	archsigns/GU7.jpg	GU7
I	archsigns/GUB3~a.jpg	GUB3~a
I	archsigns/GUB3~b.jpg	GUB3~b
I	archsigns/GUB3~c.jpg	GUB3~c
I	archsigns/GUB3~d.jpg	GUB3~d
I	archsigns/GUG2.jpg	GUG2
I	archsigns/GUG2@t.jpg	GUG2@t
I	archsigns/|GUG2xSILA3~a|.jpg	|GUG2xSILA3~a|
I	archsigns/|GUG2xSZITA~a1|.jpg	|GUG2xSZITA~a1|
I	archsigns/|GUG2xTUR|.jpg	|GUG2xTUR|
I	archsigns/|GUKKAL~a.HI@g~a|.jpg	|GUKKAL~a.HI@g~a|
I	archsigns/GUKKAL~a.jpg	GUKKAL~a
I	archsigns/GUKKAL~b.jpg	GUKKAL~b
I	archsigns/GUKKAL~c.jpg	GUKKAL~c
I	archsigns/GUKKAL~d.jpg	GUKKAL~d
I	archsigns/GUL.jpg	GUL
I	archsigns/GUM~a.jpg	GUM~a
I	archsigns/GUM~b.jpg	GUM~b
I	archsigns/GUM~b@n.jpg	GUM~b@n
I	archsigns/GUN3~a.jpg	GUN3~a
I	archsigns/GUN3~b.jpg	GUN3~b
I	archsigns/GUR.jpg	GUR
I	archsigns/GURUSZ~a.jpg	GURUSZ~a
I	archsigns/|GURUSZ~ax2(N14)|.jpg	|GURUSZ~ax2(N14)|
I	archsigns/GURUSZ~b.jpg	GURUSZ~b
I	archsigns/|GURUSZ~bx2(N14)|.jpg	|GURUSZ~bx2(N14)|
I	archsigns/|GURUSZ~cx2(N14)|.jpg	|GURUSZ~cx2(N14)|
I	archsigns/GURUSZDA.jpg	GURUSZDA
I	archsigns/HAL.jpg	HAL
I	archsigns/HALUB.jpg	HALUB
I	archsigns/HASZHUR.jpg	HASZHUR
I	archsigns/|HASZHURxMA|.jpg	|HASZHURxMA|
I	archsigns/HI.jpg	HI
I	archsigns/|HI.SUHUR|.jpg	|HI.SUHUR|
I	archsigns/HI@g~a.jpg	HI@g~a
I	archsigns/HI@g~b.jpg	HI@g~b
I	archsigns/HI@g~c.jpg	HI@g~c
I	archsigns/|HIx1(N01)F|.jpg	|HIx1(N01)F|
I	archsigns/|HIx1(N57)|.jpg	|HIx1(N57)|
I	archsigns/|HIx1(N57)@t|.jpg	|HIx1(N57)@t|
I	archsigns/|(HIx1(N57))&(HI+1(N57))|.jpg	|(HIx1(N57))&(HI+1(N57))|
I	archsigns/|HIx1(N58)|.jpg	|HIx1(N58)|
I	archsigns/|HIxLAGAB~a|.jpg	|HIxLAGAB~a|
I	archsigns/|HIxSZE3@t|.jpg	|HIxSZE3@t|
I	archsigns/|HIxZATU707~a|.jpg	|HIxZATU707~a|
I	archsigns/HUB2.jpg	HUB2
I	archsigns/I.jpg	I
I	archsigns/IB~a.jpg	IB~a
I	archsigns/|IB~a@n|.jpg	|IB~a@n|
I	archsigns/IB~b.jpg	IB~b
I	archsigns/IDIGNA.jpg	IDIGNA
I	archsigns/IG~a.jpg	IG~a
I	archsigns/IG~b.jpg	IG~b
I	archsigns/IGI.jpg	IGI
I	archsigns/IL.jpg	IL
I	archsigns/ILDUM~a.jpg	ILDUM~a
I	archsigns/ILDUM~b.jpg	ILDUM~b
I	archsigns/IM~a.jpg	IM~a
I	archsigns/IM~a@g.jpg	IM~a@g
I	archsigns/IM~b.jpg	IM~b
I	archsigns/IN~b.jpg	IN~b
I	archsigns/IN~d.jpg	IN~d
I	archsigns/|IR~a.GA2~a1|.jpg	|IR~a.GA2~a1|
I	archsigns/IR~a.jpg	IR~a
I	archsigns/IR~b.jpg	IR~b
I	archsigns/IR~c.jpg	IR~c
I	archsigns/IR~d.jpg	IR~d
I	archsigns/IR11.jpg	IR11
I	archsigns/IRHAN.jpg	IRHAN
I	archsigns/ISZ~a.jpg	ISZ~a
I	archsigns/ISZ~b.jpg	ISZ~b
I	archsigns/ISZ~c.jpg	ISZ~c
I	archsigns/KA~a.jpg	KA~a
I	archsigns/|KA~a.SZE~a|.jpg	|KA~a.SZE~a|
I	archsigns/|KA~axSAR~a|.jpg	|KA~axSAR~a|
I	archsigns/KA2~a.jpg	KA2~a
I	archsigns/KA2~b.jpg	KA2~b
I	archsigns/KA2~c.jpg	KA2~c
I	archsigns/KA2~d.jpg	KA2~d
I	archsigns/|KA2xLAM|.jpg	|KA2xLAM|
I	archsigns/KAB.jpg	KAB
I	archsigns/|KABx1(N58)|.jpg	|KABx1(N58)|
I	archsigns/KAD4~a.jpg	KAD4~a
I	archsigns/KAD4~b.jpg	KAD4~b
I	archsigns/KAD4~c1.jpg	KAD4~c1
I	archsigns/KAD4~c2.jpg	KAD4~c2
I	archsigns/|KAK~a.GA2~a1|.jpg	|KAK~a.GA2~a1|
I	archsigns/KAK~a.jpg	KAK~a
I	archsigns/KAK~b.jpg	KAK~b
I	archsigns/KAL~a.jpg	KAL~a
I	archsigns/KAL~b1.jpg	KAL~b1
I	archsigns/KAL~b2.jpg	KAL~b2
I	archsigns/KALAM~a.jpg	KALAM~a
I	archsigns/KALAM~b.jpg	KALAM~b
I	archsigns/KALAM~c.jpg	KALAM~c
I	archsigns/KALAM~d.jpg	KALAM~d
I	archsigns/KALAM~e.jpg	KALAM~e
I	archsigns/KALAM~f.jpg	KALAM~f
I	archsigns/KAR.jpg	KAR
I	archsigns/KAR2~a.jpg	KAR2~a
I	archsigns/KAR2~b.jpg	KAR2~b
I	archsigns/KASKAL.jpg	KASKAL
I	archsigns/|KASKAL@g|.jpg	|KASKAL@g|
I	archsigns/KASZ~a.jpg	KASZ~a
I	archsigns/KASZ~b.jpg	KASZ~b
I	archsigns/|KASZ~b@t|.jpg	|KASZ~b@t|
I	archsigns/|KASZ~bxSZE~a|.jpg	|KASZ~bxSZE~a|
I	archsigns/KASZ~c.jpg	KASZ~c
I	archsigns/KASZ~d.jpg	KASZ~d
I	archsigns/KESZ2.jpg	KESZ2
I	archsigns/KI.jpg	KI
I	archsigns/KI@n.jpg	KI@n
I	archsigns/|KI@nxDUB~a|.jpg	|KI@nxDUB~a|
I	archsigns/KIB.jpg	KIB
I	archsigns/KIB@g.jpg	KIB@g
I	archsigns/KID~a.jpg	KID~a
I	archsigns/KID~b.jpg	KID~b
I	archsigns/KID~c.jpg	KID~c
I	archsigns/KID~d.jpg	KID~d
I	archsigns/KID~e.jpg	KID~e
I	archsigns/KIN.jpg	KIN
I	archsigns/KIN2~a.jpg	KIN2~a
I	archsigns/KIN2~c.jpg	KIN2~c
I	archsigns/KIN2~d.jpg	KIN2~d
I	archsigns/KIN2~e.jpg	KIN2~e
I	archsigns/KINGAL.jpg	KINGAL
I	archsigns/KIR11.jpg	KIR11
I	archsigns/KISAL~a1.jpg	KISAL~a1
I	archsigns/KISAL~a2.jpg	KISAL~a2
I	archsigns/KISAL~b1.jpg	KISAL~b1
I	archsigns/KISAL~b2.jpg	KISAL~b2
I	archsigns/|KISAL~b2@t|.jpg	|KISAL~b2@t|
I	archsigns/KISAL~b3.jpg	KISAL~b3
I	archsigns/KISIM~a.jpg	KISIM~a
I	archsigns/KISIM~b.jpg	KISIM~b
I	archsigns/KISIM~c.jpg	KISIM~c
I	archsigns/KISZ.jpg	KISZ
I	archsigns/KISZIK~a.jpg	KISZIK~a
I	archsigns/KISZIK~b.jpg	KISZIK~b
I	archsigns/KITI.jpg	KITI
I	archsigns/KU~a.jpg	KU~a
I	archsigns/KU~a@t.jpg	KU~a@t
I	archsigns/KU~b1.jpg	KU~b1
I	archsigns/KU~b2.jpg	KU~b2
I	archsigns/KU3~a.jpg	KU3~a
I	archsigns/KU3~c.jpg	KU3~c
I	archsigns/|KU6~a.1(N02)|.jpg	|KU6~a.1(N02)|
I	archsigns/KU6~a.jpg	KU6~a
I	archsigns/KU6~a@s.jpg	KU6~a@s
I	archsigns/|KU6~a+GISZ|.jpg	|KU6~a+GISZ|
I	archsigns/|KU6~a+KU6~a|.jpg	|KU6~a+KU6~a|
I	archsigns/KU6~c.jpg	KU6~c
I	archsigns/KU6~d.jpg	KU6~d
I	archsigns/KUN.jpg	KUN
I	archsigns/|KUR@g~a|.jpg	|KUR@g~a|
I	archsigns/|KUR@g~b|.jpg	|KUR@g~b|
I	archsigns/|KUR~a.E2~a|.jpg	|KUR~a.E2~a|
I	archsigns/KUR~a.jpg	KUR~a
I	archsigns/|KUR~a.NUNUZ~a1|.jpg	|KUR~a.NUNUZ~a1|
I	archsigns/|KUR~b.E2~a|.jpg	|KUR~b.E2~a|
I	archsigns/KUR~b.jpg	KUR~b
I	archsigns/KUR~c.jpg	KUR~c
I	archsigns/KUR~d.jpg	KUR~d
I	archsigns/KUSZU2~a.jpg	KUSZU2~a
I	archsigns/KUSZU2~b.jpg	KUSZU2~b
I	archsigns/KUSZU2~c.jpg	KUSZU2~c
I	archsigns/KUSZU2~d.jpg	KUSZU2~d
I	archsigns/KUSZU2~e.jpg	KUSZU2~e
I	archsigns/KUSZU2~f.jpg	KUSZU2~f
I	archsigns/LA~b.jpg	LA~b
I	archsigns/LA~c.jpg	LA~c
I	archsigns/LA~d.jpg	LA~d
I	archsigns/LA~e.jpg	LA~e
I	archsigns/LA2.jpg	LA2
I	archsigns/LAGAB~a.jpg	LAGAB~a
I	archsigns/|LAGAB~ax2(N14)|.jpg	|LAGAB~ax2(N14)|
I	archsigns/|LAGAB~axBA|.jpg	|LAGAB~axBA|
I	archsigns/|LAGAB~axBIR3~b|.jpg	|LAGAB~axBIR3~b|
I	archsigns/|LAGAB~axDU6~b|.jpg	|LAGAB~axDU6~b|
I	archsigns/|LAGAB~axKAK~a|.jpg	|LAGAB~axKAK~a|
I	archsigns/|LAGAB~axKU6~a|.jpg	|LAGAB~axKU6~a|
I	archsigns/|LAGAB~ax(KU6~a+KU6~a)|.jpg	|LAGAB~ax(KU6~a+KU6~a)|
I	archsigns/|LAGAB~axKUSZU2~b|.jpg	|LAGAB~axKUSZU2~b|
I	archsigns/|LAGAB~axLAGAB~a|.jpg	|LAGAB~axLAGAB~a|
I	archsigns/|LAGAB~axME~a|.jpg	|LAGAB~axME~a|
I	archsigns/|LAGAB~axNUN~b|.jpg	|LAGAB~axNUN~b|
I	archsigns/|LAGAB~axPA~a|.jpg	|LAGAB~axPA~a|
I	archsigns/|LAGAB~axSI|.jpg	|LAGAB~axSI|
I	archsigns/|LAGAB~axSIG7|.jpg	|LAGAB~axSIG7|
I	archsigns/|LAGAB~axSU~a|.jpg	|LAGAB~axSU~a|
I	archsigns/|LAGAB~axSZA|.jpg	|LAGAB~axSZA|
I	archsigns/|LAGAB~axSZITA~a1|.jpg	|LAGAB~axSZITA~a1|
I	archsigns/|LAGAB~axTI|.jpg	|LAGAB~axTI|
I	archsigns/|LAGAB~axU4|.jpg	|LAGAB~axU4|
I	archsigns/|LAGAB~axUB|.jpg	|LAGAB~axUB|
I	archsigns/|LAGAB~axX|.jpg	|LAGAB~axX|
I	archsigns/|LAGAB~axZATU753|.jpg	|LAGAB~axZATU753|
I	archsigns/LAGAB~b.jpg	LAGAB~b
I	archsigns/|LAGAB~bx1(N01)|.jpg	|LAGAB~bx1(N01)|
I	archsigns/|LAGAB~bxBANSZUR~a|.jpg	|LAGAB~bxBANSZUR~a|
I	archsigns/|LAGAB~bxGA'AR~a1|.jpg	|LAGAB~bxGA'AR~a1|
I	archsigns/|LAGAB~bxHI|.jpg	|LAGAB~bxHI|
I	archsigns/|LAGAB~bxKUR~e|.jpg	|LAGAB~bxKUR~e|
I	archsigns/|LAGAB~bxLAGAB~b|.jpg	|LAGAB~bxLAGAB~b|
I	archsigns/|LAGAB~bxPA~a|.jpg	|LAGAB~bxPA~a|
I	archsigns/|LAGAB~bxSI|.jpg	|LAGAB~bxSI|
I	archsigns/|LAGAB~bxSUH|3.jpg	|LAGAB~bxSUH|3
I	archsigns/|LAGAB~bxSZITA~c|.jpg	|LAGAB~bxSZITA~c|
I	archsigns/|LAGAB~bxU4|.jpg	|LAGAB~bxU4|
I	archsigns/|LAGAB~bxX|.jpg	|LAGAB~bxX|
I	archsigns/LAGAR~a.jpg	LAGAR~a
I	archsigns/LAGAR~a@r.jpg	LAGAR~a@r
I	archsigns/LAGAR~b1.jpg	LAGAR~b1
I	archsigns/LAGAR~b2.jpg	LAGAR~b2
I	archsigns/LAGAR~c.jpg	LAGAR~c
I	archsigns/LAHTAN2.jpg	LAHTAN2
I	archsigns/LAK025.jpg	LAK025
I	archsigns/LAK050.jpg	LAK050
I	archsigns/LAK172.jpg	LAK172
I	archsigns/LAK251.jpg	LAK251
I	archsigns/LAK350.jpg	LAK350
I	archsigns/LAK777.jpg	LAK777
I	archsigns/LAL2~a.jpg	LAL2~a
I	archsigns/|LAL2~axEZEN~a|.jpg	|LAL2~axEZEN~a|
I	archsigns/|LAL2~axNIM~b2|.jpg	|LAL2~axNIM~b2|
I	archsigns/LAL2~b.jpg	LAL2~b
I	archsigns/LAL3~a.jpg	LAL3~a
I	archsigns/LAL3~b.jpg	LAL3~b
I	archsigns/LAL3~c.jpg	LAL3~c
I	archsigns/LAM~a.jpg	LAM~a
I	archsigns/LAM~b.jpg	LAM~b
I	archsigns/LAM~b@r.jpg	LAM~b@r
I	archsigns/LAM~b@s.jpg	LAM~b@s
I	archsigns/|LAM~b@t|.jpg	|LAM~b@t|
I	archsigns/LAM~c.jpg	LAM~c
I	archsigns/LI.jpg	LI
I	archsigns/LISZ.jpg	LISZ
I	archsigns/LU2.jpg	LU2
I	archsigns/LU2@t.jpg	LU2@t
I	archsigns/|LU2xGESZTU~c3|.jpg	|LU2xGESZTU~c3|
I	archsigns/LUGAL.jpg	LUGAL
I	archsigns/LUM.jpg	LUM
I	archsigns/MA.jpg	MA
I	archsigns/MA2.jpg	MA2
I	archsigns/MAGUR~a.jpg	MAGUR~a
I	archsigns/MAGUR~b.jpg	MAGUR~b
I	archsigns/MAH~a.jpg	MAH~a
I	archsigns/|MAH~axAB2|.jpg	|MAH~axAB2|
I	archsigns/|MAH~axGUKKAL~a|.jpg	|MAH~axGUKKAL~a|
I	archsigns/|MAH~axKU6~a|.jpg	|MAH~axKU6~a|
I	archsigns/|MAH~axMASZ|.jpg	|MAH~axMASZ|
I	archsigns/|MAH~axNA~a|.jpg	|MAH~axNA~a|
I	archsigns/|MAH~ax(SILA3~axUMBIN~a)|.jpg	|MAH~ax(SILA3~axUMBIN~a)|
I	archsigns/|MAH~axTUG2~a|.jpg	|MAH~axTUG2~a|
I	archsigns/|MAH~axUD5~a|.jpg	|MAH~axUD5~a|
I	archsigns/|MAH~axUDU~a|.jpg	|MAH~axUDU~a|
I	archsigns/|MAH~axUR~a|.jpg	|MAH~axUR~a|
I	archsigns/|MAH~axUTUA~a|.jpg	|MAH~axUTUA~a|
I	archsigns/|MAH~axX|.jpg	|MAH~axX|
I	archsigns/|MAH~axZATU659|.jpg	|MAH~axZATU659|
I	archsigns/MAH~b.jpg	MAH~b
I	archsigns/|MAH~bxKU6~a|.jpg	|MAH~bxKU6~a|
I	archsigns/|MAH~bxMASZ|.jpg	|MAH~bxMASZ|
I	archsigns/|MAH~bxNA~a|.jpg	|MAH~bxNA~a|
I	archsigns/|MAH~bxSAL|.jpg	|MAH~bxSAL|
I	archsigns/MAR~a.jpg	MAR~a
I	archsigns/MAR~a@t.jpg	MAR~a@t
I	archsigns/MAR~b.jpg	MAR~b
I	archsigns/|MAR~bx(LAGAB~b.SZE3)|.jpg	|MAR~bx(LAGAB~b.SZE3)|
I	archsigns/|MAR~bxSZE~a|.jpg	|MAR~bxSZE~a|
I	archsigns/|MAR~bxX|.jpg	|MAR~bxX|
I	archsigns/MASZ.jpg	MASZ
I	archsigns/MASZ2.jpg	MASZ2
I	archsigns/MASZ2@g.jpg	MASZ2@g
I	archsigns/|MAx1(N58)|.jpg	|MAx1(N58)|
I	archsigns/|MAx2(N57)|.jpg	|MAx2(N57)|
I	archsigns/|MAxA|.jpg	|MAxA|
I	archsigns/|MAxMA|.jpg	|MAxMA|
I	archsigns/|MAxX|.jpg	|MAxX|
I	archsigns/ME~a.jpg	ME~a
I	archsigns/ME~b.jpg	ME~b
I	archsigns/ME3.jpg	ME3
I	archsigns/MEN~a.jpg	MEN~a
I	archsigns/MEN~b.jpg	MEN~b
I	archsigns/MES.jpg	MES
I	archsigns/MIR~a.jpg	MIR~a
I	archsigns/MIR~b.jpg	MIR~b
I	archsigns/MU.jpg	MU
I	archsigns/MUD.jpg	MUD
I	archsigns/MUD3~a.jpg	MUD3~a
I	archsigns/MUD3~a@g.jpg	MUD3~a@g
I	archsigns/|MUD3~a@gxGU|.jpg	|MUD3~a@gxGU|
I	archsigns/MUD3~b.jpg	MUD3~b
I	archsigns/MUD3~c.jpg	MUD3~c
I	archsigns/MUD3~d.jpg	MUD3~d
I	archsigns/MUL.jpg	MUL
I	archsigns/MUN~a1.jpg	MUN~a1
I	archsigns/MUN~a2.jpg	MUN~a2
I	archsigns/MUN~a3.jpg	MUN~a3
I	archsigns/MUN~a4.jpg	MUN~a4
I	archsigns/MUN~b.jpg	MUN~b
I	archsigns/MUNSZUB~a.jpg	MUNSZUB~a
I	archsigns/MUNSZUB~b.jpg	MUNSZUB~b
I	archsigns/MUNU3.jpg	MUNU3
I	archsigns/MURUB2.jpg	MURUB2
I	archsigns/MUSZ.jpg	MUSZ
I	archsigns/MUSZ3~a.jpg	MUSZ3~a
I	archsigns/MUSZ3~a@g.jpg	MUSZ3~a@g
I	archsigns/MUSZ3~b.jpg	MUSZ3~b
I	archsigns/MUSZEN.jpg	MUSZEN
I	archsigns/|MUSZEN.UR3~b2|.jpg	|MUSZEN.UR3~b2|
I	archsigns/|MUSZENx1(N57)|.jpg	|MUSZENx1(N57)|
I	archsigns/|MUSZENx2(N57)|.jpg	|MUSZENx2(N57)|
I	archsigns/|MUSZENx3(N57)|.jpg	|MUSZENx3(N57)|
I	archsigns/|MUSZENxPAP~a|.jpg	|MUSZENxPAP~a|
I	archsigns/|MUSZENxX|.jpg	|MUSZENxX|
I	archsigns/NA~a.jpg	NA~a
I	archsigns/NA~b.jpg	NA~b
I	archsigns/NA~c.jpg	NA~c
I	archsigns/NA~d.jpg	NA~d
I	archsigns/NA2~a.jpg	NA2~a
I	archsigns/NA2~b1.jpg	NA2~b1
I	archsigns/NA2~b2.jpg	NA2~b2
I	archsigns/NAB.jpg	NAB
I	archsigns/NAGA~a.jpg	NAGA~a
I	archsigns/|NAGA~axTAK4~a|.jpg	|NAGA~axTAK4~a|
I	archsigns/NAGA~b.jpg	NAGA~b
I	archsigns/NAGAR~a.jpg	NAGAR~a
I	archsigns/NAGAR~b.jpg	NAGAR~b
I	archsigns/NAM~a.jpg	NAM~a
I	archsigns/NAM~b.jpg	NAM~b
I	archsigns/NAM~c.jpg	NAM~c
I	archsigns/NAM~d.jpg	NAM~d
I	archsigns/NAM2.jpg	NAM2
I	archsigns/NAM2@g.jpg	NAM2@g
I	archsigns/NAM2@t.jpg	NAM2@t
I	archsigns/|NAM2x1(N01)|.jpg	|NAM2x1(N01)|
I	archsigns/NAMESZDA.jpg	NAMESZDA
I	archsigns/NANNA~a.jpg	NANNA~a
I	archsigns/NANNA~b.jpg	NANNA~b
I	archsigns/NANSZE~a.jpg	NANSZE~a
I	archsigns/NANSZE~b.jpg	NANSZE~b
I	archsigns/NAR.jpg	NAR
I	archsigns/NE~a.jpg	NE~a
I	archsigns/NE~b.jpg	NE~b
I	archsigns/NE~c.jpg	NE~c
I	archsigns/NE~d.jpg	NE~d
I	archsigns/NERGAL~x.jpg	NERGAL~x
I	archsigns/NESAG2~a.jpg	NESAG2~a
I	archsigns/NESAG2~b.jpg	NESAG2~b
I	archsigns/NESAG2~b@t.jpg	NESAG2~b@t
I	archsigns/NI~a.jpg	NI~a
I	archsigns/|NI~a.RU|.jpg	|NI~a.RU|
I	archsigns/NI~a@g.jpg	NI~a@g
I	archsigns/|NI~ax1(N57)|.jpg	|NI~ax1(N57)|
I	archsigns/NI~b.jpg	NI~b
I	archsigns/|NI~bx4(N57)|.jpg	|NI~bx4(N57)|
I	archsigns/|NI~bxX|.jpg	|NI~bxX|
I	archsigns/NI2.jpg	NI2
I	archsigns/NIGIN.jpg	NIGIN
I	archsigns/NIM~a.jpg	NIM~a
I	archsigns/NIM~b1.jpg	NIM~b1
I	archsigns/NIM~b2.jpg	NIM~b2
I	archsigns/NIM~b3.jpg	NIM~b3
I	archsigns/NIMGIR.jpg	NIMGIR
I	archsigns/NIN.jpg	NIN
I	archsigns/NINDA2.jpg	NINDA2
I	archsigns/|NINDA2x1(N01)|.jpg	|NINDA2x1(N01)|
I	archsigns/|NINDA2x1(N06)|.jpg	|NINDA2x1(N06)|
I	archsigns/|NINDA2x1(N08)|.jpg	|NINDA2x1(N08)|
I	archsigns/|NINDA2x2(N01)|.jpg	|NINDA2x2(N01)|
I	archsigns/|NINDA2x(AN.HI)|.jpg	|NINDA2x(AN.HI)|
I	archsigns/|NINDA2xAN|.jpg	|NINDA2xAN|
I	archsigns/|NINDA2x(AN.ME~a)|.jpg	|NINDA2x(AN.ME~a)|
I	archsigns/|NINDA2x(AN.X)|.jpg	|NINDA2x(AN.X)|
I	archsigns/|NINDA2xBA|.jpg	|NINDA2xBA|
I	archsigns/|NINDA2xEZEN~b|.jpg	|NINDA2xEZEN~b|
I	archsigns/|NINDA2xGA'AR~a1|.jpg	|NINDA2xGA'AR~a1|
I	archsigns/|NINDA2xGAR|.jpg	|NINDA2xGAR|
I	archsigns/|NINDA2x(GISZ.DAR~a)|.jpg	|NINDA2x(GISZ.DAR~a)|
I	archsigns/|NINDA2xGISZ|.jpg	|NINDA2xGISZ|
I	archsigns/|NINDA2xGU4|.jpg	|NINDA2xGU4|
I	archsigns/|NINDA2xGUDU4|.jpg	|NINDA2xGUDU4|
I	archsigns/|NINDA2x(HI.AN.ME~a)|.jpg	|NINDA2x(HI.AN.ME~a)|
I	archsigns/|NINDA2xHI|.jpg	|NINDA2xHI|
I	archsigns/|NINDA2x(HI.ME~a)|.jpg	|NINDA2x(HI.ME~a)|
I	archsigns/|NINDA2x(HI.X)|.jpg	|NINDA2x(HI.X)|
I	archsigns/|NINDA2x(HI@g~a.1(N06))|.jpg	|NINDA2x(HI@g~a.1(N06))|
I	archsigns/|NINDA2xKASZ~b|.jpg	|NINDA2xKASZ~b|
I	archsigns/|NINDA2xMAR~b|.jpg	|NINDA2xMAR~b|
I	archsigns/|NINDA2xNE~a|.jpg	|NINDA2xNE~a|
I	archsigns/|NINDA2xSZIM~a|.jpg	|NINDA2xSZIM~a|
I	archsigns/|NINDA2xU4|.jpg	|NINDA2xU4|
I	archsigns/|NINDA2x(U4.X)|.jpg	|NINDA2x(U4.X)|
I	archsigns/|NINDA2x((UDU~axTAR)~a)|.jpg	|NINDA2x((UDU~axTAR)~a)|
I	archsigns/|NINDA2xX|.jpg	|NINDA2xX|
I	archsigns/|NINDA2x(X.MASZ)|.jpg	|NINDA2x(X.MASZ)|
I	archsigns/|NINDA2x(ZATU659x1(N01))|.jpg	|NINDA2x(ZATU659x1(N01))|
I	archsigns/NINKUM.jpg	NINKUM
I	archsigns/NINLIL.jpg	NINLIL
I	archsigns/NIR~a.jpg	NIR~a
I	archsigns/|NIR~axAN|.jpg	|NIR~axAN|
I	archsigns/NIR~b.jpg	NIR~b
I	archsigns/NU.jpg	NU
I	archsigns/NU@g.jpg	NU@g
I	archsigns/NU11.jpg	NU11
I	archsigns/|NU11@t|.jpg	|NU11@t|
I	archsigns/|NU11&NU11|.jpg	|NU11&NU11|
I	archsigns/NUMUN.jpg	NUMUN
I	archsigns/NUMUN2.jpg	NUMUN2
I	archsigns/NUN~a.jpg	NUN~a
I	archsigns/|NUN~a+A|.jpg	|NUN~a+A|
I	archsigns/|NUN~a+EN~a|.jpg	|NUN~a+EN~a|
I	archsigns/|NUN~a+EN~b|.jpg	|NUN~a+EN~b|
I	archsigns/|NUN~a+EN~d|.jpg	|NUN~a+EN~d|
I	archsigns/|NUN~a+NAM2|.jpg	|NUN~a+NAM2|
I	archsigns/NUN~b.jpg	NUN~b
I	archsigns/|NUN~b+EN~a|.jpg	|NUN~b+EN~a|
I	archsigns/NUN~c.jpg	NUN~c
I	archsigns/NUN~d.jpg	NUN~d
I	archsigns/NUNUZ~a0.jpg	NUNUZ~a0
I	archsigns/NUNUZ~a1.jpg	NUNUZ~a1
I	archsigns/|NUNUZ~a1@t|.jpg	|NUNUZ~a1@t|
I	archsigns/NUNUZ~a2.jpg	NUNUZ~a2
I	archsigns/NUNUZ~b1.jpg	NUNUZ~b1
I	archsigns/NUNUZ~b2.jpg	NUNUZ~b2
I	archsigns/NUNUZ~c.jpg	NUNUZ~c
I	archsigns/PA~a.jpg	PA~a
I	archsigns/PA~b.jpg	PA~b
I	archsigns/PA3.jpg	PA3
I	archsigns/PAD~a.jpg	PAD~a
I	archsigns/PAD~b.jpg	PAD~b
I	archsigns/PAP~a.jpg	PAP~a
I	archsigns/PAP~a@t.jpg	PAP~a@t
I	archsigns/PAP~b.jpg	PAP~b
I	archsigns/PIRIG~a1.jpg	PIRIG~a1
I	archsigns/PIRIG~a2.jpg	PIRIG~a2
I	archsigns/PIRIG~a3.jpg	PIRIG~a3
I	archsigns/PIRIG~b1.jpg	PIRIG~b1
I	archsigns/|PIRIG~b1xUR2|.jpg	|PIRIG~b1xUR2|
I	archsigns/PIRIG~b2.jpg	PIRIG~b2
I	archsigns/PU2.jpg	PU2
I	archsigns/RA.jpg	RA
I	archsigns/RAD~a.jpg	RAD~a
I	archsigns/RAD~a@g.jpg	RAD~a@g
I	archsigns/|RAD~a@t|.jpg	|RAD~a@t|
I	archsigns/RAD~b.jpg	RAD~b
I	archsigns/RI.jpg	RI
I	archsigns/RI~x.jpg	RI~x
I	archsigns/RI8~a.jpg	RI8~a
I	archsigns/RI8~b.jpg	RI8~b
I	archsigns/RU.jpg	RU
I	archsigns/|RU@t|.jpg	|RU@t|
I	archsigns/SA~a.jpg	SA~a
I	archsigns/SA~c.jpg	SA~c
I	archsigns/SAG.jpg	SAG
I	archsigns/SAG@g.jpg	SAG@g
I	archsigns/SAG@n.jpg	SAG@n
I	archsigns/SAGSZU.jpg	SAGSZU
I	archsigns/|SAGx1(N14)|.jpg	|SAGx1(N14)|
I	archsigns/|SAGxGESZTU~a|.jpg	|SAGxGESZTU~a|
I	archsigns/|SAGxGESZTU~b|.jpg	|SAGxGESZTU~b|
I	archsigns/|SAGxGESZTU~c|.jpg	|SAGxGESZTU~c|
I	archsigns/|SAGxLAM~c|.jpg	|SAGxLAM~c|
I	archsigns/|SAGxMA|.jpg	|SAGxMA|
I	archsigns/|SAGxSAR~a|.jpg	|SAGxSAR~a|
I	archsigns/SAL.jpg	SAL
I	archsigns/|SAL.KUR~a|.jpg	|SAL.KUR~a|
I	archsigns/|SAL.LAM~b|.jpg	|SAL.LAM~b|
I	archsigns/|SAL.SZU2|.jpg	|SAL.SZU2|
I	archsigns/|SALx1(N58)|.jpg	|SALx1(N58)|
I	archsigns/SANGA~a.jpg	SANGA~a
I	archsigns/SANGA~b.jpg	SANGA~b
I	archsigns/SANGA~c.jpg	SANGA~c
I	archsigns/SAR~a.jpg	SAR~a
I	archsigns/|SAR~axSZE~a|.jpg	|SAR~axSZE~a|
I	archsigns/SAR~b.jpg	SAR~b
I	archsigns/SAR~c.jpg	SAR~c
I	archsigns/SI.jpg	SI
I	archsigns/SI4~a.jpg	SI4~a
I	archsigns/SI4~b.jpg	SI4~b
I	archsigns/SI4~c.jpg	SI4~c
I	archsigns/SI4~d.jpg	SI4~d
I	archsigns/SI4~f.jpg	SI4~f
I	archsigns/SIG.jpg	SIG
I	archsigns/SIG2~a1.jpg	SIG2~a1
I	archsigns/SIG2~a2.jpg	SIG2~a2
I	archsigns/SIG2~a3.jpg	SIG2~a3
I	archsigns/SIG2~a4.jpg	SIG2~a4
I	archsigns/SIG2~b.jpg	SIG2~b
I	archsigns/|SIG2~b.SIG2~b|.jpg	|SIG2~b.SIG2~b|
I	archsigns/|SIG2~bx1(N14)|.jpg	|SIG2~bx1(N14)|
I	archsigns/SIG2~c1.jpg	SIG2~c1
I	archsigns/SIG2~c2.jpg	SIG2~c2
I	archsigns/SIG2~d1.jpg	SIG2~d1
I	archsigns/SIG2~d2.jpg	SIG2~d2
I	archsigns/SIG2~d3.jpg	SIG2~d3
I	archsigns/SIG2~d4.jpg	SIG2~d4
I	archsigns/SIG2~e.jpg	SIG2~e
I	archsigns/SIG4.jpg	SIG4
I	archsigns/SIG7.jpg	SIG7
I	archsigns/|SIGx1(N57)|.jpg	|SIGx1(N57)|
I	archsigns/SIKIL.jpg	SIKIL
I	archsigns/SILA3~a.jpg	SILA3~a
I	archsigns/|SILA3~ax1(N57)|.jpg	|SILA3~ax1(N57)|
I	archsigns/|SILA3~ax1(N58)|.jpg	|SILA3~ax1(N58)|
I	archsigns/|SILA3~axA|.jpg	|SILA3~axA|
I	archsigns/|SILA3~axAMAR|.jpg	|SILA3~axAMAR|
I	archsigns/|SILA3~axDUG~a|.jpg	|SILA3~axDUG~a|
I	archsigns/|SILA3~axDUG~b|.jpg	|SILA3~axDUG~b|
I	archsigns/|SILA3~axGA~a|.jpg	|SILA3~axGA~a|
I	archsigns/|SILA3~axGARA2~a|.jpg	|SILA3~axGARA2~a|
I	archsigns/|SILA3~axGESZTU~a|.jpg	|SILA3~axGESZTU~a|
I	archsigns/|SILA3~axGESZTU~c3|.jpg	|SILA3~axGESZTU~c3|
I	archsigns/|SILA3~axGESZTU~c5|.jpg	|SILA3~axGESZTU~c5|
I	archsigns/|SILA3~axHASZHUR|.jpg	|SILA3~axHASZHUR|
I	archsigns/|SILA3~axHI|.jpg	|SILA3~axHI|
I	archsigns/|SILA3~axHI@g~a|.jpg	|SILA3~axHI@g~a|
I	archsigns/|SILA3~axIB~a|.jpg	|SILA3~axIB~a|
I	archsigns/|SILA3~axKASZ~a|.jpg	|SILA3~axKASZ~a|
I	archsigns/|SILA3~axKASZ~c|.jpg	|SILA3~axKASZ~c|
I	archsigns/|SILA3~axKASZ~d|.jpg	|SILA3~axKASZ~d|
I	archsigns/|SILA3~axKU6~a|.jpg	|SILA3~axKU6~a|
I	archsigns/|SILA3~axKUR~a|.jpg	|SILA3~axKUR~a|
I	archsigns/|SILA3~axMA|.jpg	|SILA3~axMA|
I	archsigns/|SILA3~axMASZ|.jpg	|SILA3~axMASZ|
I	archsigns/|SILA3~axNAGA~a|.jpg	|SILA3~axNAGA~a|
I	archsigns/|SILA3~axNI~a|.jpg	|SILA3~axNI~a|
I	archsigns/|SILA3~axNUN~b|.jpg	|SILA3~axNUN~b|
I	archsigns/|SILA3~axSUHUR|.jpg	|SILA3~axSUHUR|
I	archsigns/|SILA3~axSUM~a|.jpg	|SILA3~axSUM~a|
I	archsigns/|SILA3~axSUM~b|.jpg	|SILA3~axSUM~b|
I	archsigns/|SILA3~axSZE~a|.jpg	|SILA3~axSZE~a|
I	archsigns/|SILA3~axSZE~a@t|.jpg	|SILA3~axSZE~a@t|
I	archsigns/|SILA3~axSZU|.jpg	|SILA3~axSZU|
I	archsigns/|SILA3~axSZU2|.jpg	|SILA3~axSZU2|
I	archsigns/|SILA3~axX|.jpg	|SILA3~axX|
I	archsigns/|SILA3~axZATU629|.jpg	|SILA3~axZATU629|
I	archsigns/|SILA3~axZATU646|.jpg	|SILA3~axZATU646|
I	archsigns/|SILA3~ax(ZATU659.TU~c)|.jpg	|SILA3~ax(ZATU659.TU~c)|
I	archsigns/SILA3~b.jpg	SILA3~b
I	archsigns/|SILA3~bxDUG~a|.jpg	|SILA3~bxDUG~a|
I	archsigns/|SILA3~bxGUG2|.jpg	|SILA3~bxGUG2|
I	archsigns/|SILA3~bxNAGA~b|.jpg	|SILA3~bxNAGA~b|
I	archsigns/|SILA3~bxNI~a|.jpg	|SILA3~bxNI~a|
I	archsigns/|SILA3~bxNI~b|.jpg	|SILA3~bxNI~b|
I	archsigns/SILA3~c.jpg	SILA3~c
I	archsigns/|SILA3~cxSZU|.jpg	|SILA3~cxSZU|
I	archsigns/|SILA3~cxZATU687|.jpg	|SILA3~cxZATU687|
I	archsigns/|SILA3~dxNI~a|.jpg	|SILA3~dxNI~a|
I	archsigns/SILA4~a.jpg	SILA4~a
I	archsigns/SILA4~b.jpg	SILA4~b
I	archsigns/SILA4~c.jpg	SILA4~c
I	archsigns/SILA4~d.jpg	SILA4~d
I	archsigns/SILANITA.jpg	SILANITA
I	archsigns/SIMUG.jpg	SIMUG
I	archsigns/SIPA.jpg	SIPA
I	archsigns/|SIxGU4|.jpg	|SIxGU4|
I	archsigns/|SIxSZE3|.jpg	|SIxSZE3|
I	archsigns/SU~a.jpg	SU~a
I	archsigns/|SU~ax1(N58)|.jpg	|SU~ax1(N58)|
I	archsigns/SU~b.jpg	SU~b
I	archsigns/SU3.jpg	SU3
I	archsigns/SUG.jpg	SUG
I	archsigns/SUG5.jpg	SUG5
I	archsigns/SUH3.jpg	SUH3
I	archsigns/SUHUR.jpg	SUHUR
I	archsigns/SUHUR@g.jpg	SUHUR@g
I	archsigns/|SUHUR@n|.jpg	|SUHUR@n|
I	archsigns/SUKKAL.jpg	SUKKAL
I	archsigns/SUKUD.jpg	SUKUD
I	archsigns/SUKUD@g~a.jpg	SUKUD@g~a
I	archsigns/SUKUD@g~b.jpg	SUKUD@g~b
I	archsigns/SUKUD@g~c.jpg	SUKUD@g~c
I	archsigns/|SUKUD@g~d|.jpg	|SUKUD@g~d|
I	archsigns/|(SUKUD+SUKUD)~a|.jpg	|(SUKUD+SUKUD)~a|
I	archsigns/|(SUKUD+SUKUD)~b|.jpg	|(SUKUD+SUKUD)~b|
I	archsigns/|(SUKUD+SUKUD)~c|.jpg	|(SUKUD+SUKUD)~c|
I	archsigns/|(SUKUD+SUKUD)~d|.jpg	|(SUKUD+SUKUD)~d|
I	archsigns/SUM~a.jpg	SUM~a
I	archsigns/|SUM~a@t|.jpg	|SUM~a@t|
I	archsigns/SUM~b.jpg	SUM~b
I	archsigns/SUMASZ.jpg	SUMASZ
I	archsigns/SUR.jpg	SUR
I	archsigns/SUSA.jpg	SUSA
I	archsigns/SZA.jpg	SZA
I	archsigns/SZA@g.jpg	SZA@g
I	archsigns/SZA3~a1.jpg	SZA3~a1
I	archsigns/SZA3~a2.jpg	SZA3~a2
I	archsigns/SZA3~b.jpg	SZA3~b
I	archsigns/SZA3~c.jpg	SZA3~c
I	archsigns/SZA3~d.jpg	SZA3~d
I	archsigns/SZAB~a.jpg	SZAB~a
I	archsigns/SZAB~b.jpg	SZAB~b
I	archsigns/SZAGAN.jpg	SZAGAN
I	archsigns/SZAGINA.jpg	SZAGINA
I	archsigns/SZAH2~a.jpg	SZAH2~a
I	archsigns/SZAH2~b.jpg	SZAH2~b
I	archsigns/SZAH2~c.jpg	SZAH2~c
I	archsigns/SZAKIR~a.jpg	SZAKIR~a
I	archsigns/SZAKIR~b.jpg	SZAKIR~b
I	archsigns/SZAKIR~c.jpg	SZAKIR~c
I	archsigns/SZAM2.jpg	SZAM2
I	archsigns/SZANDANA~a.jpg	SZANDANA~a
I	archsigns/SZANDANA~b.jpg	SZANDANA~b
I	archsigns/|(SZAxHI@g~a)~a|.jpg	|(SZAxHI@g~a)~a|
I	archsigns/|(SZAxHI@g~a)~b|.jpg	|(SZAxHI@g~a)~b|
I	archsigns/|SZE~a.KIN2~c|.jpg	|SZE~a.KIN2~c|
I	archsigns/|SZE~a.NAM2|.jpg	|SZE~a.NAM2|
I	archsigns/SZE~a@t.jpg	SZE~a@t
I	archsigns/|SZE~a&SZE~a|.jpg	|SZE~a&SZE~a|
I	archsigns/SZE~b.jpg	SZE~b
I	archsigns/SZE~c.jpg	SZE~c
I	archsigns/SZE3.jpg	SZE3
I	archsigns/SZE3@t.jpg	SZE3@t
I	archsigns/SZEG9.jpg	SZEG9
I	archsigns/SZELU.jpg	SZELU
I	archsigns/SZEN~a.jpg	SZEN~a
I	archsigns/SZEN~b.jpg	SZEN~b
I	archsigns/SZEN~c.jpg	SZEN~c
I	archsigns/SZEN~c@t.jpg	SZEN~c@t
I	archsigns/SZEN~d.jpg	SZEN~d
I	archsigns/|SZEN~dxA|.jpg	|SZEN~dxA|
I	archsigns/SZEN~e.jpg	SZEN~e
I	archsigns/SZENNUR~a.jpg	SZENNUR~a
I	archsigns/SZENNUR~b.jpg	SZENNUR~b
I	archsigns/SZESZ~a.jpg	SZESZ~a
I	archsigns/SZESZ~b.jpg	SZESZ~b
I	archsigns/SZIDIM.jpg	SZIDIM
I	archsigns/SZIDIM@t.jpg	SZIDIM@t
I	archsigns/SZIM~a.jpg	SZIM~a
I	archsigns/SZIM~b.jpg	SZIM~b
I	archsigns/SZIR~a.jpg	SZIR~a
I	archsigns/SZIR~b.jpg	SZIR~b
I	archsigns/SZITA@g~a.jpg	SZITA@g~a
I	archsigns/|SZITA@g~ax1(N04)|.jpg	|SZITA@g~ax1(N04)|
I	archsigns/|SZITA@g~ax1(N06)|.jpg	|SZITA@g~ax1(N06)|
I	archsigns/SZITA@g~b.jpg	SZITA@g~b
I	archsigns/SZITA~a1.jpg	SZITA~a1
I	archsigns/|SZITA~a1x1(N06)|.jpg	|SZITA~a1x1(N06)|
I	archsigns/|SZITA~a1xKAK~a|.jpg	|SZITA~a1xKAK~a|
I	archsigns/|SZITA~a1xSZU|.jpg	|SZITA~a1xSZU|
I	archsigns/|SZITA~a1xSZU2|.jpg	|SZITA~a1xSZU2|
I	archsigns/|SZITA~a1xUDU~a|.jpg	|SZITA~a1xUDU~a|
I	archsigns/SZITA~a2.jpg	SZITA~a2
I	archsigns/SZITA~a3.jpg	SZITA~a3
I	archsigns/SZITA~b1.jpg	SZITA~b1
I	archsigns/|SZITA~b1xHI@g~a|.jpg	|SZITA~b1xHI@g~a|
I	archsigns/SZITA~b2.jpg	SZITA~b2
I	archsigns/SZITA~b3.jpg	SZITA~b3
I	archsigns/|SZITA~b3xNAM2|.jpg	|SZITA~b3xNAM2|
I	archsigns/SZITA~c.jpg	SZITA~c
I	archsigns/SZU.jpg	SZU
I	archsigns/SZU@g.jpg	SZU@g
I	archsigns/SZU@s.jpg	SZU@s
I	archsigns/|SZU&SZU|.jpg	|SZU&SZU|
I	archsigns/SZU12.jpg	SZU12
I	archsigns/|SZU2.1(N02)|.jpg	|SZU2.1(N02)|
I	archsigns/|SZU2.2(N57)|.jpg	|SZU2.2(N57)|
I	archsigns/|SZU2.E2~a|.jpg	|SZU2.E2~a|
I	archsigns/|SZU2.E2~b|.jpg	|SZU2.E2~b|
I	archsigns/|SZU2.EN~a|.jpg	|SZU2.EN~a|
I	archsigns/|SZU2.EN~b|.jpg	|SZU2.EN~b|
I	archsigns/|SZU2.GISZ|.jpg	|SZU2.GISZ|
I	archsigns/|SZU2.((HI+1(N57))+(HI+1(N57)))|.jpg	|SZU2.((HI+1(N57))+(HI+1(N57)))|
I	archsigns/SZU2.jpg	SZU2
I	archsigns/|SZU2.URI3~a|.jpg	|SZU2.URI3~a|
I	archsigns/SZUBUR.jpg	SZUBUR
I	archsigns/SZUM.jpg	SZUM
I	archsigns/SZUR2~a.jpg	SZUR2~a
I	archsigns/SZUR2~b.jpg	SZUR2~b
I	archsigns/SZURUPPAK~a.jpg	SZURUPPAK~a
I	archsigns/SZURUPPAK~b.jpg	SZURUPPAK~b
I	archsigns/SZURUPPAK~c.jpg	SZURUPPAK~c
I	archsigns/|SZUx1(N58)|.jpg	|SZUx1(N58)|
I	archsigns/TA~a.jpg	TA~a
I	archsigns/TA~b.jpg	TA~b
I	archsigns/TA~c.jpg	TA~c
I	archsigns/TA~d.jpg	TA~d
I	archsigns/|TA~dxMASZ|.jpg	|TA~dxMASZ|
I	archsigns/TA~e.jpg	TA~e
I	archsigns/TA~f.jpg	TA~f
I	archsigns/TAG~a1.jpg	TAG~a1
I	archsigns/TAG~a1@t.jpg	TAG~a1@t
I	archsigns/TAG~a2.jpg	TAG~a2
I	archsigns/TAG~a3.jpg	TAG~a3
I	archsigns/TAG~a4.jpg	TAG~a4
I	archsigns/TAG~b.jpg	TAG~b
I	archsigns/TAG~c.jpg	TAG~c
I	archsigns/TAG~d.jpg	TAG~d
I	archsigns/TAK4~a.jpg	TAK4~a
I	archsigns/TAK4~a@n.jpg	TAK4~a@n
I	archsigns/TAK4~c.jpg	TAK4~c
I	archsigns/TAR~a.jpg	TAR~a
I	archsigns/TAR~d.jpg	TAR~d
I	archsigns/TE.jpg	TE
I	archsigns/TI.jpg	TI
I	archsigns/TI@g.jpg	TI@g
I	archsigns/TI@r.jpg	TI@r
I	archsigns/TI@t.jpg	TI@t
I	archsigns/TIDNUM.jpg	TIDNUM
I	archsigns/TILLA2.jpg	TILLA2
I	archsigns/TU~a.jpg	TU~a
I	archsigns/TU~b.jpg	TU~b
I	archsigns/TU~c.jpg	TU~c
I	archsigns/|TUG2~a.(BAD&BAD)|.jpg	|TUG2~a.(BAD&BAD)|
I	archsigns/TUG2~a.jpg	TUG2~a
I	archsigns/TUG2~a@g.jpg	TUG2~a@g
I	archsigns/TUG2~b.jpg	TUG2~b
I	archsigns/TUG2~c.jpg	TUG2~c
I	archsigns/TUG2~d.jpg	TUG2~d
I	archsigns/TUM~a.jpg	TUM~a
I	archsigns/TUM~a@g.jpg	TUM~a@g
I	archsigns/TUM~b.jpg	TUM~b
I	archsigns/TUM~c.jpg	TUM~c
I	archsigns/TUM~d.jpg	TUM~d
I	archsigns/TUN3~a.jpg	TUN3~a
I	archsigns/TUN3~b.jpg	TUN3~b
I	archsigns/TUN3~c.jpg	TUN3~c
I	archsigns/TUR.jpg	TUR
I	archsigns/TUR@g.jpg	TUR@g
I	archsigns/TUR3~a.jpg	TUR3~a
I	archsigns/|TUR3~a@n|.jpg	|TUR3~a@n|
I	archsigns/TUR3~b.jpg	TUR3~b
I	archsigns/|TUR3~bxTAK4~a|.jpg	|TUR3~bxTAK4~a|
I	archsigns/TUR3~c.jpg	TUR3~c
I	archsigns/|TURxX|.jpg	|TURxX|
I	archsigns/U2~a.jpg	U2~a
I	archsigns/U2~b.jpg	U2~b
I	archsigns/U2~c.jpg	U2~c
I	archsigns/|U4.1(N08)|.jpg	|U4.1(N08)|
I	archsigns/|U4.(1(N14).3(N08))|.jpg	|U4.(1(N14).3(N08))|
I	archsigns/|U4.(1(N14).4(N08))|.jpg	|U4.(1(N14).4(N08))|
I	archsigns/|U4.(1(N14).5(N08))|.jpg	|U4.(1(N14).5(N08))|
I	archsigns/|U4.(1(N14).8(N08))|.jpg	|U4.(1(N14).8(N08))|
I	archsigns/|U4.1(N14)|.jpg	|U4.1(N14)|
I	archsigns/|U4.2(N08)|.jpg	|U4.2(N08)|
I	archsigns/|U4.2(N14)|.jpg	|U4.2(N14)|
I	archsigns/|U4.3(N08)|.jpg	|U4.3(N08)|
I	archsigns/|U4.4(N08)|.jpg	|U4.4(N08)|
I	archsigns/|U4.5(N08)|.jpg	|U4.5(N08)|
I	archsigns/|U4.6(N08)|.jpg	|U4.6(N08)|
I	archsigns/|U4.7(N08)|.jpg	|U4.7(N08)|
I	archsigns/|U4.8(N08)|.jpg	|U4.8(N08)|
I	archsigns/U4.jpg	U4
I	archsigns/|U4.SZU2|.jpg	|U4.SZU2|
I	archsigns/U4@t.jpg	U4@t
I	archsigns/|U4x10(N57)|.jpg	|U4x10(N57)|
I	archsigns/|U4x1(N01).5(N08)|.jpg	|U4x1(N01).5(N08)|
I	archsigns/|U4x1(N01)|.jpg	|U4x1(N01)|
I	archsigns/|U4x1(N01)F|.jpg	|U4x1(N01)F|
I	archsigns/|U4x(1(N14).2(N01))|.jpg	|U4x(1(N14).2(N01))|
I	archsigns/|U4x(1(N14).4(N01))|.jpg	|U4x(1(N14).4(N01))|
I	archsigns/|U4x(1(N14).8(N01))|.jpg	|U4x(1(N14).8(N01))|
I	archsigns/|U4x1(N14)|.jpg	|U4x1(N14)|
I	archsigns/|U4x1(N57)|.jpg	|U4x1(N57)|
I	archsigns/|U4x1(N58)@t|.jpg	|U4x1(N58)@t|
I	archsigns/|U4x2(N01).(2(N14).1(N08))|.jpg	|U4x2(N01).(2(N14).1(N08))|
I	archsigns/|U4x2(N01).2(N14)|.jpg	|U4x2(N01).2(N14)|
I	archsigns/|U4x2(N01)|.jpg	|U4x2(N01)|
I	archsigns/|U4x2(N01).X|.jpg	|U4x2(N01).X|
I	archsigns/|U4x(2(N14).4(N01))|.jpg	|U4x(2(N14).4(N01))|
I	archsigns/|U4x2(N14)|.jpg	|U4x2(N14)|
I	archsigns/|U4x2(N57)|.jpg	|U4x2(N57)|
I	archsigns/|U4x3(N01).3(N08)|.jpg	|U4x3(N01).3(N08)|
I	archsigns/|U4x3(N01)|.jpg	|U4x3(N01)|
I	archsigns/|U4x(3(N14).2(N01))|.jpg	|U4x(3(N14).2(N01))|
I	archsigns/|U4x(3(N14).7(N01))|.jpg	|U4x(3(N14).7(N01))|
I	archsigns/|U4x3(N57)|.jpg	|U4x3(N57)|
I	archsigns/|U4x4(N01).2(N14)|.jpg	|U4x4(N01).2(N14)|
I	archsigns/|U4x4(N01)|.jpg	|U4x4(N01)|
I	archsigns/|U4x4(N57)|.jpg	|U4x4(N57)|
I	archsigns/|U4x5(N01).1(N14)|.jpg	|U4x5(N01).1(N14)|
I	archsigns/|U4x5(N01)|.jpg	|U4x5(N01)|
I	archsigns/|U4x5(N57)|.jpg	|U4x5(N57)|
I	archsigns/|U4x6(N01)|.jpg	|U4x6(N01)|
I	archsigns/|U4x6(N57)|.jpg	|U4x6(N57)|
I	archsigns/|U4x7(N57)|.jpg	|U4x7(N57)|
I	archsigns/|U4x8(N01)|.jpg	|U4x8(N01)|
I	archsigns/|U4x8(N01).X|.jpg	|U4x8(N01).X|
I	archsigns/|U4x8(N57)|.jpg	|U4x8(N57)|
I	archsigns/|U4xX|.jpg	|U4xX|
I	archsigns/|U4x(X+2(N01))|.jpg	|U4x(X+2(N01))|
I	archsigns/|U4x(X(N01))|.jpg	|U4x(X(N01))|
I	archsigns/U8.jpg	U8
I	archsigns/|(U8xTAR)~b|.jpg	|(U8xTAR)~b|
I	archsigns/UB.jpg	UB
I	archsigns/UBI~a.jpg	UBI~a
I	archsigns/UBI~c.jpg	UBI~c
I	archsigns/UD5~a.jpg	UD5~a
I	archsigns/UD5~a@g.jpg	UD5~a@g
I	archsigns/UD5~b.jpg	UD5~b
I	archsigns/UD5~c.jpg	UD5~c
I	archsigns/UDU~a.jpg	UDU~a
I	archsigns/|(UDU~axTAR)~a|.jpg	|(UDU~axTAR)~a|
I	archsigns/|(UDU~axTAR)~b|.jpg	|(UDU~axTAR)~b|
I	archsigns/UDU~b.jpg	UDU~b
I	archsigns/UDU~c.jpg	UDU~c
I	archsigns/UDUNITA~a.jpg	UDUNITA~a
I	archsigns/UDUNITA~b.jpg	UDUNITA~b
I	archsigns/UDUNITA~c.jpg	UDUNITA~c
I	archsigns/|UET2.405|.jpg	|UET2.405|
I	archsigns/UH.jpg	UH
I	archsigns/UH3~a.jpg	UH3~a
I	archsigns/UH3~a@t.jpg	UH3~a@t
I	archsigns/UH3~b.jpg	UH3~b
I	archsigns/UKKIN~a.jpg	UKKIN~a
I	archsigns/UKKIN~b.jpg	UKKIN~b
I	archsigns/|UKKIN~bx2(N01)|.jpg	|UKKIN~bx2(N01)|
I	archsigns/|UKKIN~bx3(N01)|.jpg	|UKKIN~bx3(N01)|
I	archsigns/|UKKIN~bx5(N01)|.jpg	|UKKIN~bx5(N01)|
I	archsigns/|UKKIN~bx(DIN.1(N01))|.jpg	|UKKIN~bx(DIN.1(N01))|
I	archsigns/|UKKIN~bxDIN|.jpg	|UKKIN~bxDIN|
I	archsigns/|UKKIN~bxDUG~a|.jpg	|UKKIN~bxDUG~a|
I	archsigns/|UKKIN~bxHI@g~a|.jpg	|UKKIN~bxHI@g~a|
I	archsigns/|UKKIN~bxNI~a|.jpg	|UKKIN~bxNI~a|
I	archsigns/|UKKIN~bxX|.jpg	|UKKIN~bxX|
I	archsigns/UKKIN~c.jpg	UKKIN~c
I	archsigns/UMBIN~a.jpg	UMBIN~a
I	archsigns/UMBIN~b1.jpg	UMBIN~b1
I	archsigns/UMBIN~b2.jpg	UMBIN~b2
I	archsigns/UMBIN~c.jpg	UMBIN~c
I	archsigns/UMUN2.jpg	UMUN2
I	archsigns/UNUG~a.jpg	UNUG~a
I	archsigns/UNUG~a@s.jpg	UNUG~a@s
I	archsigns/|UNUG~axA@t|.jpg	|UNUG~axA@t|
I	archsigns/UNUG~b.jpg	UNUG~b
I	archsigns/UNUG~c.jpg	UNUG~c
I	archsigns/UR~a.jpg	UR~a
I	archsigns/UR~a@g.jpg	UR~a@g
I	archsigns/|UR~axKAR2|.jpg	|UR~axKAR2|
I	archsigns/UR~b.jpg	UR~b
I	archsigns/UR~c.jpg	UR~c
I	archsigns/UR2.jpg	UR2
I	archsigns/|UR2x1(N57)|.jpg	|UR2x1(N57)|
I	archsigns/|UR2xTAR|.jpg	|UR2xTAR|
I	archsigns/UR3~a1.jpg	UR3~a1
I	archsigns/UR3~a2.jpg	UR3~a2
I	archsigns/UR3~a3.jpg	UR3~a3
I	archsigns/UR3~b1.jpg	UR3~b1
I	archsigns/|UR3~b1xMASZ|.jpg	|UR3~b1xMASZ|
I	archsigns/UR3~b2.jpg	UR3~b2
I	archsigns/UR4~a.jpg	UR4~a
I	archsigns/UR4~b.jpg	UR4~b
I	archsigns/UR4~c.jpg	UR4~c
I	archsigns/UR5~a.jpg	UR5~a
I	archsigns/UR5~b.jpg	UR5~b
I	archsigns/URI.jpg	URI
I	archsigns/URI2.jpg	URI2
I	archsigns/URI3~a.jpg	URI3~a
I	archsigns/|URI3~a+IB~a|.jpg	|URI3~a+IB~a|
I	archsigns/URI3~b.jpg	URI3~b
I	archsigns/URI5.jpg	URI5
I	archsigns/URU~a1.jpg	URU~a1
I	archsigns/|URU~a1@n|.jpg	|URU~a1@n|
I	archsigns/|URU~a1x1(N57)|.jpg	|URU~a1x1(N57)|
I	archsigns/|URU~a1x2(N57)|.jpg	|URU~a1x2(N57)|
I	archsigns/|URU~a1xA|.jpg	|URU~a1xA|
I	archsigns/|URU~a1xAMAR|.jpg	|URU~a1xAMAR|
I	archsigns/|URU~a1xGU4|.jpg	|URU~a1xGU4|
I	archsigns/|URU~a1xHI@g~a|.jpg	|URU~a1xHI@g~a|
I	archsigns/|URU~a1xNIMGIR|.jpg	|URU~a1xNIMGIR|
I	archsigns/|URU~a1xU4|.jpg	|URU~a1xU4|
I	archsigns/|URU~a1xX|.jpg	|URU~a1xX|
I	archsigns/URU~a2.jpg	URU~a2
I	archsigns/|URU~a2x1(N58)|.jpg	|URU~a2x1(N58)|
I	archsigns/|URU~a3xKALAM~a|.jpg	|URU~a3xKALAM~a|
I	archsigns/URU~b1.jpg	URU~b1
I	archsigns/URU~b2.jpg	URU~b2
I	archsigns/URU~c.jpg	URU~c
I	archsigns/URUDU@g~a.jpg	URUDU@g~a
I	archsigns/URUDU@g~b.jpg	URUDU@g~b
I	archsigns/URUDU@g~c.jpg	URUDU@g~c
I	archsigns/URUDU@g~d.jpg	URUDU@g~d
I	archsigns/URUDU~a.jpg	URUDU~a
I	archsigns/URUDU~c.jpg	URUDU~c
I	archsigns/URUDU~d.jpg	URUDU~d
I	archsigns/USZ~a.jpg	USZ~a
I	archsigns/|USZ~a&USZ~a|.jpg	|USZ~a&USZ~a|
I	archsigns/USZ~b.jpg	USZ~b
I	archsigns/|USZ~b&USZ~b|.jpg	|USZ~b&USZ~b|
I	archsigns/|USZ~bxTAR~c|.jpg	|USZ~bxTAR~c|
I	archsigns/|USZ~bxTAR~d|.jpg	|USZ~bxTAR~d|
I	archsigns/USZUMGAL.jpg	USZUMGAL
I	archsigns/USZUR3~a.jpg	USZUR3~a
I	archsigns/USZUR3~b1.jpg	USZUR3~b1
I	archsigns/USZUR3~b2.jpg	USZUR3~b2
I	archsigns/UTUA~a.jpg	UTUA~a
I	archsigns/UTUA~a@t.jpg	UTUA~a@t
I	archsigns/UTUA~b.jpg	UTUA~b
I	archsigns/UTUL~a.jpg	UTUL~a
I	archsigns/UTUL~b.jpg	UTUL~b
I	archsigns/UTUL~c.jpg	UTUL~c
I	archsigns/UTUL~d.jpg	UTUL~d
I	archsigns/UZU.jpg	UZU
I	archsigns/|x(N57).GAR|.jpg	|x(N57).GAR|
I	archsigns/ZA~x.jpg	ZA~x
I	archsigns/ZABALAM~a.jpg	ZABALAM~a
I	archsigns/ZABALAM~b.jpg	ZABALAM~b
I	archsigns/ZADIM.jpg	ZADIM
I	archsigns/ZAG~a.jpg	ZAG~a
I	archsigns/ZAG~b.jpg	ZAG~b
I	archsigns/ZAG~c.jpg	ZAG~c
I	archsigns/ZAR~a.jpg	ZAR~a
I	archsigns/ZAR~b1.jpg	ZAR~b1
I	archsigns/ZAR~b2.jpg	ZAR~b2
I	archsigns/ZAR~c.jpg	ZAR~c
I	archsigns/ZI~a.jpg	ZI~a
I	archsigns/ZI~b.jpg	ZI~b
I	archsigns/ZI~d.jpg	ZI~d
I	archsigns/|(ZU&ZU).SAR~a|.jpg	|(ZU&ZU).SAR~a|
I	archsigns/ZUBI~a.jpg	ZUBI~a
I	archsigns/ZUBI~b.jpg	ZUBI~b
I	archsigns/ZATU620.jpg	ZATU620
I	archsigns/ZATU621~a.jpg	ZATU621~a
I	archsigns/ZATU621~b.jpg	ZATU621~b
I	archsigns/ZATU621~c.jpg	ZATU621~c
I	archsigns/ZATU621~d.jpg	ZATU621~d
I	archsigns/ZATU622.jpg	ZATU622
I	archsigns/ZATU623.jpg	ZATU623
I	archsigns/ZATU624~a.jpg	ZATU624~a
I	archsigns/ZATU624~b.jpg	ZATU624~b
I	archsigns/ZATU624~c.jpg	ZATU624~c
I	archsigns/ZATU625.jpg	ZATU625
I	archsigns/ZATU626~a.jpg	ZATU626~a
I	archsigns/ZATU626~b.jpg	ZATU626~b
I	archsigns/ZATU626~c.jpg	ZATU626~c
I	archsigns/ZATU627.jpg	ZATU627
I	archsigns/ZATU628~a.jpg	ZATU628~a
I	archsigns/ZATU628~b.jpg	ZATU628~b
I	archsigns/ZATU629.jpg	ZATU629
I	archsigns/ZATU630.jpg	ZATU630
I	archsigns/ZATU631.jpg	ZATU631
I	archsigns/ZATU632~a.jpg	ZATU632~a
I	archsigns/ZATU632~b.jpg	ZATU632~b
I	archsigns/ZATU632~c.jpg	ZATU632~c
I	archsigns/ZATU633~a.jpg	ZATU633~a
I	archsigns/ZATU633~b.jpg	ZATU633~b
I	archsigns/ZATU634.jpg	ZATU634
I	archsigns/ZATU635.jpg	ZATU635
I	archsigns/ZATU636.jpg	ZATU636
I	archsigns/ZATU637.jpg	ZATU637
I	archsigns/ZATU639.jpg	ZATU639
I	archsigns/ZATU640.jpg	ZATU640
I	archsigns/ZATU641.jpg	ZATU641
I	archsigns/ZATU642.jpg	ZATU642
I	archsigns/ZATU643.jpg	ZATU643
I	archsigns/ZATU644~a.jpg	ZATU644~a
I	archsigns/|ZATU644~ax1(N14)|.jpg	|ZATU644~ax1(N14)|
I	archsigns/ZATU644~b.jpg	ZATU644~b
I	archsigns/ZATU646.jpg	ZATU646
I	archsigns/ZATU647.jpg	ZATU647
I	archsigns/ZATU648.jpg	ZATU648
I	archsigns/ZATU649.jpg	ZATU649
I	archsigns/ZATU650.jpg	ZATU650
I	archsigns/ZATU651.jpg	ZATU651
I	archsigns/ZATU651@g.jpg	ZATU651@g
I	archsigns/|ZATU651xAN|.jpg	|ZATU651xAN|
I	archsigns/|ZATU651xEN~a|.jpg	|ZATU651xEN~a|
I	archsigns/|ZATU651xGAR|.jpg	|ZATU651xGAR|
I	archsigns/|ZATU651xMA|.jpg	|ZATU651xMA|
I	archsigns/|ZATU651xNUN~a|.jpg	|ZATU651xNUN~a|
I	archsigns/|ZATU651xSZE~a|.jpg	|ZATU651xSZE~a|
I	archsigns/|ZATU651xX|.jpg	|ZATU651xX|
I	archsigns/|ZATU651xZAR~c|.jpg	|ZATU651xZAR~c|
I	archsigns/ZATU659.jpg	ZATU659
I	archsigns/|ZATU659x1(N01)|.jpg	|ZATU659x1(N01)|
I	archsigns/|ZATU659x1(N14)|.jpg	|ZATU659x1(N14)|
I	archsigns/|ZATU659x1(N58)@t|.jpg	|ZATU659x1(N58)@t|
I	archsigns/ZATU662.jpg	ZATU662
I	archsigns/|ZATU662x1(N14)|.jpg	|ZATU662x1(N14)|
I	archsigns/ZATU664.jpg	ZATU664
I	archsigns/ZATU665.jpg	ZATU665
I	archsigns/ZATU666.jpg	ZATU666
I	archsigns/ZATU667.jpg	ZATU667
I	archsigns/ZATU668.jpg	ZATU668
I	archsigns/ZATU669.jpg	ZATU669
I	archsigns/ZATU670.jpg	ZATU670
I	archsigns/ZATU672.jpg	ZATU672
I	archsigns/ZATU674.jpg	ZATU674
I	archsigns/ZATU675~a.jpg	ZATU675~a
I	archsigns/ZATU675~b.jpg	ZATU675~b
I	archsigns/ZATU675~c.jpg	ZATU675~c
I	archsigns/ZATU675~d.jpg	ZATU675~d
I	archsigns/ZATU676~a.jpg	ZATU676~a
I	archsigns/ZATU676~b.jpg	ZATU676~b
I	archsigns/ZATU677~a.jpg	ZATU677~a
I	archsigns/ZATU677~b.jpg	ZATU677~b
I	archsigns/ZATU678.jpg	ZATU678
I	archsigns/ZATU679.jpg	ZATU679
I	archsigns/ZATU680~a1.jpg	ZATU680~a1
I	archsigns/ZATU680~a2.jpg	ZATU680~a2
I	archsigns/ZATU680~b.jpg	ZATU680~b
I	archsigns/ZATU680~d.jpg	ZATU680~d
I	archsigns/ZATU680~e.jpg	ZATU680~e
I	archsigns/ZATU681.jpg	ZATU681
I	archsigns/ZATU682.jpg	ZATU682
I	archsigns/|ZATU683@t|.jpg	|ZATU683@t|
I	archsigns/ZATU683~a.jpg	ZATU683~a
I	archsigns/ZATU683~b.jpg	ZATU683~b
I	archsigns/ZATU684.jpg	ZATU684
I	archsigns/ZATU685.jpg	ZATU685
I	archsigns/ZATU686~a.jpg	ZATU686~a
I	archsigns/ZATU686~b.jpg	ZATU686~b
I	archsigns/ZATU686~c.jpg	ZATU686~c
I	archsigns/ZATU687.jpg	ZATU687
I	archsigns/ZATU688~a.jpg	ZATU688~a
I	archsigns/ZATU688~b.jpg	ZATU688~b
I	archsigns/ZATU689.jpg	ZATU689
I	archsigns/ZATU690.jpg	ZATU690
I	archsigns/ZATU691.jpg	ZATU691
I	archsigns/ZATU692.jpg	ZATU692
I	archsigns/ZATU693.jpg	ZATU693
I	archsigns/ZATU693@t.jpg	ZATU693@t
I	archsigns/ZATU694~a.jpg	ZATU694~a
I	archsigns/ZATU694~b.jpg	ZATU694~b
I	archsigns/ZATU694~c.jpg	ZATU694~c
I	archsigns/ZATU694~d.jpg	ZATU694~d
I	archsigns/ZATU694~d@t.jpg	ZATU694~d@t
I	archsigns/ZATU695.jpg	ZATU695
I	archsigns/ZATU696.jpg	ZATU696
I	archsigns/ZATU697~a.jpg	ZATU697~a
I	archsigns/ZATU697~b.jpg	ZATU697~b
I	archsigns/ZATU697~c.jpg	ZATU697~c
I	archsigns/ZATU699~a.jpg	ZATU699~a
I	archsigns/ZATU699~b.jpg	ZATU699~b
I	archsigns/ZATU700.jpg	ZATU700
I	archsigns/ZATU701.jpg	ZATU701
I	archsigns/ZATU702.jpg	ZATU702
I	archsigns/ZATU703.jpg	ZATU703
I	archsigns/ZATU704.jpg	ZATU704
I	archsigns/ZATU705.jpg	ZATU705
I	archsigns/ZATU706.jpg	ZATU706
I	archsigns/ZATU707~a.jpg	ZATU707~a
I	archsigns/ZATU707~b.jpg	ZATU707~b
I	archsigns/ZATU708.jpg	ZATU708
I	archsigns/ZATU709.jpg	ZATU709
I	archsigns/ZATU710.jpg	ZATU710
I	archsigns/ZATU711.jpg	ZATU711
I	archsigns/|ZATU711xHI@g~a|.jpg	|ZATU711xHI@g~a|
I	archsigns/|ZATU711xX|.jpg	|ZATU711xX|
I	archsigns/ZATU713.jpg	ZATU713
I	archsigns/ZATU714.jpg	ZATU714
I	archsigns/|ZATU714.RU|.jpg	|ZATU714.RU|
I	archsigns/|ZATU714xHI@g~a|.jpg	|ZATU714xHI@g~a|
I	archsigns/|ZATU714xX|.jpg	|ZATU714xX|
I	archsigns/ZATU717.jpg	ZATU717
I	archsigns/ZATU718.jpg	ZATU718
I	archsigns/ZATU719.jpg	ZATU719
I	archsigns/ZATU720.jpg	ZATU720
I	archsigns/ZATU721.jpg	ZATU721
I	archsigns/ZATU722.jpg	ZATU722
I	archsigns/ZATU723.jpg	ZATU723
I	archsigns/ZATU724.jpg	ZATU724
I	archsigns/ZATU725.jpg	ZATU725
I	archsigns/ZATU726~a.jpg	ZATU726~a
I	archsigns/ZATU726~c.jpg	ZATU726~c
I	archsigns/ZATU726~d.jpg	ZATU726~d
I	archsigns/ZATU727.jpg	ZATU727
I	archsigns/ZATU728.jpg	ZATU728
I	archsigns/ZATU729.jpg	ZATU729
I	archsigns/ZATU730.jpg	ZATU730
I	archsigns/ZATU732.jpg	ZATU732
I	archsigns/ZATU733.jpg	ZATU733
I	archsigns/ZATU734.jpg	ZATU734
I	archsigns/ZATU735~a.jpg	ZATU735~a
I	archsigns/ZATU735~b.jpg	ZATU735~b
I	archsigns/ZATU735~c.jpg	ZATU735~c
I	archsigns/ZATU736~a.jpg	ZATU736~a
I	archsigns/ZATU736~b.jpg	ZATU736~b
I	archsigns/ZATU737.jpg	ZATU737
I	archsigns/|ZATU737xAB~a|.jpg	|ZATU737xAB~a|
I	archsigns/|ZATU737xBU~a|.jpg	|ZATU737xBU~a|
I	archsigns/|ZATU737xBUR~a|.jpg	|ZATU737xBUR~a|
I	archsigns/|ZATU737xDI|.jpg	|ZATU737xDI|
I	archsigns/|ZATU737xE~a|.jpg	|ZATU737xE~a|
I	archsigns/|ZATU737xEN~a|.jpg	|ZATU737xEN~a|
I	archsigns/|ZATU737xEN~b|.jpg	|ZATU737xEN~b|
I	archsigns/|ZATU737xGAR|.jpg	|ZATU737xGAR|
I	archsigns/|ZATU737xNI~a@g|.jpg	|ZATU737xNI~a@g|
I	archsigns/|ZATU737xNIMGIR|.jpg	|ZATU737xNIMGIR|
I	archsigns/|ZATU737xSAL|.jpg	|ZATU737xSAL|
I	archsigns/|ZATU737xSU~a|.jpg	|ZATU737xSU~a|
I	archsigns/|ZATU737xSZE~a|.jpg	|ZATU737xSZE~a|
I	archsigns/|ZATU737xSZITA@g~a|.jpg	|ZATU737xSZITA@g~a|
I	archsigns/|ZATU737xSZITA~a1|.jpg	|ZATU737xSZITA~a1|
I	archsigns/|ZATU737xU4|.jpg	|ZATU737xU4|
I	archsigns/|ZATU737xUNUG~a|.jpg	|ZATU737xUNUG~a|
I	archsigns/|ZATU737xX|.jpg	|ZATU737xX|
I	archsigns/ZATU749~a.jpg	ZATU749~a
I	archsigns/ZATU749~b.jpg	ZATU749~b
I	archsigns/ZATU749~c.jpg	ZATU749~c
I	archsigns/ZATU750.jpg	ZATU750
I	archsigns/ZATU751~a.jpg	ZATU751~a
I	archsigns/ZATU751~b.jpg	ZATU751~b
I	archsigns/ZATU752.jpg	ZATU752
I	archsigns/ZATU753.jpg	ZATU753
I	archsigns/ZATU754.jpg	ZATU754
I	archsigns/ZATU755~a.jpg	ZATU755~a
I	archsigns/ZATU755~b.jpg	ZATU755~b
I	archsigns/ZATU756.jpg	ZATU756
I	archsigns/ZATU757.jpg	ZATU757
I	archsigns/ZATU758.jpg	ZATU758
I	archsigns/ZATU759.jpg	ZATU759
I	archsigns/|ZATU759@txX|.jpg	|ZATU759@txX|
I	archsigns/|ZATU759xKU6~a|.jpg	|ZATU759xKU6~a|
I	archsigns/|ZATU759x(KU6~a+KU6~a)|.jpg	|ZATU759x(KU6~a+KU6~a)|
I	archsigns/|ZATU759xKU6~d|.jpg	|ZATU759xKU6~d|
I	archsigns/|ZATU759xX|.jpg	|ZATU759xX|
I	archsigns/ZATU761.jpg	ZATU761
I	archsigns/ZATU762~a.jpg	ZATU762~a
I	archsigns/|ZATU762~axNIM~a|.jpg	|ZATU762~axNIM~a|
I	archsigns/ZATU762~b.jpg	ZATU762~b
I	archsigns/|ZATU762~bxAB~a|.jpg	|ZATU762~bxAB~a|
I	archsigns/ZATU764.jpg	ZATU764
I	archsigns/ZATU765.jpg	ZATU765
I	archsigns/ZATU766.jpg	ZATU766
I	archsigns/ZATU767.jpg	ZATU767
I	archsigns/ZATU768.jpg	ZATU768
I	archsigns/ZATU769.jpg	ZATU769
I	archsigns/ZATU771.jpg	ZATU771
I	archsigns/ZATU772.jpg	ZATU772
I	archsigns/ZATU773~a.jpg	ZATU773~a
I	archsigns/ZATU773~b.jpg	ZATU773~b
I	archsigns/ZATU774.jpg	ZATU774
I	archsigns/ZATU775.jpg	ZATU775
I	archsigns/ZATU776.jpg	ZATU776
I	archsigns/ZATU777.jpg	ZATU777
I	archsigns/ZATU778.jpg	ZATU778
I	archsigns/ZATU779.jpg	ZATU779
I	archsigns/ZATU780.jpg	ZATU780
I	archsigns/ZATU781.jpg	ZATU781
I	archsigns/ZATU782.jpg	ZATU782
I	archsigns/ZATU783.jpg	ZATU783
I	archsigns/ZATU784.jpg	ZATU784
I	archsigns/ZATU785.jpg	ZATU785
I	archsigns/ZATU786.jpg	ZATU786
I	archsigns/ZATU787.jpg	ZATU787
I	archsigns/ZATU788.jpg	ZATU788
I	archsigns/ZATU789.jpg	ZATU789
I	archsigns/ZATU791.jpg	ZATU791
I	archsigns/ZATU792.jpg	ZATU792
I	archsigns/ZATU795.jpg	ZATU795
I	archsigns/ZATU797.jpg	ZATU797
I	archsigns/ZATU798.jpg	ZATU798
I	archsigns/ZATU799.jpg	ZATU799
I	archsigns/ZATU800.jpg	ZATU800
I	archsigns/ZATU801.jpg	ZATU801
I	archsigns/ZATU802.jpg	ZATU802
I	archsigns/ZATU803.jpg	ZATU803
I	archsigns/ZATU804.jpg	ZATU804
I	archsigns/ZATU805.jpg	ZATU805
I	archsigns/ZATU806.jpg	ZATU806
I	archsigns/ZATU807.jpg	ZATU807
I	archsigns/ZATU808.jpg	ZATU808
I	archsigns/ZATU809.jpg	ZATU809
I	archsigns/ZATU810.jpg	ZATU810
I	archsigns/ZATU811.jpg	ZATU811
I	archsigns/ZATU812.jpg	ZATU812
I	archsigns/ZATU813.jpg	ZATU813
I	archsigns/ZATU814.jpg	ZATU814
I	archsigns/ZATU815.jpg	ZATU815
I	archsigns/ZATU817.jpg	ZATU817
I	archsigns/ZATU818.jpg	ZATU818
I	archsigns/ZATU819.jpg	ZATU819
I	archsigns/ZATU820.jpg	ZATU820
I	archsigns/ZATU821.jpg	ZATU821
I	archsigns/ZATU822.jpg	ZATU822
I	archsigns/ZATU823.jpg	ZATU823
I	archsigns/ZATU824.jpg	ZATU824
I	archsigns/ZATU825.jpg	ZATU825
I	archsigns/ZATU826.jpg	ZATU826
I	archsigns/ZATU829.jpg	ZATU829
I	archsigns/ZATU831.jpg	ZATU831
I	archsigns/|ZATU831@g|.jpg	|ZATU831@g|
I	archsigns/ZATU832.jpg	ZATU832
I	archsigns/ZATU833.jpg	ZATU833
I	archsigns/ZATU834.jpg	ZATU834
I	archsigns/ZATU835.jpg	ZATU835
I	archsigns/ZATU836.jpg	ZATU836
I	archsigns/ZATU837~a.jpg	ZATU837~a
I	archsigns/ZATU837~b.jpg	ZATU837~b
I	archsigns/ZATU838.jpg	ZATU838
I	archsigns/ZATU839.jpg	ZATU839
I	archsigns/ZATU840.jpg	ZATU840
I	archsigns/ZATU841.jpg	ZATU841
I	archsigns/ZATU842.jpg	ZATU842
I	archsigns/ZATU843.jpg	ZATU843
I	archsigns/ZATU844.jpg	ZATU844
I	archsigns/ZATU845.jpg	ZATU845
I	archsigns/ZATU846.jpg	ZATU846
I	archsigns/ZATU847.jpg	ZATU847
I	archsigns/ZATU848.jpg	ZATU848
I	archsigns/ZATU849.jpg	ZATU849
I	archsigns/ZATU850.jpg	ZATU850
I	archsigns/ZATU851.jpg	ZATU851
I	archsigns/ZATU852.jpg	ZATU852
I	archsigns/ZATU853.jpg	ZATU853
I	archsigns/ZATU854.jpg	ZATU854
I	archsigns/ZATU855.jpg	ZATU855
I	archsigns/|1(N57).AB2|.jpg	|1(N57).AB2|
I	archsigns/|1(N57).SZAH2~a|.jpg	|1(N57).SZAH2~a|
I	archsigns/|1(N57).SZUBUR|.jpg	|1(N57).SZUBUR|
I	archsigns/|1(N58).BAD~a|.jpg	|1(N58).BAD~a|
I	archsigns/|1(N58).BAD~b|.jpg	|1(N58).BAD~b|
I	archsigns/|2(N57).AB2|.jpg	|2(N57).AB2|
I	archsigns/|2(N57).KU6~a|.jpg	|2(N57).KU6~a|
I	archsigns/|2(N57).SU~a|.jpg	|2(N57).SU~a|
I	archsigns/|2(N57).SZUBUR|.jpg	|2(N57).SZUBUR|
I	archsigns/|3(N57).AMAR|.jpg	|3(N57).AMAR|
I	archsigns/|3(N57).BARA3|.jpg	|3(N57).BARA3|
I	archsigns/|3(N57).E2~b|.jpg	|3(N57).E2~b|
I	archsigns/|3(N57).GAR|.jpg	|3(N57).GAR|
I	archsigns/|3(N57).NUNUZ~a1|.jpg	|3(N57).NUNUZ~a1|
I	archsigns/|3(N57).NUNUZ~c|.jpg	|3(N57).NUNUZ~c|
I	archsigns/|3(N57).PIRIG~b1|.jpg	|3(N57).PIRIG~b1|
I	archsigns/|3(N57).SZUBUR|.jpg	|3(N57).SZUBUR|
I	archsigns/|3(N58).UR3~b1|.jpg	|3(N58).UR3~b1|
I	archsigns/|4(N57).AMAR|.jpg	|4(N57).AMAR|
I	archsigns/|4(N57).GAR|.jpg	|4(N57).GAR|
I	archsigns/|4(N57).KU3~a|.jpg	|4(N57).KU3~a|
I	archsigns/|4(N57).NI~b|.jpg	|4(N57).NI~b|
I	archsigns/|5(N57).GAR|.jpg	|5(N57).GAR|
I	archsigns/|5(N57).KU3~a|.jpg	|5(N57).KU3~a|
I	archsigns/|6(N57).GAR|.jpg	|6(N57).GAR|
I	archsigns/|6(N57).KU3~a|.jpg	|6(N57).KU3~a|
I	archsigns/|8(N57).NI~b|.jpg	|8(N57).NI~b|
N	archsigns/1(N01).jpg	1(N01)
N	archsigns/2(N01).jpg	2(N01)
N	archsigns/3(N01).jpg	3(N01)
N	archsigns/4(N01).jpg	4(N01)
N	archsigns/5(N01).jpg	5(N01)
N	archsigns/6(N01).jpg	6(N01)
N	archsigns/7(N01).jpg	7(N01)
N	archsigns/8(N01).jpg	8(N01)
N	archsigns/9(N01).jpg	9(N01)
N	archsigns/10(N01).jpg	10(N01)
N	archsigns/1(N01@f).jpg	1(N01@f)
N	archsigns/2(N01@f).jpg	2(N01@f)
N	archsigns/3(N01@f).jpg	3(N01@f)
N	archsigns/4(N01@f).jpg	4(N01@f)
N	archsigns/5(N01@f).jpg	5(N01@f)
N	archsigns/6(N01@f).jpg	6(N01@f)
N	archsigns/7(N01@f).jpg	7(N01@f)
N	archsigns/8(N01@f).jpg	8(N01@f)
N	archsigns/9(N01@f).jpg	9(N01@f)
N	archsigns/|1(N01@r)|.jpg	|1(N01@r)|
N	archsigns/1(N02).jpg	1(N02)
N	archsigns/2(N02).jpg	2(N02)
N	archsigns/3(N02).jpg	3(N02)
N	archsigns/4(N02).jpg	4(N02)
N	archsigns/5(N02).jpg	5(N02)
N	archsigns/6(N02).jpg	6(N02)
N	archsigns/7(N02).jpg	7(N02)
N	archsigns/8(N02).jpg	8(N02)
N	archsigns/9(N02).jpg	9(N02)
N	archsigns/|1(N02).RU|.jpg	|1(N02).RU|
N	archsigns/1(N03).jpg	1(N03)
N	archsigns/2(N03).jpg	2(N03)
N	archsigns/3(N03).jpg	3(N03)
N	archsigns/4(N03).jpg	4(N03)
N	archsigns/5(N03).jpg	5(N03)
N	archsigns/1(N04).jpg	1(N04)
N	archsigns/2(N04).jpg	2(N04)
N	archsigns/3(N04).jpg	3(N04)
N	archsigns/4(N04).jpg	4(N04)
N	archsigns/5(N04).jpg	5(N04)
N	archsigns/1(N04@f).jpg	1(N04@f)
N	archsigns/2(N04@f).jpg	2(N04@f)
N	archsigns/3(N04@f).jpg	3(N04@f)
N	archsigns/4(N04@f).jpg	4(N04@f)
N	archsigns/5(N04@f).jpg	5(N04@f)
N	archsigns/1(N05).jpg	1(N05)
N	archsigns/2(N05).jpg	2(N05)
N	archsigns/3(N05).jpg	3(N05)
N	archsigns/4(N05).jpg	4(N05)
N	archsigns/5(N05).jpg	5(N05)
N	archsigns/1(N06).jpg	1(N06)
N	archsigns/1(N07~a).jpg	1(N07~a)
N	archsigns/2(N07~a).jpg	2(N07~a)
N	archsigns/3(N07~a).jpg	3(N07~a)
N	archsigns/1(N07~b).jpg	1(N07~b)
N	archsigns/2(N07~b).jpg	2(N07~b)
N	archsigns/3(N07~b).jpg	3(N07~b)
N	archsigns/1(N08).jpg	1(N08)
N	archsigns/2(N08).jpg	2(N08)
N	archsigns/3(N08).jpg	3(N08)
N	archsigns/4(N08).jpg	4(N08)
N	archsigns/5(N08).jpg	5(N08)
N	archsigns/6(N08).jpg	6(N08)
N	archsigns/7(N08).jpg	7(N08)
N	archsigns/8(N08).jpg	8(N08)
N	archsigns/9(N08).jpg	9(N08)
N	archsigns/1(N08@f).jpg	1(N08@f)
N	archsigns/|1(N08@f)x1(N57)|.jpg	|1(N08@f)x1(N57)|
N	archsigns/1(N08~b).jpg	1(N08~b)
N	archsigns/2(N08~b).jpg	2(N08~b)
N	archsigns/3(N08~b).jpg	3(N08~b)
N	archsigns/4(N08~b).jpg	4(N08~b)
N	archsigns/4(N08~c).jpg	4(N08~c)
N	archsigns/1(N09).jpg	1(N09)
N	archsigns/1(N11).jpg	1(N11)
N	archsigns/1(N12).jpg	1(N12)
N	archsigns/1(N14).jpg	1(N14)
N	archsigns/2(N14).jpg	2(N14)
N	archsigns/3(N14).jpg	3(N14)
N	archsigns/4(N14).jpg	4(N14)
N	archsigns/5(N14).jpg	5(N14)
N	archsigns/6(N14).jpg	6(N14)
N	archsigns/7(N14).jpg	7(N14)
N	archsigns/8(N14).jpg	8(N14)
N	archsigns/9(N14).jpg	9(N14)
N	archsigns/10(N14).jpg	10(N14)
N	archsigns/12(N14).jpg	12(N14)
N	archsigns/1(N14@f).jpg	1(N14@f)
N	archsigns/2(N14@f).jpg	2(N14@f)
N	archsigns/3(N14@f).jpg	3(N14@f)
N	archsigns/4(N14@f).jpg	4(N14@f)
N	archsigns/5(N14@f).jpg	5(N14@f)
N	archsigns/6(N14@f).jpg	6(N14@f)
N	archsigns/7(N14@f).jpg	7(N14@f)
N	archsigns/8(N14@f).jpg	8(N14@f)
N	archsigns/9(N14@f).jpg	9(N14@f)
N	archsigns/10(N14@f).jpg	10(N14@f)
N	archsigns/2(LAGAB~a).jpg	2(LAGAB~a)
N	archsigns/4(LAGAB~a).jpg	4(LAGAB~a)
N	archsigns/6(LAGAB~a).jpg	6(LAGAB~a)
N	archsigns/1(N15).jpg	1(N15)
N	archsigns/2(N15).jpg	2(N15)
N	archsigns/3(N15).jpg	3(N15)
N	archsigns/4(N15).jpg	4(N15)
N	archsigns/5(N15).jpg	5(N15)
N	archsigns/1(N16).jpg	1(N16)
N	archsigns/1(N17).jpg	1(N17)
N	archsigns/1(N18).jpg	1(N18)
N	archsigns/2(N18).jpg	2(N18)
N	archsigns/3(N18).jpg	3(N18)
N	archsigns/4(N18).jpg	4(N18)
N	archsigns/5(N18).jpg	5(N18)
N	archsigns/6(N18).jpg	6(N18)
N	archsigns/7(N18).jpg	7(N18)
N	archsigns/8(N18).jpg	8(N18)
N	archsigns/9(N18).jpg	9(N18)
N	archsigns/1(N19).jpg	1(N19)
N	archsigns/2(N19).jpg	2(N19)
N	archsigns/3(N19).jpg	3(N19)
N	archsigns/4(N19).jpg	4(N19)
N	archsigns/5(N19).jpg	5(N19)
N	archsigns/6(N19).jpg	6(N19)
N	archsigns/7(N19).jpg	7(N19)
N	archsigns/8(N19).jpg	8(N19)
N	archsigns/9(N19).jpg	9(N19)
N	archsigns/1(N19@f).jpg	1(N19@f)
N	archsigns/2(N19@f).jpg	2(N19@f)
N	archsigns/3(N19@f).jpg	3(N19@f)
N	archsigns/4(N19@f).jpg	4(N19@f)
N	archsigns/5(N19@f).jpg	5(N19@f)
N	archsigns/6(N19@f).jpg	6(N19@f)
N	archsigns/7(N19@f).jpg	7(N19@f)
N	archsigns/8(N19@f).jpg	8(N19@f)
N	archsigns/9(N19@f).jpg	9(N19@f)
N	archsigns/1(N20).jpg	1(N20)
N	archsigns/2(N20).jpg	2(N20)
N	archsigns/3(N20).jpg	3(N20)
N	archsigns/4(N20).jpg	4(N20)
N	archsigns/5(N20).jpg	5(N20)
N	archsigns/6(N20).jpg	6(N20)
N	archsigns/7(N20).jpg	7(N20)
N	archsigns/8(N20).jpg	8(N20)
N	archsigns/9(N20).jpg	9(N20)
N	archsigns/2(N21).jpg	2(N21)
N	archsigns/3(N21).jpg	3(N21)
N	archsigns/4(N21).jpg	4(N21)
N	archsigns/5(N21).jpg	5(N21)
N	archsigns/6(N21).jpg	6(N21)
N	archsigns/1(N22).jpg	1(N22)
N	archsigns/2(N22).jpg	2(N22)
N	archsigns/1(N22@f).jpg	1(N22@f)
N	archsigns/2(N22@f).jpg	2(N22@f)
N	archsigns/1(N23).jpg	1(N23)
N	archsigns/2(N23).jpg	2(N23)
N	archsigns/3(N23).jpg	3(N23)
N	archsigns/5(N23).jpg	5(N23)
N	archsigns/7(N23).jpg	7(N23)
N	archsigns/1(N24).jpg	1(N24)
N	archsigns/2(N24).jpg	2(N24)
N	archsigns/4(N24).jpg	4(N24)
N	archsigns/6(N24).jpg	6(N24)
N	archsigns/1(N24@f).jpg	1(N24@f)
N	archsigns/1(N24~a).jpg	1(N24~a)
N	archsigns/1(N24~b).jpg	1(N24~b)
N	archsigns/1(N25).jpg	1(N25)
N	archsigns/1(N26).jpg	1(N26)
N	archsigns/1(N26~b).jpg	1(N26~b)
N	archsigns/1(N27).jpg	1(N27)
N	archsigns/1(N28).jpg	1(N28)
N	archsigns/1(N28~b).jpg	1(N28~b)
N	archsigns/1(N28~c).jpg	1(N28~c)
N	archsigns/1(N29~a).jpg	1(N29~a)
N	archsigns/2(N29~a).jpg	2(N29~a)
N	archsigns/1(N29~b).jpg	1(N29~b)
N	archsigns/1(N29A~b).jpg	1(N29A~b)
N	archsigns/2(N29A~b).jpg	2(N29A~b)
N	archsigns/1(N29A~c).jpg	1(N29A~c)
N	archsigns/1(N30~a).jpg	1(N30~a)
N	archsigns/1(N30~c).jpg	1(N30~c)
N	archsigns/1(N30~d).jpg	1(N30~d)
N	archsigns/1(N30~e).jpg	1(N30~e)
N	archsigns/1(N30A~c).jpg	1(N30A~c)
N	archsigns/1(N30C~b).jpg	1(N30C~b)
N	archsigns/1(N30C~c).jpg	1(N30C~c)
N	archsigns/1(N31).jpg	1(N31)
N	archsigns/1(N32).jpg	1(N32)
N	archsigns/1(N33).jpg	1(N33)
N	archsigns/1(N34).jpg	1(N34)
N	archsigns/2(N34).jpg	2(N34)
N	archsigns/3(N34).jpg	3(N34)
N	archsigns/4(N34).jpg	4(N34)
N	archsigns/5(N34).jpg	5(N34)
N	archsigns/6(N34).jpg	6(N34)
N	archsigns/7(N34).jpg	7(N34)
N	archsigns/8(N34).jpg	8(N34)
N	archsigns/9(N34).jpg	9(N34)
N	archsigns/|1(N34)x1(N58)|.jpg	|1(N34)x1(N58)|
N	archsigns/1(N34@f).jpg	1(N34@f)
N	archsigns/2(N34@f).jpg	2(N34@f)
N	archsigns/3(N34@f).jpg	3(N34@f)
N	archsigns/4(N34@f).jpg	4(N34@f)
N	archsigns/5(N34@f).jpg	5(N34@f)
N	archsigns/6(N34@f).jpg	6(N34@f)
N	archsigns/7(N34@f).jpg	7(N34@f)
N	archsigns/8(N34@f).jpg	8(N34@f)
N	archsigns/9(N34@f).jpg	9(N34@f)
N	archsigns/|1(N34F@t)|.jpg	|1(N34F@t)|
N	archsigns/1(N35).jpg	1(N35)
N	archsigns/2(N35).jpg	2(N35)
N	archsigns/5(N35).jpg	5(N35)
N	archsigns/1(N36).jpg	1(N36)
N	archsigns/2(N36).jpg	2(N36)
N	archsigns/3(N36).jpg	3(N36)
N	archsigns/4(N36).jpg	4(N36)
N	archsigns/5(N36).jpg	5(N36)
N	archsigns/6(N36).jpg	6(N36)
N	archsigns/7(N36).jpg	7(N36)
N	archsigns/8(N36).jpg	8(N36)
N	archsigns/9(N36).jpg	9(N36)
N	archsigns/1(N36@f).jpg	1(N36@f)
N	archsigns/1(N37).jpg	1(N37)
N	archsigns/2(N37).jpg	2(N37)
N	archsigns/1(N38).jpg	1(N38)
N	archsigns/1(N39~a).jpg	1(N39~a)
N	archsigns/2(N39~a).jpg	2(N39~a)
N	archsigns/3(N39~a).jpg	3(N39~a)
N	archsigns/4(N39~a).jpg	4(N39~a)
N	archsigns/1(N39~b).jpg	1(N39~b)
N	archsigns/2(N39~b).jpg	2(N39~b)
N	archsigns/3(N39~b).jpg	3(N39~b)
N	archsigns/4(N39~b).jpg	4(N39~b)
N	archsigns/1(N40).jpg	1(N40)
N	archsigns/2(N40).jpg	2(N40)
N	archsigns/3(N40).jpg	3(N40)
N	archsigns/4(N40).jpg	4(N40)
N	archsigns/1(N41).jpg	1(N41)
N	archsigns/2(N41).jpg	2(N41)
N	archsigns/3(N41).jpg	3(N41)
N	archsigns/4(N41).jpg	4(N41)
N	archsigns/1(N42~a).jpg	1(N42~a)
N	archsigns/2(N42~a).jpg	2(N42~a)
N	archsigns/3(N42~a).jpg	3(N42~a)
N	archsigns/4(N42~a).jpg	4(N42~a)
N	archsigns/1(N42~b).jpg	1(N42~b)
N	archsigns/2(N42~b).jpg	2(N42~b)
N	archsigns/3(N42~b).jpg	3(N42~b)
N	archsigns/4(N42~b).jpg	4(N42~b)
N	archsigns/1(N43).jpg	1(N43)
N	archsigns/4(N43).jpg	4(N43)
N	archsigns/1(N44).jpg	1(N44)
N	archsigns/1(N45).jpg	1(N45)
N	archsigns/2(N45).jpg	2(N45)
N	archsigns/3(N45).jpg	3(N45)
N	archsigns/4(N45).jpg	4(N45)
N	archsigns/5(N45).jpg	5(N45)
N	archsigns/6(N45).jpg	6(N45)
N	archsigns/7(N45).jpg	7(N45)
N	archsigns/9(N45).jpg	9(N45)
N	archsigns/1(N45@f).jpg	1(N45@f)
N	archsigns/2(N45@f).jpg	2(N45@f)
N	archsigns/3(N45@f).jpg	3(N45@f)
N	archsigns/4(N45@f).jpg	4(N45@f)
N	archsigns/5(N45@f).jpg	5(N45@f)
N	archsigns/6(N45@f).jpg	6(N45@f)
N	archsigns/7(N45@f).jpg	7(N45@f)
N	archsigns/8(N45@f).jpg	8(N45@f)
N	archsigns/9(N45@f).jpg	9(N45@f)
N	archsigns/1(N45~a).jpg	1(N45~a)
N	archsigns/1(N46).jpg	1(N46)
N	archsigns/2(N46).jpg	2(N46)
N	archsigns/3(N46).jpg	3(N46)
N	archsigns/1(N46@f).jpg	1(N46@f)
N	archsigns/2(N46@f).jpg	2(N46@f)
N	archsigns/1(N47).jpg	1(N47)
N	archsigns/2(N47).jpg	2(N47)
N	archsigns/3(N47).jpg	3(N47)
N	archsigns/1(N48).jpg	1(N48)
N	archsigns/2(N48).jpg	2(N48)
N	archsigns/3(N48).jpg	3(N48)
N	archsigns/4(N48).jpg	4(N48)
N	archsigns/5(N48).jpg	5(N48)
N	archsigns/6(N48).jpg	6(N48)
N	archsigns/7(N48).jpg	7(N48)
N	archsigns/1(N48@f).jpg	1(N48@f)
N	archsigns/1(N49).jpg	1(N49)
N	archsigns/2(N49).jpg	2(N49)
N	archsigns/3(N49).jpg	3(N49)
N	archsigns/4(N49).jpg	4(N49)
N	archsigns/5(N49).jpg	5(N49)
N	archsigns/1(N50).jpg	1(N50)
N	archsigns/2(N50).jpg	2(N50)
N	archsigns/3(N50).jpg	3(N50)
N	archsigns/4(N50).jpg	4(N50)
N	archsigns/5(N50).jpg	5(N50)
N	archsigns/1(N51).jpg	1(N51)
N	archsigns/2(N51).jpg	2(N51)
N	archsigns/3(N51).jpg	3(N51)
N	archsigns/4(N51).jpg	4(N51)
N	archsigns/5(N51).jpg	5(N51)
N	archsigns/6(N51).jpg	6(N51)
N	archsigns/7(N51).jpg	7(N51)
N	archsigns/8(N51).jpg	8(N51)
N	archsigns/1(N51@f).jpg	1(N51@f)
N	archsigns/2(N51@f).jpg	2(N51@f)
N	archsigns/3(N51@f).jpg	3(N51@f)
N	archsigns/4(N51@f).jpg	4(N51@f)
N	archsigns/5(N51@f).jpg	5(N51@f)
N	archsigns/6(N51@f).jpg	6(N51@f)
N	archsigns/7(N51@f).jpg	7(N51@f)
N	archsigns/8(N51@f).jpg	8(N51@f)
N	archsigns/9(N51@f).jpg	9(N51@f)
N	archsigns/1(N52).jpg	1(N52)
N	archsigns/2(N52).jpg	2(N52)
N	archsigns/3(N52).jpg	3(N52)
N	archsigns/4(N52).jpg	4(N52)
N	archsigns/5(N52).jpg	5(N52)
N	archsigns/3(N53).jpg	3(N53)
N	archsigns/1(N54).jpg	1(N54)
N	archsigns/2(N54).jpg	2(N54)
N	archsigns/3(N54).jpg	3(N54)
N	archsigns/4(N54).jpg	4(N54)
N	archsigns/5(N54).jpg	5(N54)
N	archsigns/1(N55).jpg	1(N55)
N	archsigns/1(N56).jpg	1(N56)
N	archsigns/2(N56).jpg	2(N56)
N	archsigns/|1(N57).1(N57)|.jpg	|1(N57).1(N57)|
N	archsigns/1(N57).jpg	1(N57)
N	archsigns/2(N57).jpg	2(N57)
N	archsigns/3(N57).jpg	3(N57)
N	archsigns/4(N57).jpg	4(N57)
N	archsigns/5(N57).jpg	5(N57)
N	archsigns/6(N57).jpg	6(N57)
N	archsigns/7(N57).jpg	7(N57)
N	archsigns/8(N57).jpg	8(N57)
N	archsigns/9(N57).jpg	9(N57)
N	archsigns/10(N57).jpg	10(N57)
N	archsigns/1(N58).jpg	1(N58)
N	archsigns/2(N58).jpg	2(N58)
N	archsigns/3(N58).jpg	3(N58)
N	archsigns/4(N58).jpg	4(N58)
N	archsigns/5(N58).jpg	5(N58)
N	archsigns/8(N58).jpg	8(N58)
N	archsigns/9(N58).jpg	9(N58)
N	archsigns/10(N58).jpg	10(N58)
N	archsigns/12(N58).jpg	12(N58)
N	archsigns/|1(N58@t)|.jpg	|1(N58@t)|
N	archsigns/2(N59).jpg	2(N59)
N	archsigns/3(N59).jpg	3(N59)
N	archsigns/4(N59).jpg	4(N59)
N	archsigns/1(N60).jpg	1(N60)
N	archsigns/3(N61).jpg	3(N61)
N	archsigns/4(N62).jpg	4(N62)
N	archsigns/1(N63).jpg	1(N63)
