oX	pcsl	cdli
o0900000	A	A
o0900001	|A×AB₂|	|AxAB2|
o0900002	|A×AN|	|AxAN|
o0900004	|A×EN~a~v2|	|AxEN~a|
o0900006	|A×ŠUBUR|	|AxSZUBUR|
o0900007	|A×ZATU672|	|AxZATU672|
o0900005	|A×1(N14)|	|Ax1(N14)|
o0900008	A@g	A@g
o0900009	A@t	A@t
o0900010	A₂	A2
o0900012	AB~a	AB~a
o0900018	|AB~a×A@t|	|AB~axA@t|
o0900020	|AB~a×AŠ₂|	|AB~axASZ2|
o0900022	|AB~a×KU₆~a|	|AB~axKU6~a|
o0900029	|AB~a×SUKKAL|	|AB~axSUKKAL|
o0900033	|AB~a×(ŠE~a&ŠE~a)|	|AB~ax(SZE~a&SZE~a)|
o0900035	|AB~a×X|	|AB~axX|
o0900038	|AB~a×ZATU659|	|AB~axZATU659|
o0900025	|AB~a×1(N01)|	|AB~ax1(N01)|
o0900040	AB~a@g	AB~a@g
o0900013	AB~a~v1	AB~a
o0900014	AB~b	AB~b
o0900016	|AB~b×A|	|AB~bxA|
o0900023	|AB~b×KU₆~a|	|AB~bxKU6~a|
o0900031	|AB~b×ŠA₃~a1|	|AB~bxSZA3~a1|
o0900041	AB₂	AB2
o0900043	|AB₂×2(N14)|	|AB2x2(N14)|
o0900042	AB₂~v1	AB2
o0900044	|AB₂~v2×2(N14)|	|AB2x2(N14)|
o0900047	ABGAL	ABGAL
o0900048	ABGAL~v1	ABGAL
o0900049	ABRIG	ABRIG
o0900050	ABZU	ABZU
o0900053	AD~a	AD~a
o0900054	AD~b	AD~b
o0900055	AD~c	AD~c
o0900056	ADAB	ADAB
o0900058	ADDA	ADDA
o0900059	ADDA@t	ADDA@t-2
o0900060	AGAR₂	AGAR2
o0900062	AK~a	AK~a
o0900063	AK~b	AK~b
o0900064	AL	AL
o0900066	ALAN~a	ALAN~a
o0900067	ALAN~b	ALAN~b
o0900068	ALAN~c	ALAN~c
o0900069	ALAN~d	ALAN~d
o0900070	ALAN~e	ALAN~e
o0900071	ALAN~f	ALAN~f
o0900072	ALIM	ALIM
o0900074	AM~a	AM~a
o0900075	AM~b	AM~b
o0900077	AMA~a	AMA~a
o0900081	|AMA~a×E₂~a|	|AMA~axE2~a|
o0900078	AMA~a~v1	AMA~a
o0900079	AMA~b	AMA~b
o0900082	AMAR	AMAR
o0900085	|AMAR.1(N02)|	|AMAR.1(N02)|
o0900087	|AMAR&AMAR|	|AMAR&AMAR|
o0900088	AMAR@g	AMAR@g
o0900083	AMAR~v1	AMAR
o0900084	AMAR~v2	AMAR
o0900086	|AMAR~v2×TAR~c|	|AMARxTAR|
o0900089	AN	AN
o0900090	AN~v1	AN
o0900091	AN~v2	AN
o0900093	ANŠE~a	ANSZE~a
o0900094	ANŠE~b	ANSZE~b
o0900095	ANŠE~c	ANSZE~c
o0900096	ANŠE~e	ANSZE~e
o0900098	ANZU₂	ANZU2
o0900100	APIN~a	APIN~a
o0900104	|APIN~a.APIN~a|	|APIN~a.APIN~a|
o0900101	APIN~b	APIN~b
o0900102	APIN~c	APIN~c
o0900106	ARARMA₂~a	ARARMA2~a
o0900107	ARARMA₂~a~v1	ARARMA2~a
o0900108	ARARMA₂~b	ARARMA2~b
o0900109	ARATTA	ARATTA
o0900110	ASAL₂	ASAL2
o0900111	ASAR	ASAR
o0900112	AŠ₂	ASZ2
o0900113	AZ	AZ
o0900114	AZU	AZU
o0900115	BA	BA
o0900116	BAD	BAD
o0900117	|BAD&BAD|	|BAD&BAD|
o0900119	BAD₃~a	BAD3~a
o0900121	BAD₃~b1	BAD3~b1
o0900122	BAD₃~b2	BAD3~b2
o0900124	BAHAR₂~a	BAHAR2~a
o0900125	BAHAR₂~a~v1	BAHAR2~a
o0900126	BAHAR₂~b	BAHAR2~b
o0900127	BAHAR₂~b~v1	BAHAR2~b
o0900128	BAHAR₂~c	BAHAR2~c
o0900130	BALA~a	BALA~a
o0900131	BALA~b	BALA~b
o0900132	BALA~b~v1	BALA~b
o0900133	BALAG	BALAG
o0900134	BALAG~v1	BALAG
o0900136	BAN~a	BAN~a
o0900137	BAN~a~v1	BAN~a
o0900138	BAN~a~v2	BAN~a
o0900139	BAN~b	BAN~b
o0900141	BANŠUR~a	BANSZUR~a
o0900146	BANŠUR~a@t	BANSZUR~a@t
o0900142	BANŠUR~b1	BANSZUR~b1
o0900143	BANŠUR~b2	BANSZUR~b2
o0900144	BANŠUR~c	BANSZUR~c
o0900148	BAPPIR~a	BAPPIR~a
o0900149	BAPPIR~b	BAPPIR~b
o0900150	BAPPIR~c	BAPPIR~c
o0900151	BAPPIR~d	BAPPIR~d
o0900152	BAPPIR~e	BAPPIR~e
o0900153	BAPPIR~f	BAPPIR~f
o0900154	BAR	BAR
o0900158	BARA₂~a	BARA2~a
o0900159	BARA₂~a~v1	BARA2~a
o0900160	BARA₂~b	BARA2~b
o0900161	BARA₂~b~v1	BARA2~b
o0900162	BARA₃	BARA3
o0900163	BAU405	UET2_405
o0900165	BIR~a	BIR~a
o0900166	BIR~b	BIR~b
o0900167	BIR~c	BIR~c
o0900169	BIR₃~a	BIR3~a
o0900170	BIR₃~a~v1	BIR3~a
o0900171	BIR₃~b	BIR3~b
o0900172	BIR₃~b~v1	BIR3~b
o0900173	BIR₃~c	BIR3~c
o0900175	BU~a	BU~a
o0900199	|BU~a+DU₆~a|	|BU~a+DU6~a|
o0900200	|BU~a+DU₆~a~v1|	|BU~a+DU6~a|
o0900185	|BU~a×GIŠ@t|	|BU~axGISZ@t|
o0900187	|BU~a×1(N58)|	|BU~ax1(N58)|
o0900191	|(BU~a&BU~a).NA₂~a|	|(BU~a&BU~a).NA2~a|
o0900192	|(BU~a&BU~a).NA₂~a~v1|	|(BU~a&BU~a).NA2~a|
o0900193	|(BU~a&BU~a).NA₂~b|	|(BU~a&BU~a).NA2~b|
o0900197	|(BU~a&BU~a).X|	|(BU~a&BU~a).X|
o0900176	BU~a~v1	BU~a
o0900183	|BU~a~v1×A|	|BU~axA|
o0903398	|(BU~a~v1%BU~a~v1).NA₂~a@n|	|(BU~a&BU~a).NA2~a@n|
o0900177	BU~b	BU~b
o0900181	|BU~b.NA₂~a~v1|	|BU~b.NA2~a|
o0900205	BU₃	BU3
o0900206	BULUG	BULUG
o0900207	BULUG₃	BULUG3
o0900211	BUR~a	BUR~a
o0900212	BUR~b	BUR~b
o0900213	BUR~c	BUR~c
o0900214	BUR~d	BUR~d
o0900215	BUR₂	BUR2
o0900217	DA~a	DA~a
o0900222	|DA~a.LIŠ|	|DA~a.LISZ|
o0900218	DA~b	DA~b
o0900219	DA~c	DA~c
o0900220	DA~d	DA~d
o0900223	DAG	DAG
o0900224	DAH	DAH
o0900225	DAM	DAM
o0900226	DANNA	DANNA
o0900228	DAR~a	DAR~a
o0900233	|DAR~a×A|	|DAR~axA|
o0900229	DAR~b	DAR~b
o0900230	DAR~c	DAR~c
o0900231	DAR~d	DAR~d
o0900235	DARA₃~a	DARA3~a
o0900236	DARA₃~b	DARA3~b
o0900237	DARA₃~c	DARA3~c
o0900241	|DARA₃~c×KAR₂~b|	|DARA3~cxKAR2|
o0900246	|DARA₃~c×(KAR₂~c.ŠE~a)|	|DARA3~cx(KAR2.SZE~a)|
o0900238	DARA₃~c~v1	DARA3~c
o0900239	DARA₃~d	DARA3~d
o0900243	|DARA₃~d×KAR₂~b|	|DARA3~dxKAR2|
o0900242	|DARA₃~d1×KAR₂~b|	|DARA3~dxKAR2|
o0900244	|DARA₃~d2×KAR₂~a1|	|DARA3~dxKAR2|
o0900247	|DARA₃~d2×(KAR₂~a1.ŠE~a)|	|DARA3~dx(KAR2.SZE~a)|
o0900249	DARA₄~a1	DARA4~a1
o0900250	DARA₄~a2	DARA4~a2
o0900251	DARA₄~a3	DARA4~a3
o0900252	DARA₄~b	DARA4~b
o0900254	DARA₄~c1	DARA4~c1
o0900255	DARA₄~c2	DARA4~c2
o0900256	DARA₄~c3	DARA4~c3
o0900257	DARA₄~c4	DARA4~c4
o0900258	DARA₄~c5	DARA4~c5
o0900260	DI	DI
o0900261	DI@t	DI@t
o0900262	DIB	DIB
o0900263	DIB~v1	DIB
o0900264	DILMUN	DILMUN
o0900265	DILMUN~v1	DILMUN
o0900266	DILMUN~v2	DILMUN
o0900269	DIM~a	DIM~a
o0900273	|DIM~a×GU|	|DIM~axGU|
o0900275	|DIM~a×X|	|DIM~axX|
o0900270	DIM~b	DIM~b
o0900271	DIM~c	DIM~c
o0900276	DIN	DIN
o0900278	DIN@t	DIN@t
o0900279	DU	DU
o0900281	|DU×1(N58@t)|	|DUxDISZ|
o0900282	DU@g	DU@g
o0900284	DU₆~a	DU6~a
o0900285	DU₆~a~v1	DU6~a
o0900290	|DU₆~a~v1×1(N58)|	|DU6~axDISZ|
o0900287	DU₆~b	DU6~b
o0900288	DU₆~c	DU6~c
o0900291	DU₇	DU7
o0900293	DU₈~a	DU8~a
o0900294	DU₈~b	DU8~b
o0900295	DU₈~b~v1	DU8~b
o0900296	DU₈~c	DU8~c
o0900303	|DU₈~c×HI|	|DU8~cxHI|
o0900305	|DU₈~c×UDU~a|	|DU8~cxUDU~a|
o0900307	|DU₈~c×X|	|DU8~cxX|
o0900309	DU₈~c@g	DU8~c@g
o0900310	DU₈~c@g~v1	DU8~c@g
o0900312	DUB~a	DUB~a
o0900313	DUB~b	DUB~b
o0900314	DUB~b~v1	DUB~b
o0900315	DUB~b~v2	DUB~b
o0900316	DUB~b~v3	DUB~b
o0900317	DUB~b~v4	DUB~b
o0900318	DUB~c	DUB~c
o0900319	DUB~d	DUB~d
o0900320	DUB~e	DUB~e
o0900321	DUB~f	DUB~f
o0900324	|(DUB@n~a×1(N58))~a|	|(DUBxDISZ)~a|
o0900326	|(DUB@n~a×1(N58))~b|	|(DUBxDISZ)~c|
o0900325	|DUB@n~b×1(N58)~a|	|(DUBxDISZ)~b|
o0900329	DUB₂	DUB2
o0900331	DUG~a	DUG~a
o0900369	|DUG~a×HI|	|DUG~axHI|
o0900375	|DUG~a×KASKAL|	|DUG~axKASKAL|
o0900388	|DUG~a×LAM~b|	|DUG~axLAM~b|
o0900407	|DUG~a×NAGA~a|	|DUG~axNAGA~a|
o0900447	|DUG~a×U₂~a|	|DUG~axU2~a|
o0900448	|DUG~a×U₂~b|	|DUG~axU2~b|
o0900460	|DUG~a×X|	|DUG~axX|
o0900394	|DUG~a×1(N57)|	|DUG~ax1(N57)|
o0900478	DUG~a@t	
o0900332	DUG~a~v1	DUG~a
o0900333	DUG~a~v2	DUG~a
o0900334	DUG~b	DUG~b
o0900342	|DUG~b×ANŠE~b|	|DUG~bxANSZE~b|
o0900343	|DUG~b×ANŠE~d|	|DUG~bxANSZE~d|
o0900347	|DUG~b×BALA~a|	|DUG~bxBALA~a|
o0900349	|DUG~b×BIR₃~c|	|DUG~bxBIR3~c|
o0900351	|DUG~b×DIN|	|DUG~bxDIN|
o0900354	|(DUG~b×DIN)@r|	|(DUG~bxDIN)@r|
o0900356	|DUG~b×E~a|	|DUG~bxE~a|
o0900358	|DUG~b×GA~a~v4|	|DUG~bxGA~a|
o0900359	|DUG~b×GA~b|	|DUG~bxGA~b|
o0900361	|DUG~b×GEŠTU~a~v2|	|DUG~bxGESZTU~a|
o0900363	|DUG~b×GEŠTU~b|	|DUG~bxGESZTU~b|
o0900365	|DUG~b×GI₆|	|DUG~bxGI6|
o0900367	|DUG~b×GIŠ|	|DUG~bxGISZ|
o0900370	|DUG~b×HI|	|DUG~bxHI|
o0900376	|DUG~b×KASKAL|	|DUG~bxKASKAL|
o0900379	|DUG~b×KU₆~a|	|DUG~bxKU6~a|
o0900381	|DUG~b×KUR~a|	|DUG~bxKUR~a|
o0900384	|DUG~b×(KUR~a.X)|	|DUG~bx(KUR~a.X)|
o0900382	|DUG~b×KUR~b|	|DUG~bxKUR~b|
o0900386	|DUG~b×KUR@g~a|	|DUG~bxKUR@g~a|
o0900389	|DUG~b×LAM~a|	|DUG~bxLAM~a|
o0900391	|DUG~b×MAŠ|	|DUG~bxMASZ|
o0900408	|DUG~b×NAGA~a|	|DUG~bxNAGA~a|
o0900410	|DUG~b×NAM₂|	|DUG~bxNAM2|
o0900412	|DUG~b×(NI~a@g.ZATU779)|	|DUG~bx(NI~a@g.ZATU779)|
o0900414	|DUG~b×SA~a|	|DUG~bxSA~a|
o0900418	|DUG~b×SI₄~a|	|DUG~bxSI4~a|
o0900420	|DUG~b×(SI₄~a.X)|	|DUG~bx(SI4~a.X)|
o0900422	|DUG~b×SIG₂~a1|	|DUG~bxSIG2~a1|
o0900423	|DUG~b×SIG₂~a2|	|DUG~bxSIG2~a2|
o0900425	|DUG~b×SIG₇|	|DUG~bxSIG7|
o0900427	|DUG~b×SUHUR|	|DUG~bxSUHUR|
o0900431	|DUG~b×ŠAH₂~a|	|DUG~bxSZAH2~a|
o0900433	|DUG~b×ŠE~a|	|DUG~bxSZE~a|
o0900437	|DUG~b×(ŠE~a.NAM₂)|	|DUG~bx(SZE~a.NAM2)|
o0900439	|DUG~b×TAK₄~a|	|DUG~bxTAK4~a|
o0900441	|DUG~b×(TAK₄~a.SA~a)|	|DUG~bx(TAK4~a.SA~a)|
o0900443	|DUG~b×(TAK₄~a.SAL)|	|DUG~bx(TAK4~a.SAL)|
o0900445	|DUG~b×TI|	|DUG~bxTI|
o0900449	|DUG~b×U₂~a|	|DUG~bxU2~a|
o0900450	|DUG~b×U₂~b|	
o0900456	|DUG~b×UH₃~a|	|DUG~bxUH3~a|
o0900458	|DUG~b×UH₃~a@t|	|DUG~bxUH3~a@t|
o0900461	|DUG~b×X|	|DUG~bxX|
o0900464	|DUG~b×ZATU707~a|	|DUG~bxZATU707~a|
o0900466	|DUG~b×ZATU764|	|DUG~bxZATU764|
o0900468	|DUG~b×ZATU779|	|DUG~bxZATU779|
o0900470	|DUG~b×ZATU780|	|DUG~bxZATU780|
o0900472	|DUG~b×ZATU781|	|DUG~bxZATU781|
o0900474	|DUG~b×(ZATU789.SA~a)|	|DUG~bx(ZATU789.SA~a)|
o0900395	|DUG~b×1(N57)|	|DUG~bx1(N57)|
o0900401	|DUG~b×(1(N57).KU₃~a)|	|DUG~bx(1(N57).KU3~a)|
o0900403	|DUG~b×3(N57)|	|DUG~bx3(N57)|
o0900335	DUG~b~v1	DUG~b
o0900340	|DUG~b~v1×AB₂|	|DUG~bxAB2|
o0900352	|DUG~b~v1×DIN|	|DUG~bxDIN|
o0900362	|DUG~b~v1×GEŠTU~a~v2|	|DUG~bxGESZTU~a|
o0900371	|DUG~b~v1×HI|	|DUG~bxHI|
o0900373	|DUG~b~v1×HI@g~a|	|DUG~bxHI@g~a|
o0900392	|DUG~b~v1×MAŠ|	|DUG~bxMASZ|
o0900434	|DUG~b~v1×ŠE~a|	|DUG~bxSZE~a|
o0900435	|DUG~b~v1×ŠE~a@t|	|DUG~bxSZE~a|
o0900451	|DUG~b~v1×U₂~b|	|DUG~bxU2~b|
o0900462	|DUG~b~v1×X|	|DUG~bxX|
o0900396	|DUG~b~v1×1(N57)|	|DUG~bx1(N57)|
o0900476	|(DUG~b~v1&DUG~b~v1)×1(N58)|	|(DUG~b&DUG~b)x1(N58)|
o0900452	|DUG~b~v2×U₂~b|	|DUG~bxU2~b|
o0900479	DUG~c@t	DUG~c@t
o0900336	DUG~c~v1	DUG~c
o0900397	|DUG~c~v1×1(N57)|	|DUG~cx1(N57)|
o0900398	|DUG~c~v2×1(N57)|	|DUG~cx1(N57)|
o0900337	DUG~c~v3	DUG~c
o0900399	|DUG~c~v3×1(N57)|	|DUG~cx1(N57)|
o0900480	DUG~c2@t	
o0900338	DUG~d	DUG~d
o0900481	DUGUD	DUGUD
o0900483	DUR~a	DUR~a
o0900484	DUR~b	DUR~b
o0900485	DUR₂	DUR2
o0900487	E~a	E~a
o0900488	E~b	E~b
o0900489	E~c	E~c
o0900490	E~d	E~d
o0900491	E~e	E~e
o0900493	E₂~a	E2~a
o0900498	|E₂~a.LIŠ|	|E2~a.LISZ|
o0900506	|E₂~a×3(N58)|	|E2~ax3(N58)|
o0900503	|E₂~a×1(N58@t)|	|E2~ax1(N57)@t|
o0900494	E₂~b	E2~b
o0900499	|E₂~b.LIŠ|	|E2~b.LISZ|
o0900504	|E₂~b×1(N58@t)|	|E2~bx1(N57)@t|
o0900495	E₂~c	E2~c
o0900496	E₂~d	E2~d
o0900508	E₃~a	E3~a
o0900510	E₃~b	E3~b
o0900511	EDIN	EDIN
o0900513	EN~a	EN~a
o0900514	EN~a~v1	EN~a
o0900515	EN~a~v2	EN~a
o0900516	EN~a~v3	EN~a
o0900517	EN~b	EN~b
o0900528	EN~b@t	EN~b@t
o0900518	EN~b~v1	EN~b
o0900519	EN~c	EN~c
o0900523	|EN~c&EN~c|	|EN~c&EN~c|
o0900520	EN~c~v1	EN~c
o0900521	EN~e	EN~e
o0900525	EN@g~a	EN@g~a
o0900526	EN@g~b	EN@g~b
o0900529	EN₂	EN2
o0900531	|EN₂.E₂~a|	|EN2.E2~a|
o0900532	|EN₂.E₂~b|	|EN2.E2~b|
o0900533	ENDIB	ENDIB
o0900534	ENGIZ	ENGIZ
o0900535	ENKUM	ENKUM
o0900536	ENKUM~v1	ENKUM
o0900537	ENLIL	ENLIL
o0900538	ENSI	ENSI
o0900539	ENSI₂	ENSI2
o0900541	ERIM~a	ERIM~a
o0900542	ERIM~b1	ERIM~b1
o0900543	ERIM~b2	ERIM~b2
o0900544	ERIM₂	ERIM2
o0900545	ERIN	ERIN
o0900546	EŠDA	ESZDA
o0900547	|EŠDA×TAR~a|	|ESZDAxTAR|
o0900548	EŠGAR	ESZGAR
o0900550	EZEN~a	EZEN~a
o0900557	|EZEN~a×EN~b~v1|	|EZEN~axEN~b|
o0900559	|EZEN~a×(HI×1(N57).AN)|	|EZEN~ax(HI.1(N57).AN)|
o0900561	|EZEN~a×KAB|	|EZEN~axKAB|
o0900565	|EZEN~a×KI|	|EZEN~axKI|
o0900567	|EZEN~a×LA~e|	|EZEN~axLA~e|
o0900568	|EZEN~a×LA~e|~v1	|EZEN~axLA~e|
o0900573	|EZEN~a×NIM~b2|	|EZEN~axNIM~b2|
o0900575	|EZEN~a×NIMGIR|	|EZEN~axNIMGIR|
o0900577	|EZEN~a×RAD~a|	|EZEN~axRAD~a|
o0900579	|EZEN~a×SAG~v1|	|EZEN~axSAG|
o0900581	|EZEN~a×SU~a|	|EZEN~axSU~a|
o0900583	|EZEN~a×(U₂~b.A)|	|EZEN~ax(U2~b.A)|
o0900585	|EZEN~a×U₄|	|EZEN~axU4|
o0900587	|EZEN~a×X|	|EZEN~axX|
o0900551	EZEN~a~v1	EZEN~a
o0900556	|EZEN~a~v1×EN~a|	|EZEN~axEN~a|
o0900552	EZEN~b	EZEN~b
o0900570	|EZEN~b×6(N57)|	|EZEN~bx6(N57)|
o0900570	|EZEN~b×6(N57)|~v1	|EZEN~bx6(N57)|
o0900592	EZEN~b@t	EZEN~b@t
o0900554	EZEN~c	EZEN~c
o0900594	EZINU~a	EZINU~a
o0900595	EZINU~b	EZINU~b
o0900596	EZINU~c	EZINU~c
o0900597	EZINU~d	EZINU~d
o0900599	GA~a	GA~a
o0900600	GA~a~v1	GA~a
o0900607	|GA~a~v1.ZATU753|	|GA~a.ZATU753|
o0900601	GA~a~v2	GA~a
o0900602	GA~a~v3	GA~a
o0900603	GA~a~v4	GA~a
o0900608	|GA~a~v4.ZATU753|~v1	|GA~a.ZATU753|
o0900614	|GA~a~v4×X|	|GA~axX|
o0900604	GA~b	GA~b
o0900605	GA~c	GA~c
o0900610	|GA~c×KASKAL|	|GA~cxKASKAL|
o0900612	|GA~c×1(N14)|	|GA~cx1(N14)|
o0900616	GA₂~a1	GA2~a1
o0900623	|GA₂~a1×A|	|GA2~a1xA|
o0900631	|GA₂~a1×EN~b~v1|	|GA2~a1xEN~b|
o0900634	|GA₂~a1×GEŠTU~c3|	|GA2~a1xGESZTU~c3|
o0900635	|GA₂~a1×GEŠTU~c5|	|GA2~a1xGESZTU~c5|
o0900637	|GA₂~a1×GIR~a|	|GA2~a1xGIR~a|
o0900639	|GA₂~a1×(GIR~a.KU₆~a)|	|GA2~a1x(GIR~a.KU6~a)|
o0900641	|GA₂~a1×GIŠ@t|	|GA2~a1xGISZ@t|
o0900643	|GA₂~a1×GU₄|	|GA2~a1xGU4|
o0900648	|GA₂~a1×HAL|	|GA2~a1xHAL|
o0900650	|GA₂~a1×HI|	|GA2~a1xHI|
o0900652	|GA₂~a1×(HI.SUHUR~v1)|	|GA2~a1x(HI.SUHUR)|
o0900654	|GA₂~a1×KU₃~a|	|GA2~a1xKU3~a|
o0900657	|GA₂~a1×KU₆~a|	|GA2~a1xKU6~a|
o0900660	|GA₂~a1×(KU₆~a.KU₆~a)|	|GA2~a1x(KU6~a.KU6~a)|
o0900662	|GA₂~a1×LAGAB~b|	|GA2~a1xLAGAB~b|
o0900664	|GA₂~a1×MAŠ|	|GA2~a1xMASZ|
o0900675	|GA₂~a1×NAGA~a|	|GA2~a1xNAGA~a|
o0900680	|GA₂~a1×NIM~b1|	|GA2~a2xNIM~b1|
o0900682	|GA₂~a1×NUN~a|	|GA2~a1xNUN~a|
o0900685	|GA₂~a1×PAD~b|	|GA2~a1xPAD~b|
o0900687	|GA₂~a1×PAP~a|	|GA2~a1xPAP~a|
o0900689	|GA₂~a1×SU~a|	|GA2~a1xSU~a|
o0900691	|GA₂~a1×SUHUR|	|GA2~a1xSUHUR|
o0900694	|GA₂~a1×SUKUD|	|GA2~a1xSUKUD|
o0900696	|GA₂~a1×((SUKUD+SUKUD)~a)|	|GA2~a1x((SUKUD&SUKUD)~a)|
o0900697	|GA₂~a1×((SUKUD+SUKUD)~b)|	|GA2~a1x((SUKUD&SUKUD)~b)|
o0900699	|GA₂~a1×SUMAŠ|	|GA2~a1xSUMASZ|
o0900701	|GA₂~a1×ŠA|	|GA2~a1xSZA|
o0900705	|GA₂~a1×TI|	|GA2~a1xTI|
o0900707	|GA₂~a1×U₄|	|GA2~a1xU4|
o0900709	|GA₂~a1×X|	|GA2~a1xX|
o0900666	|GA₂~a1×1(N14)|	|GA2~a1x1(N14)|
o0900668	|GA₂~a1×1(N57)|	|GA2~a1x1(N57)|
o0900670	|GA₂~a1×3(N57)|	|GA2~a2x3(N57)|
o0900617	GA₂~a2	GA2~a2
o0900644	|GA₂~a2×GU₄|	|GA2~a2xGU4|
o0900677	|GA₂~a2×NI~a|	|GA2~a2xNI~a|
o0900678	|GA₂~a2×NI~b|	|GA2~a2xNI~b|
o0900692	|GA₂~a2×SUHUR|	|GA2~a2xSUHUR|
o0900703	|GA₂~a2×ŠE₃~v1|	|GA2~a2xSZE3|
o0900646	|GA₂~a2×(ŠE₃~v1.GU₄)|	|GA2~a2x(GU4.SZE3)|
o0900711	|GA₂~a2×X|	|GA2~a2xX|
o0900618	GA₂~a3	GA2~a3
o0900712	|GA₂~a3×X|	|GA2~a3xX|
o0900619	GA₂~a4	GA2~a4
o0900620	GA₂~b	GA2~b
o0900625	|GA₂~b×DUB~a|	|GA2~bxDUB~a|
o0900626	|GA₂~b×DUB~b~v2|	|GA2~bxDUB~b|
o0900655	|GA₂~b×KU₃~a|	|GA2~bxKU3~a|
o0900715	|GA₂~b×ZATU659|	|GA2~bxZATU659|
o0900621	GA₂~c	GA2~c
o0900719	GAʾAR~a1	GA’AR~a1
o0900720	GAʾAR~a2	GA’AR~a2
o0900721	GAʾAR~b1	GA’AR~b1
o0900722	GAʾAR~b2	GA’AR~b2
o0900724	GADA~a	GADA~a
o0900725	GADA~b	GADA~b
o0900727	GADA~b@g	GADA~b@g
o0900729	GAL~a	GAL~a
o0900730	GAL~b	GAL~b
o0900732	GALGA~a	GALGA~a
o0900733	GALGA~b	GALGA~b
o0900736	GAN~a	GAN~a
o0900737	GAN~a~v1	GAN~a
o0900738	GAN~b	GAN~b
o0900739	GAN~b~v1	GAN~b
o0900740	GAN~b~v2	GAN~b
o0900741	GAN~b~v3	GAN~b
o0900742	GAN~c	GAN~c
o0900747	|GAN~c×DIN|	|GAN~cxDIN|
o0900751	|GAN~c×HI|	|GAN~cxHI|
o0900755	|GAN~c×(HI.DIN)|	|GAN~cx(HI.DIN)|
o0900761	|GAN~c×LAGAB~b|	|GAN~cxLAGAB~b|
o0900765	|GAN~c×NE~a|	|GAN~cxNE~a|
o0900767	|GAN~c×SIG₇|	|GAN~cxSIG7|
o0900773	|GAN~c×X|	|GAN~cxX|
o0900743	GAN~c~v1	GAN~c
o0900757	|GAN~c~v1×KAŠ~c|	|GAN~cxKASZ~c|
o0900759	|GAN~c~v1×(KUR~a.A)|	|GAN~cx(KUR~a.A)|
o0900775	|GAN~c~v1×ZATU777~v1|	|GAN~cxZATU777|
o0900769	|GAN~c~v2×ŠE~a|	|GAN~cxSZE~a|
o0900771	|GAN~c~v2×ŠE₃~v1@t|	|GAN~cxSZE3@t|
o0900744	GAN~d	GAN~d
o0900749	|GAN~d×GEŠTU~a~v2|	|GAN~dxGESZTU~a|
o0900752	|GAN~d×HI|	|GAN~dxHI|
o0900778	GAN₂	GAN2
o0900779	GAR	GAR
o0900781	GAR@g~a	GAR@g~a
o0900782	GAR@g~b	GAR@g~b
o0900783	GAR@g~c	GAR@g~c
o0900784	GAR₃	GAR3
o0900786	GARA₂~a	GARA2~a
o0900787	GARA₂~b	GARA2~b
o0900788	GAZI	GAZI
o0900790	GEŠTIN~a	GESZTIN~a
o0900791	GEŠTIN~c	GESZTIN~c
o0900795	|GEŠTIN~c×X|	|GESZTIN~cxX|
o0900797	GEŠTU~a	GESZTU~a
o0900805	|GEŠTU~a×ŠE~a@t~v1|	|GESZTU~axSZE~a@t|
o0900798	GEŠTU~a~v1	GESZTU~a
o0900799	GEŠTU~a~v2	GESZTU~a
o0900800	GEŠTU~b	GESZTU~b
o0900801	GEŠTU~c3	GESZTU~c3
o0900802	GEŠTU~c3~v1	GESZTU~c3
o0900803	GEŠTU~c5	GESZTU~c5
o0900806	GI	GI
o0900812	|GI×KU~b1|	|GIxKU~b1|
o0900817	|GI×NAM₂|	|GIxNAM2|
o0900819	|GI×SIG₂~d1|	|GIxSIG2~d1|
o0900820	|GI×ŠE₃~v1|	|GIxSZE3|
o0900821	|GI×X|	|GIxX|
o0900816	|GI×1(N58@t)|	|GIx1(N58)@t|
o0900822	|GI&GI|	|GI&GI|
o0900823	|(GI&GI)×GIŠ@t|	|(GI&GI)xGISZ@t|
o0900824	|(GI&GI)×ŠE₃~v1|	|(GI+&GI)xSZE3|
o0900825	|(GI&GI)×X|	|(GI&GI)xX|
o0900827	GI@t	GI@t
o0900807	GI~v1	GI
o0900810	|GI~v1×GIŠ@t|	|GIxGISZ@t|
o0900814	|GI~v1×LAGAB~a|	|GIxLAGAB~a|
o0900815	|GI~v1×1(N14)|	|GIx1(N14)|
o0900826	|GI~v1&GI~v1&GI~v1|	|GI&GI&GI|
o0900829	GI₄~a	GI4~a
o0900832	|GI₄~a×A|	|GI4~axA|
o0900834	|GI₄~a&GI₄~a|	|GI4~a&GI4~a|
o0900830	GI₄~b	GI4~b
o0900835	|GI₄~b&GI₄~b|	|GI4~b&GI4~b|
o0900836	GI₆	GI6
o0900837	GI₆~v1	GI6
o0900839	GIBIL	GIBIL
o0900840	GIBIL@t	GIBIL@t
o0900841	GIBIL₆	GIBIL6
o0900842	GIG	GIG
o0900843	GIL	GIL
o0900845	GIR~a	GIR~a
o0900853	|GIR~a.KU₆~a|	|GIR~a.KU6~a|
o0900846	GIR~b	GIR~b
o0900847	GIR~b~v1	GIR~b
o0900851	|GIR~b~v1.GIR~b~v1|	|GIR~b.GIR~b|
o0900848	GIR~c	GIR~c
o0900849	GIR~d	GIR~d
o0900855	GIR₂~a	GIR2~a
o0900856	GIR₂~b	GIR2~b
o0900858	GIR₃~a	GIR3~a
o0900864	|GIR₃~a×ŠE~b|	|GIR3~axSZE~b|
o0900859	GIR₃~b	GIR3~b
o0900860	GIR₃~c	GIR3~c
o0900862	|GIR₃~c×KAR₂~b|	|GIR3~cxKAR2|
o0900866	|GIR₃~c×ŠE₃~v1|	|GIR3~cxSZE3|
o0900869	GIR₃@g~a	GIR3@g~a
o0900870	GIR₃@g~b	GIR3@g~b
o0900871	GIR₃@g~c	GIR3@g~c
o0900867	GIR₄	GIR4
o0900873	GISAL~a	GISAL~a
o0900874	GISAL~b	GISAL~b
o0900875	GIŠ	GISZ
o0900877	|GIŠ.TE|	|GISZ.TE|
o0900879	|(GIŠ×(DIN.DIN))~a|	|(GISZx(DIN.DIN))~a|
o0900880	|(GIŠ×(DIN.DIN))~b|	|(GISZx(DIN.DIN))~b|
o0900881	|(GIŠ×(DIN.DIN))~c|	|(GISZx(DIN.DIN))~c|
o0900883	|GIŠ×ŠU₂~a|	|GISZxSZU2~a|
o0900884	|GIŠ×ŠU₂~b|	|GISZxSZU2~b|
o0900885	GIŠ@t	GISZ@t
o0900887	|GIŠ@t.E₂~a|	|GISZ@t.E2~a|
o0900876	GIŠ~v	GISZ~x
o0900889	GIŠ₃~a	GISZ3~a
o0900892	|GIŠ₃~a&GIŠ₃~a|	|GISZ3~a&GISZ3~a|
o0900890	GIŠ₃~b	GISZ3~b
o0900893	GIŠGAL	GISZGAL
o0900894	GIŠGAL~v1	GISZGAL
o0900896	GIŠIMMAR~a1	GISZIMMAR~a1
o0900897	GIŠIMMAR~a2	GISZIMMAR~a2
o0900898	GIŠIMMAR~a3	GISZIMMAR~a3
o0900899	GIŠIMMAR~b1	GISZIMMAR~b1
o0900900	GIŠIMMAR~b1~v1	GISZIMMAR~b1
o0900901	GIŠIMMAR~b1~v2	GISZIMMAR~b1
o0900903	GIŠIMMAR~b3	GISZIMMAR~b3
o0900905	GIZZAL~v	GIZZAL~x
o0900906	GU	GU
o0900907	GU₂	GU2
o0900908	GU₄	GU4
o0900911	|GU₄.ZATU755~b|	|GU4.ZATU755~a|
o0900914	GU₄@g	GU4@g
o0900909	GU₄~v1	GU4
o0900912	GU₇	GU7
o0900913	GU₇~v1	GU7
o0900916	GUB₃~a	GUB3~a
o0900917	GUB₃~b	GUB3~b
o0900918	GUB₃~c	GUB3~c
o0900919	GUB₃~d	GUB3~d
o0900920	GUG₂	GUG2
o0900927	GUG₂@t	GUG2@t
o0900921	GUG₂~v1	GUG2
o0900923	|GUG₂~v1×SILA₃~a|	|GUG2xSILA3~a|
o0900925	|GUG₂~v1×ŠITA~a1|	|GUG2xSZITA~a1|
o0900926	|GUG₂~v1×TUR~v1|	|GUG2xTUR|
o0900929	GUKKAL~a	GUKKAL~a
o0900934	|GUKKAL~a.HI@g~a|	|GUKKAL~a.HI@g~a|
o0900930	GUKKAL~b	GUKKAL~b
o0900931	GUKKAL~c	GUKKAL~c
o0900932	GUKKAL~d	GUKKAL~d
o0900935	GUL	GUL
o0900937	GUM~a	GUM~a
o0900938	GUM~b	GUM~b
o0900941	GUM~b@n	GUM~b@n
o0900942	GUM~b@n~v1	GUM~b@n
o0900939	GUM~b~v1	GUM~b
o0900944	GUN₃~a	GUN3~a
o0900945	GUN₃~b	GUN3~b
o0900946	GUR	GUR
o0900948	GURUŠ~a	GURUSZ~a
o0900952	|GURUŠ~a×2(N14)|	|GURUSZ~ax2(N14)|
o0900949	GURUŠ~a~v1	GURUSZ~a
o0900950	GURUŠ~b	GURUSZ~b
o0900953	|GURUŠ~b×2(N14)|	|GURUSZ~bx2(N14)|
o0900954	|GURUŠ~c×2(N14)|	|GURUSZ~cx2(N14)|
o0900955	GURUŠDA	GURUSZDA
o0900956	HAL	HAL
o0900957	HALUB	HALUB
o0900958	HAŠHUR	HASZHUR
o0900959	|HAŠHUR×MA|	|HASZHURxMA|
o0900960	HI	HI
o0900962	|HI.SUHUR|	|HI.SUHUR|
o0900963	|HI.SUHUR~v1|	|HI.SUHUR|
o0900964	|HI.SUHUR~v2|	|HI.SUHUR|
o0900966	|HI×LAGAB~a|	|HIxLAGAB~a|
oX	|HI×ŠE₃~v1@t|	|HIxSZE3@t|
o0900974	|HI×ZATU707~a|	|HIxZATU707~a|
o0900967	|HI×1(N01@f)|	|HIx1(N01)F|
o0900968	|HI×1(N57)|	|HIx1(N57)|
o0900969	|(HI×1(N57)).(HI×1(N57))|	|(HIx1(N57))&(HI+1(N57))|
o0900970	|HI×1(N57@t)|	|HIx1(N57)@t|
o0900971	|HI×1(N58)|	|HIx1(N58)|
o0900976	HI@g~a	HI@g~a
o0900977	HI@g~b	HI@g~b
o0900978	HI@g~c	HI@g~c
o0900979	HUB₂	HUB2
o0900981	I	I
o0900983	IB~a	IB~a
o0900987	IB~a@n	IB~a@n
o0900984	IB~b	IB~b
o0900988	IDIGNA	IDIGNA
o0900989	IDIGNA~v1	IDIGNA
o0900991	IG~a	IG~a
o0900992	IG~b	IG~b
o0900993	IGI	IGI
o0900995	IL	IL
o0900997	ILDUM~a	ILDUM~a
o0900998	ILDUM~b	ILDUM~b
o0901000	IM~a	IM~a
o0901003	IM~a@g	IM~a@g
o0901001	IM~b	IM~b
o0901005	IN~b	IN~b
o0901006	IN~b~v1	IN~b
o0901007	IN~d	IN~d
o0901009	IR~a	IR~a
o0901014	|IR~a.GA₂~a1|	|IR~a.GA2~a1|
o0901010	IR~b	IR~b
o0901011	IR~c	IR~c
o0901012	IR~d	IR~d
o0901016	IR₁₁	IR11
o0901017	IR₁₁~v1	IR11
o0901018	IRHAN	IRHAN
o0901020	IŠ~a	ISZ~a
o0901021	IŠ~a~v1	ISZ~a
o0901022	IŠ~b	ISZ~b
o0901023	IŠ~b~v1	ISZ~b
o0901024	IŠ~b~v2	ISZ~b
o0901025	IŠ~b~v3	ISZ~b
o0901026	IŠ~b~v4	ISZ~b
o0901027	IŠ~b~v5	ISZ~b
o0901028	IŠ~c	ISZ~c
o0901030	KA~a	KA~a
o0901036	|KA~a×SAR~a|	|KA~axSAR~a|
o0901033	|KA~a~v1.ŠE~a|	|KA~a.SZE~a|
o0901032	|KA~a~v2.ŠE~a@t|	|KA~a.SZE~a|
o0901038	KA₂~a	KA2~a
o0901039	KA₂~b	KA2~b
o0901040	KA₂~c	KA2~c
o0901041	KA₂~d	KA2~d
o0901043	|KA₂~d×LAM~b~v2|	|KA2xLAM|
o0901044	KAB	KAB
o0901045	|KAB×1(N58)|	|KABx1(N58)|
o0901047	KAD₄~a	KAD4~a
o0901048	KAD₄~b	KAD4~b
o0901049	KAD₄~c1	KAD4~c1
o0901050	KAD₄~c2	KAD4~c2
o0901052	KAK~a	KAK~a
o0901055	|KAK~a.GA₂~a1|	|KAK~a.GA2~a1|
o0901053	KAK~b	KAK~b
o0901057	KAL~a	KAL~a
o0901058	KAL~b1	KAL~b1
o0901059	KAL~b1~v1	KAL~b1
o0901060	KAL~b2	KAL~b2
o0901062	KALAM~a	KALAM~a
o0901063	KALAM~b	KALAM~b
o0901064	KALAM~c	KALAM~c
o0901065	KALAM~d	KALAM~d
o0901066	KALAM~e	KALAM~e
o0901067	KALAM~f	KALAM~f
o0901071	KAR	KAR
o0901073	KAR₂~a	KAR2~a
o0901074	KAR₂~b	KAR2~b
o0901075	KASKAL	KASKAL
o0901076	KASKAL@g	KASKAL@g
o0901078	KAŠ~a	KASZ~a
o0901079	KAŠ~a~v1	KASZ~a
o0901080	KAŠ~b	KASZ~b
o0901088	KAŠ~b@t	KASZ~b@t
o0901081	KAŠ~b~v1	KASZ~b
o0901086	|KAŠ~b~v1×ŠE~a@t~v1|	|KASZ~bxSZE~a|
o0901082	KAŠ~c	KASZ~c
o0901083	KAŠ~d	KASZ~d
o0901089	KEŠ₂	KESZ2
o0901090	KI	KI
o0901091	KI@n	KI@n
o0901093	|KI@n×DUB~a|	|KI@nxDUB~a|
o0901094	KIB	KIB
o0901095	KIB@g	KIB@g
o0901097	KID~a	KID~a
o0901098	KID~b	KID~b
o0901099	KID~c	KID~c
o0901100	KID~d	KID~d
o0901101	KID~e	KID~e
o0901102	KIN	KIN
o0901104	KIN₂~a	KIN2~a
o0901106	KIN₂~c	KIN2~c
o0901107	KIN₂~d	KIN2~d
o0901108	KIN₂~e	KIN2~e
o0901109	KINGAL	KINGAL
o0901110	KINGAL~v1	KINGAL
o0901111	KIR₁₁	KIR11
o0901113	KISAL~a1	KISAL~a1
o0901114	KISAL~a2	KISAL~a2
o0901115	KISAL~b1	KISAL~b1
o0901116	KISAL~b2	KISAL~b2
o0901120	KISAL~b2@t	KISAL~b2@t
o0901117	KISAL~b3	KISAL~b3
o0901122	KISIM~a	KISIM~a
o0901123	KISIM~b	KISIM~b
o0901124	KISIM~b~v1	KISIM~b
o0901125	KISIM~b~v2	KISIM~b
o0901126	KISIM~b~v3	KISIM~b
o0901127	KISIM~c	KISIM~c
o0901128	KIŠ	KISZ
o0901129	KIŠ~v1	KISZ
o0901131	KIŠIK~a	KISZIK~a
o0901132	KIŠIK~b	KISZIK~b
o0901133	KITI	KITI
o0901134	KITI~v1	KITI
o0901136	KU~a	KU~a
o0901140	KU~a@t	KU~a@t
o0901137	KU~b1	KU~b1
o0901138	KU~b2	KU~b2
o0901142	KU₃~a	KU3~a
o0901143	KU₃~c	KU3~c
o0901145	KU₆~a	KU6~a
o0901149	|KU₆~a.1(N02)|	|KU6~a.1(N02)|
o0901151	|KU₆~a+GIŠ|	|KU6~a+GISZ|
o0901153	|KU₆~a+KU₆~a|	|KU6~a+KU6~a|
o0901155	KU₆~a@s	KU6~a@s
o0901146	KU₆~c	KU6~c
o0901147	KU₆~d	KU6~d
o0901156	KUN	KUN
o0901158	KUR~a	KUR~a
o0901164	|KUR~a.E₂~a|	|KUR~a.E2~a|
o0901167	|KUR~a.NUNUZ~a1|	|KUR~a.NUNUZ~a1|
o0901159	KUR~b	KUR~b
o0901165	|KUR~b.E₂~a|	|KUR~b.E2~a|
o0901160	KUR~c	KUR~c
o0901161	KUR~c~v1	KUR~c
o0901162	KUR~d	KUR~d
o0901169	KUR@g~a	KUR@g~a
o0901170	KUR@g~b	KUR@g~b
o0901172	KUŠU₂~a	KUSZU2~a
o0901173	KUŠU₂~b	KUSZU2~b
o0901174	KUŠU₂~c	KUSZU2~c
o0901175	KUŠU₂~d	KUSZU2~d
o0901176	KUŠU₂~e	KUSZU2~e
o0901177	KUŠU₂~f	KUSZU2~f
o0901179	LA~b	LA~b
o0901180	LA~c	LA~c
o0901181	LA~d	LA~d
o0901182	LA~e	LA~e
o0901184	LA₂	LA2
o0901186	LAGAB~a	LAGAB~a
o0901191	|LAGAB~a×BA|	|LAGAB~axBA|
o0901195	|LAGAB~a×BIR₃~b|	|LAGAB~axBIR3~b|
o0901197	|LAGAB~a×DU₆~a~v1|	|LAGAB~axDU6~b|
o0901205	|LAGAB~a×KAK~a|	|LAGAB~axKAK~a|
o0901207	|LAGAB~a×KU₆~a|	|LAGAB~axKU6~a|
o0901209	|LAGAB~a×(KU₆~a+KU₆~a)|	|LAGAB~ax(KU6~a+KU6~a)|
o0901213	|LAGAB~a×KUŠU₂~a@t|	|LAGAB~axKUSZU2~b|
o0901217	|LAGAB~a×LAGAB~a|	|LAGAB~axLAGAB~a|
o0901219	|LAGAB~a×ME~a|	|LAGAB~axME~a|
o0901229	|LAGAB~a×NUN~b|	|LAGAB~axNUN~b|
o0901231	|LAGAB~a×PA~a|	|LAGAB~axPA~a|
o0901234	|LAGAB~a×SI~v1|	|LAGAB~axSI|
o0901237	|LAGAB~a×SIG₇~v1|	|LAGAB~axSIG7|
o0901239	|LAGAB~a×SU~a|	|LAGAB~axSU~a|
o0901243	|LAGAB~a×ŠA|	|LAGAB~axSZA|
o0901245	|LAGAB~a×ŠITA~a1|	|LAGAB~axSZITA~a1|
o0901248	|LAGAB~a×TI|	|LAGAB~axTI|
o0901250	|LAGAB~a×U₄|	|LAGAB~axU4|
o0901253	|LAGAB~a×UB|	|LAGAB~axUB|
o0901255	|LAGAB~a×X|	|LAGAB~axX|
o0901258	|LAGAB~a×ZATU753|	|LAGAB~axZATU753|
o0901223	|LAGAB~a×2(N14)|	|LAGAB~ax2(N14)|
o0901187	LAGAB~b	LAGAB~b
o0901193	|LAGAB~b×BANŠUR~a|	|LAGAB~bxBANSZUR~a|
o0901199	|LAGAB~b×GAʾAR~a1|	|LAGAB~bxGA’AR~a1|
o0901201	|LAGAB~b×HI|	|LAGAB~bxHI|
o0901211	|LAGAB~b×KUR~e|	|LAGAB~bxKUR~e|
o0901232	|LAGAB~b×PA~a|	|LAGAB~bxPA~a|
o0901235	|LAGAB~b×SI|	|LAGAB~bxSI|
o0901241	|LAGAB~b×SUH₃|	|LAGAB~bxSUH3|
o0901246	|LAGAB~b×ŠITA~c|	|LAGAB~bxSZITA~c|
o0901251	|LAGAB~b×U₄|	|LAGAB~bxU4|
o0901256	|LAGAB~b×X|	|LAGAB~bxX|
o0901221	|LAGAB~b×1(N01)|	|LAGAB~bx1(N01)|
o0901260	|LAGAB~b&LAGAB~b|	|LAGAB~bxLAGAB~b|
o0901262	LAGAR~a	LAGAR~a
o0901267	LAGAR~a@r	LAGAR~a@r
o0901263	LAGAR~b1	LAGAR~b1
o0901264	LAGAR~b2	LAGAR~b2
o0901265	LAGAR~c	LAGAR~c
o0901268	LAHTAN₂	LAHTAN2
o0901295	LAK025	LAK025
o0901296	LAK050	LAK050
o0901297	LAK172	LAK172
o0901298	LAK251	LAK251
o0901299	LAK350	LAK350
o0901300	LAK777	LAK777
o0901270	LAL₂~a	LAL2~a
o0901273	|LAL₂~a×EZEN~a~v1|	|LAL2~axEZEN~a|
o0901277	|LAL₂~a×NIM~b2|	|LAL2~axNIM~b2|
o0901271	LAL₂~b	LAL2~b
o0901279	LAL₃~a	LAL3~a
o0901280	LAL₃~b	LAL3~b
o0901281	LAL₃~c	LAL3~c
o0901283	LAM~a	LAM~a
o0901284	LAM~b	LAM~b
o0901290	LAM~b@r	LAM~b@r
o0901292	LAM~b@s	LAM~b@s
o0901294	LAM~b@t	LAM~b@t
o0901285	LAM~b~v1	LAM~b
o0901286	LAM~b~v2	LAM~b
o0901287	LAM~c	LAM~c
o0901301	LI	LI
o0901302	LI~v1	LI
o0901303	LIŠ	LISZ
o0901304	LU₂	LU2
o0901308	|LU₂×GEŠTU~c3|	|LU2xGESZTU~c3|
o0901309	LU₂@t	LU2@t
o0901305	LU₂~v1	LU2
o0901306	LU₂~v2	LU2
o0901310	LUGAL	LUGAL
o0901311	LUGAL~v1	LUGAL
o0901312	LUM	LUM
o0901313	MA	MA
o0901316	|MA×MA|	|MAxMA|
o0901318	|MA×1(N58)|	|MAx1(N58)|
o0901314	MA~v1	MA
o0901315	|MA~v1×A|	|MAxA|
o0901319	|MA~v1×X|	|MAxX|
o0901317	|MA~v1×2(N57)|	|MAx2(N57)|
o0901320	MA₂	MA2
o0901322	MAGUR~a	MAGUR~a
o0901323	MAGUR~b	MAGUR~b
o0901325	MAH~a	MAH~a
o0901328	|MAH~a×AB₂|	|MAH~axAB2|
o0901330	|MAH~a×GUKKAL~a|	|MAH~axGUKKAL~a|
o0901332	|MAH~a×KU₆~a|	|MAH~axKU6~a|
o0901335	|MAH~a×MAŠ|	|MAH~axMASZ|
o0901338	|MAH~a×NA~a|	|MAH~axNA~a|
o0901343	|MAH~a×(SILA₃~a×UMBIN~a)|	|MAH~ax(SILA3~axUMBIN~a)|
o0901345	|MAH~a×TUG₂~a|	|MAH~axTUG2~a|
o0901349	|MAH~a×UD₅~a~v1|	|MAH~axUD5~a|
o0901351	|MAH~a×UDU~a|	|MAH~axUDU~a|
o0901353	|MAH~a×UR~a|	|MAH~axUR~a|
o0901355	|MAH~a×UTUA~a|	|MAH~axUTUA~a|
o0901357	|MAH~a×X|	|MAH~axX|
o0901359	|MAH~a×ZATU659|	|MAH~axZATU659|
o0901326	MAH~b	MAH~b
o0901333	|MAH~b×KU₆~a|	|MAH~bxKU6~a|
o0901336	|MAH~b×MAŠ|	|MAH~bxMASZ|
o0901339	|MAH~b×NA~a|	|MAH~bxNA~a|
o0901341	|MAH~b×SAL|	|MAH~bxSAL|
o0901361	MAR~a	MAR~a
o0901375	MAR~a@t	MAR~a@t
o0901362	MAR~a~v1	MAR~a
o0901363	MAR~b	MAR~b
o0901367	|MAR~b×(LAGAB~b.ŠE₃~v1)|	|MAR~bx(LAGAB~b.SZE3)|
o0901369	|MAR~b×ŠE~a|	|MAR~bxSZE~a|
o0901371	|MAR~b×X|	|MAR~bxX|
o0901376	MAŠ	MASZ
o0901377	MAŠ₂	MASZ2
o0901378	MAŠ₂@g	MASZ2@g
o0901380	ME~a	ME~a
o0901381	ME~b	ME~b
o0901382	ME₃	ME3
o0901384	MEN~a	MEN~a
o0901385	MEN~a~v1	MEN~a
o0901386	MEN~b	MEN~b
o0901387	MES	MES
o0901388	MES~v1	MES
o0901390	MIR~a	MIR~a
o0901391	MIR~b	MIR~b
o0901392	MU	MU
o0901393	MUD	MUD
o0901394	MUD~v1	MUD
o0901396	MUD₃~a	MUD3~a
o0901401	MUD₃~a@g	MUD3~a@g
o0901403	|MUD₃~a@g×GU|	|MUD3~a@gxGU|
o0901397	MUD₃~b	MUD3~b
o0901398	MUD₃~c	MUD3~c
o0901399	MUD₃~d	MUD3~d
o0901404	MUL	MUL
o0901407	MUN~a1	MUN~a1
o0901408	MUN~a2	MUN~a2
o0901409	MUN~a3	MUN~a3
o0901410	MUN~a4	MUN~a4
o0901411	MUN~b	MUN~b
o0901413	MUNŠUB~a	MUNSZUB~a
o0901414	MUNŠUB~b	MUNSZUB~b
o0901415	MUNU₃	MUNU3
o0901416	MURUB₂	MURUB2
o0901417	MUŠ	MUSZ
o0901419	MUŠ₃~a	MUSZ3~a
o0901424	MUŠ₃~a@g	MUSZ3~a@g
o0901425	MUŠ₃~a@g~v1	MUSZ3~a@g
o0901420	MUŠ₃~a~v1	MUSZ3~a
o0901421	MUŠ₃~a~v2	MUSZ3~a
o0901422	MUŠ₃~b	MUSZ3~b
o0901426	MUŠEN	MUSZEN
o0901429	|MUŠEN.UR₃~b2|	|MUSZEN.UR3~b2|
o0901434	|MUŠEN×PAP~a|	|MUSZENxPAP~a|
o0901435	|MUŠEN×X|	|MUSZENxX|
o0901430	|MUŠEN×1(N57)|	|MUSZENx1(N57)|
o0901431	|MUŠEN×2(N57)|	|MUSZENx2(N57)|
o0901432	|MUŠEN×3(N57)|	|MUSZENx3(N57)|
o0901437	NA~a	NA~a
o0901438	NA~b	NA~b
o0901439	NA~c	NA~c
o0901440	NA~d	NA~d
o0901442	NA₂~a	NA2~a
o0901443	NA₂~a~v1	NA2~a
o0901444	NA₂~b1	NA2~b1
o0901445	NA₂~b2	NA2~b2
o0901448	NAB	NAB
o0901449	NAB~v1	NAB
o0901450	NAB~v2	NAB
o0901452	NAGA~a	NAGA~a
o0901455	|NAGA~a×TAK₄~a|	|NAGA~axTAK4~a|
o0901453	NAGA~b	NAGA~b
o0901457	NAGAR~a	NAGAR~a
o0901458	NAGAR~a~v1	NAGAR~a
o0901459	NAGAR~a~v2	NAGAR~a
o0901460	NAGAR~a~v3	NAGAR~a
o0901461	NAGAR~b	NAGAR~b
o0901462	NAGAR~b~v1	NAGAR~b
o0901464	NAM~a	NAM~a
o0901465	NAM~b	NAM~b
o0901466	NAM~c	NAM~c
o0901467	NAM~d	NAM~d
o0901468	NAM₂	NAM2
o0901469	|NAM₂×1(N01)|	|NAM2x1(N01)|
o0901470	NAM₂@g	NAM2@g
o0901471	NAM₂@t	NAM2@t
o0901472	NAMEŠDA	NAMESZDA
o0901473	NAMEŠDA~v1	NAMESZDA
o0901475	NANNA~a	NANNA~a
o0901476	NANNA~a~v1	NANNA~a
o0901477	NANNA~b	NANNA~b
o0901479	NANŠE~a	NANSZE~a
o0901480	NANŠE~b	NANSZE~b
o0901481	NAR	NAR
o0901483	NE~a	NE~a
o0901484	NE~a~v1	NE~a
o0901485	NE~a~v2	NE~a
o0901486	NE~b	NE~b
o0901487	NE~c	NE~c
o0901488	NE~d	NE~d
o0901491	NERGAL~v	NERGAL~x
o0901493	NESAG₂~a	NESAG2~a
o0901494	NESAG₂~a1	NESAG2~a
o0901496	NESAG₂~b	NESAG2~b
o0901499	NESAG₂~b@t	NESAG2~b@t
o0901497	NESAG₂~b~v1	NESAG2~b
o0901501	NI~a	NI~a
o0901504	|NI~a.RU~v1|	|NI~a.RU|
o0901506	|NI~a×1(N57)|	|NI~ax1(N57)|
o0901512	NI~a@g	NI~a@g
o0901502	NI~b	NI~b
o0901510	|NI~b×X|	|NI~bxX|
o0901508	|NI~b×4(N57)|	|NI~bx4(N57)|
o0901513	NI₂	NI2
o0901514	NIGIN	NIGIN
o0901516	NIM~a	NIM~a
o0901517	NIM~b1	NIM~b1
o0901518	NIM~b2	NIM~b2
o0901519	NIM~b3	NIM~b3
o0901521	NIMGIR	NIMGIR
o0901522	NIMGIR~v1	NIMGIR
o0901524	NIN	NIN
o0901525	NINDA₂	NINDA2
o0901527	|NINDA₂×AN|	|NINDA2xAN|
o0901528	|NINDA₂×(AN.HI)|	|NINDA2x(AN.HI)|
o0901535	|NINDA₂×(AN.ME~a)|	|NINDA2x(AN.ME~a)|
o0901537	|NINDA₂×(AN.X)|	|NINDA2x(AN.X)|
o0901538	|NINDA₂×BA|	|NINDA2xBA|
o0901540	|NINDA₂×EZEN~b|	|NINDA2xEZEN~b|
o0901542	|NINDA₂×GAʾAR~a1|	|NINDA2xGA’AR~a1|
o0901543	|NINDA₂×GAR|	|NINDA2xGAR|
o0901544	|NINDA₂×GIŠ|	|NINDA2xGISZ|
o0901546	|NINDA₂×(GIŠ.DAR~a)|	|NINDA2x(GISZ.DAR~a)|
o0901547	|NINDA₂×GU₄|	|NINDA2xGU4|
o0901534	|NINDA₂×GUDU₄|~v2	|NINDA2xGUDU4|
o0901536	|NINDA₂×GUDU₄|~v3	|NINDA2xGUDU4|
o0901548	|NINDA₂×HI|	|NINDA2xHI|
o0901533	|NINDA₂×(HI.AN.ME~a)|	|NINDA2x(HI.AN.ME~a)|
o0901530	|NINDA₂×(HI.ME~a)|	|NINDA2x(HI+ME~a)|
o0901549	|NINDA₂×(HI.X)|	|NINDA2x(HI.X)|
o0901532	|NINDA₂×(HI~a1.AN.ME~a)|	|NINDA2xGUDU4|
o0901531	|NINDA₂×(HI~a1.ME~a)|	|NINDA2xGUDU4|
o0901553	|NINDA₂×KAŠ~b|	|NINDA2xKASZ~b|
o0901556	|NINDA₂×MAR~b|	|NINDA2xMAR~b|
o0901562	|NINDA₂×NE~a~v1|	|NINDA2xNE~a|
o0901566	|NINDA₂×ŠIM~a~v2|	|NINDA2xSZIM~a|
o0901567	|NINDA₂×U₄|	|NINDA2xU4|
o0901568	|NINDA₂×(U₄.X)|	|NINDA2x(U4.X)|
o0901570	|NINDA₂×(UDU~a×TAR~a)|	|NINDA2x((UDU~axTAR)~a)|
o0901571	|NINDA₂×(UDU~a×TAR~b)|	|NINDA2x((UDU~axTAR)~b)|
o0901572	|NINDA₂×X|	|NINDA2xX|
o0901574	|NINDA₂×(X.MAŠ)|	|NINDA2x(X.MASZ)|
o0901575	|NINDA₂×(ZATU659×1(N01))|	|NINDA2x(ZATU659x1(N01))|
o0901557	|NINDA₂×1(N01)|	|NINDA2x1(N01)|
o0901558	|NINDA₂×2(N01)|	|NINDA2x2(N01)|
o0901559	|NINDA₂×1(N06)|	|NINDA2x1(N06)|
o0901551	|NINDA₂×(1(N06).HI@g~a)|	|NINDA2x(HI@g~a.1(N06))|
o0901560	|NINDA₂×1(N08)|	|NINDA2x1(N08)|
o0901526	NINDA₂~v1	NINDA2
o0901577	NINKUM	NINKUM
o0901578	NINLIL	NINLIL
o0901580	NIR~a	NIR~a
o0901583	|NIR~a×AN|	|NIR~axAN|
o0901581	NIR~b	NIR~b
o0901584	NU	NU
o0901585	NU@g	NU@g
o0901586	NU₁₁	NU11
o0901587	|NU₁₁&NU₁₁|	|NU11&NU11|
o0901588	NU₁₁@t	NU11@t
o0901589	NUMUN	NUMUN
o0901590	NUMUN₂	NUMUN2
o0901592	NUN~a	NUN~a
o0901603	|NUN~a+A|	|NUN~a+A|
o0901606	|NUN~a+EN~a~v2|	|NUN~a+EN~a|
o0901607	|NUN~a+EN~b~v1|	|NUN~a+EN~b|
o0901608	|NUN~a+EN~d|	|NUN~a+EN~d|
o0901611	|NUN~a+NAM₂|	|NUN~a+NAM2|
o0901593	NUN~b	NUN~b
o0901609	|NUN~b+EN~a|	|NUN~b+EN~a|
o0901594	NUN~c	NUN~c
o0901595	NUN~c~v1	NUN~c
o0901596	NUN~c~v2	NUN~c
o0901597	NUN~c~v3	NUN~c
o0901598	NUN~d	NUN~d
o0901613	NUNUZ~a0	NUNUZ~a0
o0901614	NUNUZ~a1	NUNUZ~a1
o0901623	NUNUZ~a1@t	NUNUZ~a1@t
o0901615	NUNUZ~a2	NUNUZ~a2
o0901616	NUNUZ~b1	NUNUZ~b1
o0901617	NUNUZ~b2	NUNUZ~b2
o0901618	NUNUZ~c	NUNUZ~c
o0901619	NUNUZ~c~v1	NUNUZ~c
o0901620	NUNUZ~c~v2	NUNUZ~c
o0901621	NUNUZ~c~v3	NUNUZ~c
o0901625	PA~a	PA~a
o0901626	PA~a~v1	PA~a
o0901627	PA~a~v2	PA~a
o0901628	PA~b	PA~b
o0901634	PA₃	PA3
o0901636	PAD~a	PAD~a
o0901637	PAD~b	PAD~b
o0901639	PAP~a	PAP~a
o0901643	PAP~a@t	PAP~a@t
o0901640	PAP~b	PAP~b
o0901641	PAP~b~v1	PAP~b
o0901645	PIRIG~a1	PIRIG~a1
o0901646	PIRIG~a2	PIRIG~a2
o0901647	PIRIG~a3	PIRIG~a3
o0901648	PIRIG~b1	PIRIG~b1
o0901653	|PIRIG~b1×UR₂|	|PIRIG~b1xUR2|
o0901649	PIRIG~b2	PIRIG~b2
o0901656	PU₂	PU2
o0901657	RA	RA
o0901659	RAD~a	RAD~a
o0901662	RAD~a@g	RAD~a@g
o0901664	RAD~a@t	RAD~a@t
o0901660	RAD~b	RAD~b
o0901665	RI	RI
o0901666	RI~x	RI~x
o0901668	RI₈~a	RI8~a
o0901669	RI₈~b	RI8~b
o0901670	RU	RU
o0901672	RU@t	RU@t
o0901671	RU~v1	RU
o0901674	SA~a	SA~a
o0901675	SA~c	SA~c
o0901676	SA~c~v1	SA~c
o0901677	SAG	SAG
o0901681	|SAG×GEŠTU~a|	|SAGxGESZTU~a|
o0901691	|SAG×SAR~a|	|SAGxSAR~a|
o0901694	SAG@g	SAG@g
o0901695	SAG@n	SAG@n
o0901682	|SAG@n×GEŠTU~b|	|SAGxGESZTU~b|
o0901678	SAG~v1	SAG
o0901684	|SAG~v1×GEŠTU~c|	|SAGxGESZTU~c|
o0901686	|SAG~v1×LAM~c|	|SAGxLAM~c|
o0901687	|SAG~v1×MA~v1|	|SAGxMA|
o0901688	|SAG~v1×1(N14)|	|SAGx1(N14)|
o0901679	SAG~v2	SAG
o0901683	|SAG~v2×GEŠTU~b|	|SAGxGESZTU~b|
o0901696	SAGŠU	SAGSZU
o0901697	SAL	SAL
o0901699	|SAL.KUR~a|	|SAL.KUR~a|
o0901701	|SAL.LAM~b|	|SAL.LAM~b|
o0901703	|SAL.ŠU₂~b|	|SAL.SZU2|
o0901704	|SAL×1(N58)|	|SALx1(N58)|
o0901709	SANGA~a	SANGA~a
o0901710	SANGA~a~v1	SANGA~a
o0901711	SANGA~a~v2	SANGA~a
o0901712	SANGA~b	SANGA~b
o0901713	SANGA~b~v1	SANGA~b
o0901714	SANGA~c	SANGA~c
o0901718	SAR~a	SAR~a
o0901723	|SAR~a×ŠE~a|	|SAR~axSZE~a|
o0901719	SAR~b	SAR~b
o0901720	SAR~c	SAR~c
o0901724	SI	SI
o0901729	|SI×GU₄|	|SIxGU4|
o0901734	|SI×ŠE₃~v1|	|SIxSZE3|
o0901725	SI~v1	SI
o0901739	SI₄~a	SI4~a
o0901740	SI₄~b	SI4~b
o0901741	SI₄~c	SI4~c
o0901742	SI₄~d	SI4~d
o0901743	SI₄~d~v1	SI4~d
o0901744	SI₄~f	SI4~f
o0901745	SI₄~f~v1	SI4~f
o0901746	SIG	SIG
o0901749	SIG@g	SIG@g
o0901751	SIG₂~a1	SIG2~a1
o0901752	SIG₂~a2	SIG2~a2
o0901753	SIG₂~a3	SIG2~a3
o0901754	SIG₂~a3~v1	SIG2~a3
o0901755	SIG₂~a3~v2	SIG2~a3
o0901756	SIG₂~a4	SIG2~a4
o0901757	SIG₂~b	SIG2~b
o0901767	|SIG₂~b×1(N14)|	|SIG2~bx1(N14)|
o0901769	|SIG₂~b&SIG₂~b|	|SIG2~b.SIG2~b|
o0901758	SIG₂~c1	SIG2~c1
o0901759	SIG₂~c2	SIG2~c2
o0901760	SIG₂~d1	SIG2~d1
o0901761	SIG₂~d2	SIG2~d2
o0901762	SIG₂~d2~v1	SIG2~d2
o0901763	SIG₂~d3	SIG2~d3
o0901764	SIG₂~d4	SIG2~d4
o0901765	SIG₂~e	SIG2~e
o0901770	SIG₄	SIG4
o0901771	SIG₇	SIG7
o0901772	SIG₇~v1	SIG7
o0901773	SIKIL	SIKIL
o0901775	SILA₃~a	SILA3~a
o0901781	|SILA₃~a×A|	|SILA3~axA|
o0901783	|SILA₃~a×AMAR|	|SILA3~axAMAR|
o0901786	|SILA₃~a×DUG~a|~v1	|SILA3~axDUG~a|
o0901787	|SILA₃~a×DUG~b|	|SILA3~axDUG~b|
o0901790	|SILA₃~a×GA~a~v3|	|SILA3~axGA~a|
o0901792	|SILA₃~a×GARA₂~a|	|SILA3~axGARA2~a|
o0901794	|SILA₃~a×GEŠTU~a~v2|	|SILA3~axGESZTU~a|
o0901795	|SILA₃~a×GEŠTU~c3|	|SILA3~axGESZTU~c3|
o0901796	|SILA₃~a×GEŠTU~c5|	|SILA3~axGESZTU~c5|
o0901800	|SILA₃~a×HAŠHUR|	|SILA3~axHASZHUR|
o0901802	|SILA₃~a×HI|	|SILA3~axHI|
o0901804	|SILA₃~a×HI@g~a|	|SILA3~axHI@g~a|
o0901806	|SILA₃~a×IB~a|	|SILA3~axIB~a|
o0901808	|SILA₃~a×KAŠ~a|	|SILA3~axKASZ~a|
o0901809	|SILA₃~a×KAŠ~c|	|SILA3~axKASZ~c|
o0901810	|SILA₃~a×KAŠ~d|	|SILA3~axKASZ~d|
o0901812	|SILA₃~a×KU₆~a|	|SILA3~axKU6~a|
o0901814	|SILA₃~a×KUR~a|	|SILA3~axKUR~a|
o0901816	|SILA₃~a×MA~v1|	|SILA3~axMA|
o0901818	|SILA₃~a×MAŠ|	|SILA3~axMASZ|
o0901826	|SILA₃~a×NAGA~a|	|SILA3~axNAGA~a|
o0901829	|SILA₃~a×NI~a|	|SILA3~axNI~a|
o0901834	|SILA₃~a×NUN~b|	|SILA3~axNUN~b|
o0901836	|SILA₃~a×SUHUR|	|SILA3~axSUHUR|
o0901838	|SILA₃~a×SUM~a~v1|	|SILA3~axSUM~a|
o0901839	|SILA₃~a×SUM~b|	|SILA3~axSUM~b|
o0901841	|SILA₃~a×ŠE~a|	|SILA3~axSZE~a|
o0901843	|SILA₃~a×ŠE~a@t|	|SILA3~axSZE~a@t|
o0901845	|SILA₃~a×ŠU|	|SILA3~axSZU|
o0901848	|SILA₃~a×ŠU₂~b|	|SILA3~axSZU2|
o0901850	|SILA₃~a×X|	|SILA3~axX|
o0901852	|SILA₃~a×ZATU629~v1|	|SILA3~axZATU629|
o0901854	|SILA₃~a×ZATU646|	|SILA3~axZATU646|
o0901856	|SILA₃~a×(ZATU659.TU~c~v1)|	|SILA3~ax(ZATU659.TU~c)|
o0901822	|SILA₃~a×1(N57)|	|SILA3~ax1(N57)|
o0901824	|SILA₃~a×1(N58)|	|SILA3~ax1(N58)|
o0901785	|SILA₃~a~v1×DUG~a|	|SILA3~axDUG~a|
o0901776	SILA₃~b	SILA3~b
o0901788	|SILA₃~b×DUG~a|	|SILA3~bxDUG~a|
o0901798	|SILA₃~b×GUG₂|	|SILA3~bxGUG2|
o0901827	|SILA₃~b×NAGA~b|	|SILA3~bxNAGA~b|
o0901831	|SILA₃~b×NI~b|	|SILA3~bxNI~b|
o0901777	SILA₃~c	SILA3~c
o0901830	|SILA₃~c×NI~a|	|SILA3~bxNI~a|
o0901846	|SILA₃~c×ŠU|	|SILA3~cxSZU|
o0901858	|SILA₃~c×ZATU687|	|SILA3~cxZATU687|
o0901832	|SILA₃~d×NI~a|	|SILA3~dxNI~a|
o0901860	SILA₄~a	SILA4~a
o0901861	SILA₄~b	SILA4~b
o0901862	SILA₄~c	SILA4~c
o0901864	SILA₄~d	SILA4~d
o0901865	SILANITA	SILANITA
o0901866	SIMUG	SIMUG
o0901867	SIMUG~v1	SIMUG
o0901868	SIPA	SIPA
o0901870	SU~a	SU~a
o0901875	|SU~a×1(N58)|	|SU~ax1(N58)|
o0901871	SU~a~v1	SU~a
o0901872	SU~b	SU~b
o0901876	SU₃	SU3
o0901878	SUG	SUG
o0901879	SUG₅	SUG5
o0901880	SUH₃	SUH3
o0901881	SUHUR	SUHUR
o0901883	SUHUR@g	SUHUR@g
o0901884	SUHUR@n	SUHUR@n
o0901887	SUKKAL	SUKKAL
o0901888	SUKUD	SUKUD
o0901890	|(SUKUD+SUKUD)~a|	|(SUKUD+SUKUD)~a|
o0901891	|(SUKUD+SUKUD)~b|	|(SUKUD+SUKUD)~b|
o0901892	|(SUKUD+SUKUD)~c|	|(SUKUD+SUKUD)~c|
o0901893	|(SUKUD+SUKUD)~d|	|(SUKUD+SUKUD)~d|
o0901895	SUKUD@g~a	SUKUD@g~a
o0901896	SUKUD@g~b	SUKUD@g~b
o0901897	SUKUD@g~b~v1	SUKUD@g~b
o0901898	SUKUD@g~c	SUKUD@g~c
o0901899	SUKUD@g~d	SUKUD@g~d
o0901902	SUM~a	SUM~a
o0901906	SUM~a@t	SUM~a@t
o0901903	SUM~a~v1	SUM~a
o0901904	SUM~b	SUM~b
o0901907	SUMAŠ	SUMASZ
o0901908	SUR	SUR
o0901909	SUSA	SUSA
o0901910	ŠA	SZA
o0901914	|(ŠA×HI@g~a)~a|	|(SZAxHI@g~a)~a|
o0901915	|(ŠA×HI@g~a)~b|	|(SZAxHI@g~a)~b|
o0901916	ŠA@g	SZA@g
o0901911	ŠA~v1	SZA
o0901912	ŠA~v2	SZA
o0901918	ŠA₃~a1	SZA3~a1
o0901919	ŠA₃~a2	SZA3~a2
o0901920	ŠA₃~b	SZA3~b
o0901921	ŠA₃~c	SZA3~c
o0901922	ŠA₃~d	SZA3~d
o0901926	ŠAB~a	SZAB~a
o0901927	ŠAB~a~v1	SZAB~a
o0901928	ŠAB~b	SZAB~b
o0901929	ŠAB~b~v1	SZAB~b
o0901930	ŠAGAN	SZAGAN
o0901931	ŠAGAN~v1	SZAGAN
o0901932	ŠAGINA	SZAGINA
o0901934	ŠAH₂~a	SZAH2~a
o0901935	ŠAH₂~b	SZAH2~b
o0901936	ŠAH₂~c	SZAH2~c
o0901938	ŠAKIR~a	SZAKIR~a
o0901939	ŠAKIR~b	SZAKIR~b
o0901940	ŠAKIR~c	SZAKIR~c
o0901941	ŠAM₂	SZAM2
o0901943	ŠANDANA~a	SZANDANA~a
o0901944	ŠANDANA~b	SZANDANA~b
o0901946	ŠE~a	SZE~a
o0901953	|ŠE~a.KIN₂~c|	|SZE~a.KIN2~c|
o0901955	|ŠE~a.NAM₂|	|SZE~a.NAM2|
o0901956	|ŠE~a.NAM₂|~v1	|SZE~a.NAM2|
o0901959	|ŠE~a&ŠE~a|	|SZE~a&SZE~a|
o0901961	ŠE~a@t	SZE~a@t
o0901947	ŠE~b	SZE~b
o0901948	ŠE~c	SZE~c
o0901962	ŠE₃	SZE3
o0901964	ŠE₃@t	SZE3@t
o0901963	ŠE₃~v1	SZE3
o0901965	ŠE₃~v1@t	SZE3@t
o0901966	ŠEG₉	SZEG9
o0901967	ŠELU	SZELU
o0901969	ŠEN~a	SZEN~a
o0901970	ŠEN~a~v1	SZEN~a
o0901971	ŠEN~b	SZEN~b
o0901972	ŠEN~b~v1	SZEN~b
o0901973	ŠEN~c	SZEN~c
o0901981	ŠEN~c@t	SZEN~c@t
o0901974	ŠEN~d	SZEN~d
o0901979	|ŠEN~d×A|	|SZEN~dxA|
o0901975	ŠEN~d~v1	SZEN~d
o0901976	ŠEN~d~v2	SZEN~d
o0901977	ŠEN~e	SZEN~e
o0901983	ŠENNUR~a	SZENNUR~a
o0901984	ŠENNUR~b	SZENNUR~b
o0901986	ŠEŠ~a	SZESZ~a
o0901987	ŠEŠ~a~v1	SZESZ~a
o0901988	ŠEŠ~b	SZESZ~b
o0901990	ŠIDIM	SZIDIM
o0901991	ŠIDIM@t	SZIDIM@t
o0901993	ŠIM~a	SZIM~a
o0901994	ŠIM~a~v1	SZIM~a
o0901995	ŠIM~a~v2	SZIM~a
o0901996	ŠIM~b	SZIM~b
o0901998	ŠIR~a	SZIR~a
o0901999	ŠIR~a~v1	SZIR~a
o0902000	ŠIR~b	SZIR~b
o0902001	ŠIR~b~v1	SZIR~b
o0902002	ŠIR~b~v2	SZIR~b
o0902004	ŠITA~a1	SZITA~a1
o0902014	|ŠITA~a1×KAK~a|	|SZITA~a1xKAK~a|
o0902020	|ŠITA~a1×ŠU|	|SZITA~a1xSZU|
o0902022	|ŠITA~a1×ŠU₂~b|	|SZITA~a1xSZU2|
o0902024	|ŠITA~a1×UDU~a|	|SZITA~a1xUDU~a|
o0902016	|ŠITA~a1×1(N06)|	|SZITA~a1x1(N06)|
o0902026	ŠITA~a1@g	SZITA@g~b
o0902005	ŠITA~a2	SZITA~a2
o0902006	ŠITA~a3	SZITA~a3
o0902007	ŠITA~b1	SZITA~b1
o0903420	ŠITA~b1@g	SZITA@g~a
o0902008	ŠITA~b2	SZITA~b2
o0902012	|ŠITA~b2@g×HI@g~a|	|SZITA~b1xHI@g~a|
o0902009	ŠITA~b3	SZITA~b3
o0902018	|ŠITA~b3×NAM₂|	|SZITA~b3xNAM2|
o0902028	ŠITA~b3@g	SZITA@g~a
o0902030	|ŠITA~b3@g×1(N04)|	|SZITA@g~ax1(N04)|
o0902032	|ŠITA~b3@g×1(N06)|	|SZITA@g~ax1(N06)|
o0902010	ŠITA~c	SZITA~c
o0902033	ŠU	SZU
o0902034	|ŠU×1(N58)|	|SZUx1(N58)|
o0902035	|ŠU&ŠU|	|SZU&SZU|
o0902036	ŠU@g	SZU@g
o0902037	ŠU@s	SZU@s
o0902039	ŠU₂~a	SZU2
o0902041	|ŠU₂~a.AN|	|SZU2.AN|
o0902046	|ŠU₂~a.EN~a~v1|	|SZU2.EN~a|
o0902047	|ŠU₂~a.EN~a~v2|	|SZU2.EN~a|
o0902048	|ŠU₂~a.EN~b~v1|	|SZU2.EN~b|
o0902050	|ŠU₂~a.(HI×1(N57))&(HI×1(N57))|	|SZU2.((HI+1(N57))+(HI+1(N57)))|
o0902056	|ŠU₂~a.URI₃~a~v1|	|SZU2.URI3~a|
o0902040	ŠU₂~b	SZU2
o0902043	|ŠU₂~b.E₂~a|	|SZU2.E2~a|
o0902044	|ŠU₂~b.E₂~b|	|SZU2.E2~b|
o0902049	|ŠU₂~b.GIŠ|	|SZU2.GISZ|
o0902051	|ŠU₂~b.1(N02)|	|SZU2.1(N02)|
oX	|ŠU₂~b.2(N57)|	|SZU2.2(N57)|
o0902059	ŠU₁₂	SZU12
o0902060	ŠUBUR	SZUBUR
o0902061	ŠUM	SZUM
o0902063	ŠUR₂~a	SZUR2~a
o0902064	ŠUR₂~b	SZUR2~b
o0902068	ŠURUPPAK~a	SZURUPPAK~a
o0902069	ŠURUPPAK~a~v1	SZURUPPAK~a
o0902070	ŠURUPPAK~b	SZURUPPAK~b
o0902071	ŠURUPPAK~b~v1	SZURUPPAK~b
o0902072	ŠURUPPAK~c	SZURUPPAK~c
o0902074	TA~a	TA~a
o0902075	TA~b	TA~b
o0902076	TA~c	TA~c
o0902077	TA~d	TA~d
o0902081	|TA~d×MAŠ|	|TA~dxMASZ|
o0902078	TA~e	TA~e
o0902079	TA~f	TA~f
o0902083	TAG~a1	TAG~a1
o0902092	TAG~a1@t	TAG~a1@t
o0902084	TAG~a2	TAG~a2
o0902085	TAG~a3	TAG~a3
o0902086	TAG~a4	TAG~a4
o0902087	TAG~b	TAG~b
o0902088	TAG~c	TAG~c
o0902089	TAG~d	TAG~d
o0902094	TAK₄~a	TAK4~a
o0902098	TAK₄~a@n	TAK4~a@n
o0902095	TAK₄~a~v1	TAK4~a
o0902096	TAK₄~c	TAK4~c
o0902100	TAR~a	TAR~a
o0902101	TAR~d	TAR~d
o0902102	TE	TE
o0902103	TI	TI
o0902105	TI@g	TI@g
o0902106	TI@r	TI@r
o0902107	TI@t	TI@t
o0902104	TI~v1	TI
o0902108	TIDNUM	TIDNUM
o0902109	TILLA₂	TILLA2
o0902111	TU~a	TU~a
o0902112	TU~b	TU~b
o0902114	TU~c	TU~c
o0902116	TUG₂~a	TUG2~a
o0902121	|TUG₂~a.(BAD&BAD)|	|TUG2~a.(BAD&BAD)|
o0902123	TUG₂~a@g	TUG2~a@g
o0902124	TUG₂~a@g~v1	TUG2~a@g
o0902117	TUG₂~b	TUG2~b
o0902118	TUG₂~c	TUG2~c
o0902119	TUG₂~d	TUG2~d
o0902128	TUM~a	TUM~a
o0902133	TUM~a@g	TUM~a@g
o0902129	TUM~b	TUM~b
o0902130	TUM~c	TUM~c
o0902131	TUM~d	TUM~d
o0902136	TUN₃~a	TUN3~a
o0902137	TUN₃~b	TUN3~b
o0902138	TUN₃~c	TUN3~c
o0902139	TUR	TUR
o0902144	TUR@g	TUR@g
o0902140	TUR~v1	TUR
o0902143	|TUR~v1×X|	|TURxX|
o0902141	TUR~v2	TUR
o0902142	TUR~v3	TUR
o0902146	TUR₃~a	TUR3~a
o0902154	TUR₃~a@n	TUR3~a@n
o0902147	TUR₃~b	TUR3~b
o0902152	|TUR₃~b×TAK₄~a|	|TUR3~bxTAK4~a|
o0902148	TUR₃~c	TUR3~c
o0902156	U₂~a	U2~a
o0902157	U₂~b	U2~b
o0902158	U₂~b~v1	U2~b
o0902159	U₂~b~v2	U2~b
o0902160	U₂~c	U2~c
o0902161	U₄	U4
o0902177	|U₄.ŠU₂~b|	|U4.SZU2|
o0902163	|U₄.1(N08)|	|U4.1(N08)|
o0902164	|U₄.2(N08)|	|U4.2(N08)|
o0902165	|U₄.3(N08)|	|U4.3(N08)|
o0902166	|U₄.4(N08)~v1|	|U4.4(N08)|
o0902167	|U₄.5(N08)|	|U4.5(N08)|
o0902168	|U₄.6(N08)|	|U4.6(N08)|
o0902169	|U₄.7(N08)|	|U4.7(N08)|
o0902170	|U₄.8(N08)|	|U4.8(N08)|
o0902171	|U₄.1(N14)|	|U4.1(N14)|
o0902172	|U₄.(1(N14).3(N08))|	|U4.(1(N14).3(N08))|
o0902173	|U₄.(1(N14).4(N08))|	|U4.(1(N14).4(N08))|
o0902174	|U₄.(1(N14).5(N08))|	|U4.(1(N14).5(N08))|
o0902175	|U₄.(1(N14).8(N08))|	|U4.(1(N14).8(N08))|
o0902176	|U₄.2(N14)|	|U4.2(N14)|
o0902216	|U₄×X|	|U4xX|
o0902217	|U₄×(X+2(N01))|	|U4x(X+2(N01))|
o0902178	|U₄×1(N01)|	|U4x1(N01)|
o0902179	|U₄×1(N01).5(N08)|	|U4x1(N01).5(N08)|
o0902182	|U₄×2(N01)|	|U4x2(N01)|
o0902185	|U₄×2(N01).X|	|U4x2(N01).X|
o0902183	|U₄×2(N01).2(N14)|	|U4x2(N01).2(N14)|
o0902184	|U₄×2(N01).(2(N14).1(N08))|	|U4x2(N01).(2(N14).1(N08))|
o0902186	|U₄×3(N01)|	|U4x3(N01)|
o0902187	|U₄×3(N01).3(N08)~v1|	|U4x3(N01).3(N08)|
o0902188	|U₄×4(N01)|	|U4x4(N01)|
o0902189	|U₄×4(N01).2(N14)|	|U4x4(N01).2(N14)|
o0902190	|U₄×5(N01)|	|U4x5(N01)|
o0902191	|U₄×5(N01).1(N14)|	|U4x5(N01).1(N14)|
o0902192	|U₄×6(N01)|	|U4x6(N01)|
o0902193	|U₄×8(N01)|	|U4x8(N01)|
o0902194	|U₄×8(N01).X|	|U4x8(N01).X|
o0902195	|U₄×N(N01)|	|U4x(X(N01))|
o0902181	|U₄×1(N01@f)|	|U4x1(N01)F|
o0902196	|U₄×1(N14)|	|U4x1(N14)|
o0902198	|U₄×(1(N14).2(N01))|	|U4x(1(N14).2(N01))|
o0902200	|U₄×(1(N14).4(N01))|	|U4x(1(N14).4(N01))|
o0902201	|U₄×(1(N14).8(N01))|	|U4x(1(N14).8(N01))|
o0902202	|U₄×2(N14)|	|U4x2(N14)|
o0902203	|U₄×(2(N14).4(N01))|	|U4x(2(N14).4(N01))|
o0902204	|U₄×(3(N14).2(N01))|	|U4x(3(N14).2(N01))|
o0902205	|U₄×(3(N14).7(N01))|	|U4x(3(N14).7(N01))|
o0902206	|U₄×1(N57)|	|U4x1(N57)|
o0902207	|U₄×2(N57)|	|U4x2(N57)|
o0902208	|U₄×3(N57)|	|U4x3(N57)|
o0902209	|U₄×4(N57)|	|U4x4(N57)|
o0902210	|U₄×5(N57)|	|U4x5(N57)|
o0902211	|U₄×6(N57)|	|U4x6(N57)|
o0902212	|U₄×7(N57)|	|U4x7(N57)|
o0902213	|U₄×8(N57)|	|U4x8(N57)|
o0902214	|U₄×10(N57)|	|U4x10(N57)|
o0902215	|U₄×1(N58@t)|	|U4x1(N58)@t|
o0902226	U₄@t	U4@t
o0902220	U₈	U8
o0902225	|U₈×TAR~b|	|(U8xTAR)~b|
o0902221	U₈~v1	U8
o0902222	U₈~v2	U8
o0902223	U₈~v3	U8
o0902227	UB	UB
o0902229	UBI~a	UBI~a
o0902230	UBI~c	UBI~c
o0902231	UBI~c~v1	UBI~c
o0902234	UD₅~a	UD5~a
o0902241	UD₅~a@g	UD5~a@g
o0902235	UD₅~a~v1	UD5~a
o0902236	UD₅~a~v2	UD5~a
o0902237	UD₅~b	UD5~b
o0902238	UD₅~c	UD5~c
o0902243	UDU~a	UDU~a
o0902247	|UDU~a×TAR~a|	|(UDU~axTAR)~a|
o0902248	|UDU~a×TAR~b|	|(UDU~axTAR)~b|
o0902244	UDU~b	UDU~b
o0902245	UDU~c	UDU~c
o0902250	UDUNITA~a	UDUNITA~a
o0902251	UDUNITA~b	UDUNITA~b
o0902252	UDUNITA~c	UDUNITA~c
o0902254	UH	UH
o0902256	UH₃~a	UH3~a
o0902259	UH₃~a@t	UH3~a@t
o0902257	UH₃~b	UH3~b
o0902261	UKKIN~a	UKKIN~a
o0902262	UKKIN~a~v1	UKKIN~a
o0902263	UKKIN~b	UKKIN~b
o0902268	|UKKIN~b×DIN|	|UKKIN~bxDIN|
o0902270	|UKKIN~b×(DIN.1(N01))|	|UKKIN~bx(DIN.1(N01))|
o0902272	|UKKIN~b×DUG~a|	|UKKIN~bxDUG~a|
o0902274	|UKKIN~b×HI@g~a|	|UKKIN~bxHI@g~a|
o0902282	|UKKIN~b×NI~a|	|UKKIN~bxNI~a|
o0902284	|UKKIN~b×X|	|UKKIN~bxX|
o0902276	|UKKIN~b×2(N01)|	|UKKIN~bx2(N01)|
o0902278	|UKKIN~b×3(N01)|	|UKKIN~bx3(N01)|
o0902280	|UKKIN~b×5(N01)|	|UKKIN~bx5(N01)|
o0902264	UKKIN~b~v1	UKKIN~b
o0902265	UKKIN~c	UKKIN~c
o0902286	UMBIN~a	UMBIN~a
o0902287	UMBIN~b1	UMBIN~b1
o0902288	UMBIN~b2	UMBIN~b2
o0902289	UMBIN~c	UMBIN~c
o0902290	UMUN₂	UMUN2
o0902291	UMUN₂~v1	UMUN2
o0902293	UNUG~a	UNUG~a
o0902300	UNUG~a@s	UNUG~a@s
o0902294	UNUG~a~v1	UNUG~a
o0902298	|UNUG~a~v1×A@t|	|UNUG~axA@t|
o0902295	UNUG~b	UNUG~b
o0902296	UNUG~c	UNUG~c
o0902302	UR~a	UR~a
o0902306	|UR~a×KAR₂~b|	|UR~axKAR2|
o0902308	UR~a@g	UR~a@g
o0902303	UR~b	UR~b
o0902304	UR~c	UR~c
o0902309	UR₂	UR2
o0902311	|UR₂×TAR~c|	|UR2xTAR|
o0902310	|UR₂×1(N57)|	|UR2x1(N57)|
o0902313	UR₃~a1	UR3~a1
o0902314	UR₃~a1~v1	UR3~a1
o0902315	UR₃~a2	UR3~a2
o0902316	UR₃~a3	UR3~a3
o0902317	UR₃~b1	UR3~b1
o0902321	|UR₃~b1×MAŠ|	|UR3~b1xMASZ|
o0902318	UR₃~b2	UR3~b2
o0902323	UR₄~a	UR4~a
o0902324	UR₄~b	UR4~b
o0902325	UR₄~c	UR4~c
o0902327	UR₅~a	UR5~a
o0902328	UR₅~b	UR5~b
o0902329	URI	URI
o0902330	URI₂	URI2
o0902332	URI₃~a	URI3~a
o0902336	|URI₃~a+IB~a|	|URI3~a+IB~a|
o0902333	URI₃~a~v1	URI3~a
o0902334	URI₃~b	URI3~b
o0902337	URI₅	URI5
o0902339	URU~a1	URU~a1
o0902345	|URU~a1×A|	|URU~a1xA|
o0902347	|URU~a1×AMAR~v2|	|URU~a1xAMAR|
o0902349	|URU~a1×GU₄|	|URU~a1xGU4|
o0902351	|URU~a1×HI@g~a|	|URU~a1xHI@g~a|
o0902365	|URU~a1×NIMGIR|	|URU~a1xNIMGIR|
o0902367	|URU~a1×U₄|	|URU~a1xU4|
o0902369	|URU~a1×X|	|URU~a1xX|
o0902357	|URU~a1×1(N57)|	|URU~a1x1(N57)|
o0902359	|URU~a1×2(N57)|	|URU~a1x2(N57)|
o0902371	URU~a1@n	URU~a1@n
o0902340	URU~a2	URU~a2
o0902363	|URU~a2×1(N58)|	|URU~a2x1(N58)|
o0902353	|URU~a3×KALAM~a|	|URU~a3xKALAM~a|
o0902341	URU~b1	URU~b1
o0902342	URU~b2	URU~b2
o0902343	URU~c	URU~c
o0902373	URUDU~a	URUDU~a
o0902374	URUDU~a~v1	URUDU~a
o0902375	URUDU~a~v2	URUDU~a
o0902376	URUDU~c	URUDU~c
o0902377	URUDU~d	URUDU~d
o0902379	URUDU@g~a	URUDU@g~a
o0902380	URUDU@g~b	URUDU@g~b
o0902381	URUDU@g~c	URUDU@g~c
o0902382	URUDU@g~d	URUDU@g~d
o0902384	UŠ~a	USZ~a
o0902392	|UŠ~a&UŠ~a|	|USZ~a&USZ~a|
o0902385	UŠ~b	USZ~b
o0902388	|UŠ~b×TAR~c|	|USZ~bxTAR~c|
o0902390	|UŠ~b×TAR~d|	|USZ~bxTAR~d|
o0902393	|UŠ~b&UŠ~b|	|USZ~b&USZ~b|
o0902386	UŠ~b~v1	USZ~b
o0902389	|UŠ~b~v2×TAR~c|	|USZ~bxTAR~c|
o0902394	UŠUMGAL	USZUMGAL
o0902396	UŠUR₃~a	USZUR3~a
o0902397	UŠUR₃~b1	USZUR3~b1
o0902398	UŠUR₃~b2	USZUR3~b2
o0902400	UTUA~a	UTUA~a
o0902404	UTUA~a@t	UTUA~a@t
o0902401	UTUA~b	UTUA~b
o0902402	UTUA~b~v1	UTUA~b
o0902406	UTUL~a	UTUL~a
o0902407	UTUL~b	UTUL~b
o0902408	UTUL~c	UTUL~c
o0902409	UTUL~d	UTUL~d
o0902411	UZ~a	
o0902412	UZU	UZU
o0902416	ZA~v	ZA~x
o0902418	ZABALAM~a	ZABALAM~a
o0902419	ZABALAM~b	ZABALAM~b
o0902420	ZADIM	ZADIM
o0902422	ZAG~a	ZAG~a
o0902423	ZAG~a~v1	ZAG~a
o0902424	ZAG~b	ZAG~b
o0902425	ZAG~c	ZAG~c
o0902427	ZAR~a	ZAR~a
o0902428	ZAR~b1	ZAR~b1
o0902429	ZAR~b2	ZAR~b2
o0902430	ZAR~c	ZAR~c
o0902431	ZATU620	ZATU620
o0902433	ZATU621~a	ZATU621~a
o0902434	ZATU621~b	ZATU621~b
o0902435	ZATU621~c	ZATU621~c
o0902436	ZATU621~d	ZATU621~d
o0902437	ZATU622	ZATU622
o0902438	ZATU623	ZATU623
o0902439	ZATU623~v1	ZATU623
o0902440	ZATU623~v2	ZATU623
o0902442	ZATU624~a	ZATU624~a
o0902443	ZATU624~b	ZATU624~b
o0902444	ZATU624~c	ZATU624~c
o0902445	ZATU625	ZATU625
o0902446	ZATU625~v1	ZATU625
o0902448	ZATU626~a	ZATU626~a
o0902449	ZATU626~b	ZATU626~b
o0902450	ZATU626~c	ZATU626~c
o0902451	ZATU627	ZATU627
o0902453	ZATU628~a	ZATU628~a
o0902454	ZATU628~a~v1	ZATU628~a
o0902455	ZATU628~b	ZATU628~b
o0902456	ZATU629	ZATU629
o0902457	ZATU629~v1	ZATU629
o0902458	ZATU630	ZATU630
o0902459	ZATU631	ZATU631
o0902461	ZATU632~a	ZATU632~a
o0902462	ZATU632~a~v1	ZATU632~a
o0902463	ZATU632~b	ZATU632~b
o0902464	ZATU632~c	ZATU632~c
o0902466	ZATU633~a	ZATU633~a
o0902467	ZATU633~b	ZATU633~b
o0902468	ZATU634	ZATU634
o0902469	ZATU635	ZATU635
o0902470	ZATU636	ZATU636
o0902471	ZATU636~v1	ZATU636
o0902472	ZATU637	ZATU637
o0902473	ZATU639	ZATU639
o0902474	ZATU640	ZATU640
o0902475	ZATU641	ZATU641
o0902476	ZATU642	ZATU642
o0902477	ZATU643	ZATU643
o0902479	ZATU644~a	ZATU644~a
o0902482	|ZATU644~a×1(N14)|	|ZATU644~ax1(N14)|
o0902480	ZATU644~b	ZATU644~b
o0902483	ZATU646	ZATU646
o0902484	ZATU647	ZATU647
o0902485	ZATU647~v1	ZATU647
o0902486	ZATU648	ZATU648
o0902487	ZATU649	ZATU649
o0902488	ZATU649~v1	ZATU649
o0902489	ZATU650	ZATU650
o0902490	ZATU651	ZATU651
o0902493	|ZATU651×AN|	|ZATU651xAN|
o0902495	|ZATU651×EN~a~v2|	|ZATU651xEN~a|
o0902496	|ZATU651×GAR|	|ZATU651xGAR|
o0902497	|ZATU651×MA|	|ZATU651xMA|
o0902499	|ZATU651×NUN~a|	|ZATU651xNUN~a|
o0902502	|ZATU651×X|	|ZATU651xX|
o0902504	|ZATU651×ZAR~c|	|ZATU651xZAR~c|
o0902505	ZATU651@g	ZATU651@g
o0902491	ZATU651~v1	ZATU651
o0902492	ZATU651~v2	ZATU651
o0902501	|ZATU651~v2×ŠE~a|	|ZATU651xSZE~a|
o0902506	ZATU659	ZATU659
o0902507	|ZATU659×1(N01)|	|ZATU659x1(N01)|
o0902508	|ZATU659×1(N14)|	|ZATU659x1(N14)|
o0902509	|ZATU659×1(N58@t)|	|ZATU659x1(N58)@t|
o0902511	ZATU662	ZATU662
o0902515	|ZATU662×1(N14)|	|ZATU662x1(N14)|
o0902512	ZATU662~v1	ZATU662
o0902516	|ZATU662~v1×1(N14)|	|ZATU662x1(N14)|
o0902513	ZATU662~v2	ZATU662
o0902517	|ZATU662~v2×1(N14)|	|ZATU662x1(N14)|
o0902514	ZATU662~v3	ZATU662
o0902518	ZATU664	ZATU664
o0902519	ZATU665	ZATU665
o0902520	ZATU666	ZATU666
o0902521	ZATU667	ZATU667
o0902522	ZATU668	ZATU668
o0902523	ZATU669	ZATU669
o0902524	ZATU670	ZATU670
o0902525	ZATU672	ZATU672
o0902526	ZATU674	ZATU674
o0902528	ZATU675~a	ZATU675~a
o0902529	ZATU675~b	ZATU675~b
o0902530	ZATU675~b~v1	ZATU675~b
o0902531	ZATU675~c	ZATU675~c
o0902532	ZATU675~d	ZATU675~d
o0902534	ZATU676~a	ZATU676~a
o0902535	ZATU676~b	ZATU676~b
o0902537	ZATU677~a	ZATU677~a
o0902538	ZATU677~b	ZATU677~b
o0902539	ZATU678	ZATU678
o0902540	ZATU679	ZATU679
o0902542	ZATU680~a1	ZATU680~a1
o0902543	ZATU680~a2	ZATU680~a2
o0902544	ZATU680~b	ZATU680~b
o0902545	ZATU680~b~v1	ZATU680~b
o0902546	ZATU680~d	ZATU680~d
o0902547	ZATU680~e	ZATU680~e
o0902548	ZATU681	ZATU681
o0902549	ZATU682	ZATU682
o0902551	ZATU683~a	ZATU683~a
o0902552	ZATU683~b	ZATU683~b
o0902553	ZATU683@t	ZATU683@t
o0902554	ZATU684	ZATU684
o0902555	ZATU685	ZATU685
o0902557	ZATU686~a	ZATU686~a
o0902558	ZATU686~b	ZATU686~b
o0902559	ZATU686~c	ZATU686~c
o0902560	ZATU687	ZATU687
o0902562	ZATU688~a	ZATU688~a
o0902563	ZATU688~b	ZATU688~b
o0902564	ZATU689	ZATU689
o0902565	ZATU690	ZATU690
o0902566	ZATU691	ZATU691
o0902567	ZATU692	ZATU692
o0902568	ZATU693	ZATU693
o0902571	ZATU693@t	ZATU693@t
o0902569	ZATU693~v1	ZATU693
o0902570	ZATU693~v2	ZATU693
o0902573	ZATU694~a	ZATU694~a
o0902574	ZATU694~b	ZATU694~b
o0902575	ZATU694~c	ZATU694~c
o0902576	ZATU694~c~v1	ZATU694~c
o0902577	ZATU694~d	ZATU694~d
o0902580	ZATU694~d@t	ZATU694~d@t
o0902581	ZATU695	ZATU695
o0902582	ZATU696	ZATU696
o0902584	ZATU697~a	ZATU697~a
o0902585	ZATU697~a~v1	ZATU697~a
o0902586	ZATU697~a~v2	ZATU697~a
o0902587	ZATU697~a~v3	ZATU697~a
o0902588	ZATU697~b	ZATU697~b
o0902589	ZATU697~c	ZATU697~c
o0902591	ZATU699~a	ZATU699~a
o0902592	ZATU699~b	ZATU699~b
o0902593	ZATU700	ZATU700
o0902594	ZATU701	ZATU701
o0902595	ZATU702	ZATU702
o0902596	ZATU703	ZATU703
o0902597	ZATU704	ZATU704
o0902598	ZATU705	ZATU705
o0902599	ZATU706	ZATU706
o0902601	ZATU707~a	ZATU707~a
o0902602	ZATU707~b	ZATU707~b
o0902603	ZATU708	ZATU708
o0902604	ZATU709	ZATU709
o0902605	ZATU710	ZATU710
o0902606	ZATU710~v1	ZATU710
o0902607	ZATU711	ZATU711
o0902608	ZATU711~v1	ZATU711
o0902610	|ZATU711~v1×HI@g~a|	|ZATU711xHI@g~a|
o0902611	|ZATU711~v1×X|	|ZATU711xX|
o0902612	ZATU713	ZATU713
o0902613	ZATU714	ZATU714
o0902614	|ZATU714.RU|	|ZATU714.RU|
o0902616	|ZATU714×HI@g~a|	|ZATU714xHI@g~a|
o0902617	|ZATU714×X|	|ZATU714xX|
o0902618	ZATU717	ZATU717
o0902619	ZATU718	ZATU718
o0902620	ZATU719	ZATU719
o0902621	ZATU720	ZATU720
o0902622	ZATU721	ZATU721
o0902623	ZATU722	ZATU722
o0902624	ZATU723	ZATU723
o0902625	ZATU724	ZATU724
o0902626	ZATU725	ZATU725
o0902627	ZATU725~v1	ZATU725
o0902629	ZATU726~a	ZATU726~a
o0902630	ZATU726~c	ZATU726~c
o0902631	ZATU726~d	ZATU726~d
o0902632	ZATU727	ZATU727
o0902633	ZATU728	ZATU728
o0902634	ZATU729	ZATU729
o0902635	ZATU729~v1	ZATU729
o0902636	ZATU730	ZATU730
o0902637	ZATU732	ZATU732
o0902638	ZATU733	ZATU733
o0902639	ZATU734	ZATU734
o0902641	ZATU735~a	ZATU735~a
o0902642	ZATU735~b	ZATU735~b
o0902643	ZATU735~b~v1	ZATU735~b
o0902644	ZATU735~b~v2	ZATU735~b
o0902645	ZATU735~c	ZATU735~c
o0902647	ZATU736~a	ZATU736~a
o0902648	ZATU736~b	ZATU736~b
o0902649	ZATU737	ZATU737
o0902653	|ZATU737×AB~a|	|ZATU737xAB~a|
o0902655	|ZATU737×BU~a|	|ZATU737xBU~a|
o0902657	|ZATU737×BUR~a|	|ZATU737xBUR~a|
o0902658	|ZATU737×DI|	|ZATU737xDI|
o0902661	|ZATU737×E~a|	|ZATU737xE~a|
o0902663	|ZATU737×EN~a~v2|	|ZATU737xEN~a|
o0902665	|ZATU737×GAR|	|ZATU737xGAR|
o0902669	|ZATU737×NI~a@g|	|ZATU737xNI~a@g|
o0902670	|ZATU737×NIMGIR|	|ZATU737xNIMGIR|
o0902673	|ZATU737×SU~a|	|ZATU737xSU~a|
o0902675	|ZATU737×ŠE~a|	|ZATU737xSZE~a|
o0902677	|ZATU737×ŠITA~a1|	|ZATU737xSZITA~a1|
o0902679	|ZATU737×ŠITA~b1@g|	|ZATU737xSZITA@g~a|
o0902682	|ZATU737×UNUG~a~v1|	|ZATU737xUNUG~a|
o0902650	ZATU737~v1	ZATU737
o0902664	|ZATU737~v1×EN~b~v1|	|ZATU737xEN~b|
o0902666	|ZATU737~v1×GAR|	|ZATU737xGAR|
o0902651	ZATU737~v2	ZATU737
o0902659	|ZATU737~v2×DI|	|ZATU737xDI|
o0902683	|ZATU737~v2×X|	|ZATU737xX|
o0902671	|ZATU737~v3×SAL|	|ZATU737xSAL|
o0902680	|ZATU737~v3×U₄|	|ZATU737xU4|
o0902687	ZATU749~a	ZATU749~a
o0902688	ZATU749~a~v1	ZATU749~a
o0902689	ZATU749~a~v2	ZATU749~a
o0902690	ZATU749~b	ZATU749~b
o0902691	ZATU749~c	ZATU749~c
o0902692	ZATU750	ZATU750
o0902693	ZATU750~v1	ZATU750
o0902694	ZATU750~v2	ZATU750
o0902695	ZATU750~v3	ZATU750
o0902697	ZATU751~a	ZATU751~a
o0902698	ZATU751~b	ZATU751~b
o0902699	ZATU752	ZATU752
o0902700	ZATU752~v1	ZATU752
o0902701	ZATU753	ZATU753
o0902702	ZATU754	ZATU754
o0902704	ZATU755~a	ZATU755~a
o0902705	ZATU755~b	ZATU755~b
o0902706	ZATU756	ZATU756
o0902707	ZATU756~v1	ZATU756
o0902708	ZATU757	ZATU757
o0902709	ZATU757~v1	ZATU757
o0902710	ZATU758	ZATU758
o0902711	ZATU759	ZATU759
o0902714	|ZATU759×KU₆~a|	|ZATU759xKU6~a|
o0902717	|ZATU759×(KU₆~a+KU₆~a)|	|ZATU759x(KU6~a+KU6~a)|
o0902715	|ZATU759×KU₆~d|	|ZATU759xKU6~d|
o0902718	|ZATU759×X|	|ZATU759xX|
o0902719	|ZATU759@t×X|	|ZATU759@txX|
o0902712	ZATU759~v1	ZATU759
o0902720	ZATU761	ZATU761
o0902722	ZATU762~a	ZATU762~a
o0902729	|ZATU762~a×NIM~a|	|ZATU762~axNIM~a|
o0902723	ZATU762~a~v1	ZATU762~a
o0902724	ZATU762~a~v2	ZATU762~a
o0902725	ZATU762~b	ZATU762~b
o0902727	|ZATU762~b×AB~a|	|ZATU762~bxAB~a|
o0902730	ZATU764	ZATU764
o0902731	ZATU765	ZATU765
o0902732	ZATU766	ZATU766
o0902733	ZATU767	ZATU767
o0902734	ZATU768	ZATU768
o0902735	ZATU769	ZATU769
o0902736	ZATU771	ZATU771
o0902737	ZATU772	ZATU772
o0902739	ZATU773~a	ZATU773~a
o0902740	ZATU773~a~v1	ZATU773~a
o0902741	ZATU773~b	ZATU773~b
o0902742	ZATU774	ZATU774
o0902743	ZATU775	ZATU775
o0902744	ZATU776	ZATU776
o0902745	ZATU776~v1	ZATU776
o0902746	ZATU777	ZATU777
o0902747	ZATU777~v1	ZATU777
o0902748	ZATU777~v2	ZATU777
o0902749	ZATU778	ZATU778
o0902750	ZATU779	ZATU779
o0902751	ZATU780	ZATU780
o0902752	ZATU781	ZATU781
o0902753	ZATU782	ZATU782
o0902754	ZATU783	ZATU783
o0902755	ZATU784	ZATU784
o0902756	ZATU785	ZATU785
o0902757	ZATU786	ZATU786
o0902758	ZATU787	ZATU787
o0902759	ZATU788	ZATU788
o0902760	ZATU789	ZATU789
o0902761	ZATU791	ZATU791
o0902762	ZATU792	ZATU792
o0902763	ZATU795	ZATU795
o0902764	ZATU797	ZATU797
o0902765	ZATU798	ZATU798
o0902766	ZATU799	ZATU799
o0902767	ZATU800	ZATU800
o0902768	ZATU801	ZATU801
o0902769	ZATU802	ZATU802
o0902771	ZATU803	ZATU803
o0902772	ZATU804	ZATU804
o0902773	ZATU805	ZATU805
o0902774	ZATU806	ZATU806
o0902775	ZATU807	ZATU807
o0902776	ZATU808	ZATU808
o0902777	ZATU809	ZATU809
o0902778	ZATU810	ZATU810
o0902779	ZATU811	ZATU811
o0902780	ZATU812	ZATU812
o0902781	ZATU813	ZATU813
o0902782	ZATU814	ZATU814
o0902783	ZATU815	ZATU815
o0902784	ZATU817	ZATU817
o0902785	ZATU818	ZATU818
o0902786	ZATU819	ZATU819
o0902787	ZATU820	ZATU820
o0902788	ZATU821	ZATU821
o0902789	ZATU822	ZATU822
o0902790	ZATU823	ZATU823
o0902791	ZATU824	ZATU824
o0902792	ZATU825	ZATU825
o0902793	ZATU826	ZATU826
o0902794	ZATU829	ZATU829
o0902795	ZATU831	ZATU831
o0902796	ZATU831@g	ZATU831@g
o0902797	ZATU832	ZATU832
o0902798	ZATU833	ZATU833
o0902799	ZATU834	ZATU834
o0902800	ZATU835	ZATU835
o0902801	ZATU836	ZATU836
o0902803	ZATU837~a	ZATU837~a
o0902804	ZATU837~b	ZATU837~b
o0902805	ZATU838	ZATU838
o0902806	ZATU839	ZATU839
o0902807	ZATU839~v1	ZATU839
o0902808	ZATU840	ZATU840
o0902809	ZATU841	ZATU841
o0902810	ZATU842	ZATU842
o0902811	ZATU843	ZATU843
o0902812	ZATU844	ZATU844
o0902813	ZATU845	ZATU845
o0902814	ZATU846	ZATU846
o0902815	ZATU847	ZATU847
o0902816	ZATU848	ZATU848
o0902817	ZATU849	ZATU849
o0902818	ZATU850	ZATU850
o0902819	ZATU851	ZATU851
o0902820	ZATU852	ZATU852
o0902821	ZATU853	ZATU853
o0902822	ZATU854	ZATU854
o0902823	ZATU855	ZATU855
o0902829	ZI~a	ZI~a
o0902830	ZI~a~v1	ZI~a
o0902831	ZI~b	ZI~b
o0902832	ZI~d	ZI~d
o0902836	|(ZU&ZU).SAR~a|	|(ZU&ZU).SAR~a|
o0902838	ZUBI~a	ZUBI~a
o0902839	ZUBI~b	ZUBI~b
o0902870	|1(N02).RU|	|1(N02).RU|
o0902413	|X(N57).GAR|	|x(N57).GAR|
o0903211	|1(N57).AB₂|	|1(N57).AB2|
o0901748	|1(N57).SIG|	|SIGx1(N57)|
o0903219	|1(N57).ŠAH₂~a|	|1(N57).SZAH2~a|
o0903220	|1(N57).ŠUBUR|	|1(N57).SZUBUR|
o0903221	|1(N57).ŠUBUR~v1|	|1(N57).SZUBUR|
o0903223	|2(N57).AB₂|	|2(N57).AB2|
o0903227	|2(N57).KU₆~a|	|2(N57).KU6~a|
o0903230	|2(N57).SU~a|	|2(N57).SU~a|
o0903231	|2(N57).ŠUBUR|	|2(N57).SZUBUR|
o0903235	|3(N57).AMAR|	|3(N57).AMAR|
o0903239	|3(N57).BARA₃|	|3(N57).BARA3|
o0903241	|3(N57).E₂~b|	|3(N57).E2~b|
o0903243	|3(N57).GAR|	|3(N57).GAR|
o0903245	|3(N57).NUNUZ~a1|	|3(N57).NUNUZ~a1|
o0903246	|3(N57).NUNUZ~c|	|3(N57).NUNUZ~c|
o0903248	|3(N57).PIRIG~b1|	|3(N57).PIRIG~b1|
o0903252	|3(N57).ŠUBUR|	|3(N57).SZUBUR|
o0903258	|4(N57).AMAR|	|4(N57).AMAR|
o0903259	|4(N57).GAR|	|4(N57).GAR|
o0903261	|4(N57).KU₃~a|	|4(N57).KU3~a|
o0903263	|4(N57).NI~b|	|4(N57).NI~b|
o0903265	|5(N57).GAR|	|5(N57).GAR|
o0903267	|5(N57).KU₃~a|	|5(N57).KU3~a|
o0903270	|6(N57).GAR|	|6(N57).GAR|
o0903272	|6(N57).KU₃~a|	|6(N57).KU3~a|
o0903277	|8(N57).NI~b|	|8(N57).NI~b|
o0903281	|1(N58).BAD|	|1(N58).BAD~a|
o0903283	|1(N58)~a.BAD|	|1(N58).BAD~b|
o0903282	|1(N58)~a.BAD~a|	|1(N58).BAD~b|
o0903287	|3(N58).UR₃~b1|	|3(N58).UR3~b1|
o0902841	2(LAGAB~a)	2(LAGAB~a)
o0902845	4(LAGAB~a)	4(LAGAB~a)
o0902847	6(LAGAB~a)	6(LAGAB~a)
o0902858	1(N01)	1(N01)
o0902859	2(N01)	2(N01)
o0902860	3(N01)	3(N01)
o0902861	4(N01)	4(N01)
o0902862	5(N01)	5(N01)
o0902863	6(N01)	6(N01)
o0902864	7(N01)	7(N01)
o0902865	8(N01)	8(N01)
o0902866	9(N01)	9(N01)
o0902867	9(N01)~v1	9(N01)
o0902868	10(N01)	10(N01)
o0902848	1(N01@f)	1(N01@f)
o0902849	2(N01@f)	2(N01@f)
o0902850	3(N01@f)	3(N01@f)
o0902851	4(N01@f)	4(N01@f)
o0902852	5(N01@f)	5(N01@f)
o0902853	6(N01@f)	6(N01@f)
o0902854	7(N01@f)	7(N01@f)
o0902855	8(N01@f)	8(N01@f)
o0902856	9(N01@f)	9(N01@f)
o0902857	1(N01@r)	|1(N01@r)|
o0902869	1(N02)	1(N02)
o0902871	2(N02)	2(N02)
o0902872	3(N02)	3(N02)
o0902873	4(N02)	4(N02)
o0902874	5(N02)	5(N02)
o0902875	6(N02)	6(N02)
o0902876	7(N02)	7(N02)
o0902877	8(N02)	8(N02)
o0902878	9(N02)	9(N02)
o0902879	1(N03)	1(N03)
o0902880	2(N03)	2(N03)
o0902881	3(N03)	3(N03)
o0902882	4(N03)	4(N03)
o0902883	5(N03)	5(N03)
o0902884	1(N04)	1(N04)
o0902885	2(N04)	2(N04)
o0902886	3(N04)	3(N04)
o0902887	4(N04)	4(N04)
o0902888	5(N04)	5(N04)
o0902889	1(N04@f)	1(N04@f)
o0902890	2(N04@f)	2(N04@f)
o0902891	3(N04@f)	3(N04@f)
o0902892	4(N04@f)	4(N04@f)
o0902893	5(N04@f)	5(N04@f)
o0902894	1(N05)	1(N05)
o0902895	2(N05)	2(N05)
o0902896	3(N05)	3(N05)
o0902897	4(N05)	4(N05)
o0902898	5(N05)	5(N05)
o0902899	1(N06)	1(N06)
o0902901	1(N07~a)	1(N07~a)
o0902904	2(N07~a)	2(N07~a)
o0902907	3(N07~a)	3(N07~a)
o0902902	1(N07~b)	1(N07~b)
o0902905	2(N07~b)	2(N07~b)
o0902908	3(N07~b)	3(N07~b)
o0902909	1(N08)	1(N08)
o0902912	2(N08)	2(N08)
o0902914	3(N08)	3(N08)
o0902916	4(N08)	4(N08)
o0902919	5(N08)	5(N08)
o0902920	6(N08)	6(N08)
o0902921	7(N08)	7(N08)
o0902922	8(N08)	8(N08)
o0902923	9(N08)	9(N08)
o0902910	1(N08~b)	1(N08~b)
o0902913	2(N08~b)	2(N08~b)
o0902915	3(N08~b)	3(N08~b)
o0902917	4(N08~b)	4(N08~b)
o0902918	4(N08~c)	4(N08~c)
o0902924	1(N08@f)	1(N08@f)
o0902925	|1(N08@f)×1(N57)|	|1(N08@f)x1(N57)|
o0902926	1(N09)	1(N09)
o0902927	1(N11)	1(N11)
o0902928	1(N12)	1(N12)
o0902929	1(N14)	1(N14)
o0902930	2(N14)	2(N14)
o0902932	3(N14)	3(N14)
o0902933	4(N14)	4(N14)
o0902934	5(N14)	5(N14)
o0902935	5(N14)~v1	5(N14)
o0902936	6(N14)	6(N14)
o0902937	6(N14)~v1	6(N14)
o0902938	7(N14)	7(N14)
o0902939	8(N14)	8(N14)
o0902940	9(N14)	9(N14)
o0902941	10(N14)	10(N14)
o0902943	12(N14)	12(N14)
o0902945	1(N14@f)	1(N14@f)
o0902946	2(N14@f)	2(N14@f)
o0902947	3(N14@f)	3(N14@f)
o0902948	4(N14@f)	4(N14@f)
o0902949	5(N14@f)	5(N14@f)
o0902950	6(N14@f)	6(N14@f)
o0902951	7(N14@f)	7(N14@f)
o0902952	8(N14@f)	8(N14@f)
o0902953	9(N14@f)	9(N14@f)
o0902954	10(N14@f)	10(N14@f)
o0902955	1(N15)	1(N15)
o0902956	2(N15)	2(N15)
o0902957	3(N15)	3(N15)
o0902958	4(N15)	4(N15)
o0902959	5(N15)	5(N15)
o0902960	1(N16)	1(N16)
o0902961	1(N17)	1(N17)
o0902962	1(N18)	1(N18)
o0902963	2(N18)	2(N18)
o0902964	3(N18)	3(N18)
o0902965	4(N18)	4(N18)
o0902966	5(N18)	5(N18)
o0902967	6(N18)	6(N18)
o0902968	7(N18)	7(N18)
o0902969	8(N18)	8(N18)
o0902970	9(N18)	9(N18)
o0902971	9(N18)~v1	9(N18)
o0902972	1(N19)	1(N19)
o0902973	2(N19)	2(N19)
o0902974	3(N19)	3(N19)
o0902975	4(N19)	4(N19)
o0902976	5(N19)	5(N19)
o0902977	6(N19)	6(N19)
o0902978	7(N19)	7(N19)
o0902979	8(N19)	8(N19)
o0902980	9(N19)	9(N19)
o0902981	9(N19)~v1	9(N19)
o0902982	1(N19@f)	1(N19@f)
o0902983	2(N19@f)	2(N19@f)
o0902984	3(N19@f)	3(N19@f)
o0902985	4(N19@f)	4(N19@f)
o0902986	5(N19@f)	5(N19@f)
o0902987	6(N19@f)	6(N19@f)
o0902988	7(N19@f)	7(N19@f)
o0902989	8(N19@f)	8(N19@f)
o0902990	9(N19@f)	9(N19@f)
o0902991	1(N20)	1(N20)
o0902992	2(N20)	2(N20)
o0902993	3(N20)	3(N20)
o0902994	4(N20)	4(N20)
o0902995	5(N20)	5(N20)
o0902996	6(N20)	6(N20)
o0902997	7(N20)	7(N20)
o0902998	8(N20)	8(N20)
o0902999	9(N20)	9(N20)
o0903000	2(N21)	2(N21)
o0903001	3(N21)	3(N21)
o0903002	4(N21)	4(N21)
o0903003	5(N21)	5(N21)
o0903004	6(N21)	6(N21)
o0903005	1(N22)	1(N22)
o0903006	2(N22)	2(N22)
o0903008	1(N22@f)	1(N22@f)
o0903009	2(N22@f)	2(N22@f)
o0903010	1(N23)	1(N23)
o0903011	2(N23)	2(N23)
o0903012	3(N23)	3(N23)
o0903013	5(N23)	5(N23)
o0903014	7(N23)	7(N23)
o0903016	1(N24)	1(N24)
o0903019	2(N24)	2(N24)
o0903020	4(N24)	4(N24)
o0903021	6(N24)	6(N24)
o0903017	1(N24~a)	1(N24~a)
o0903018	1(N24~b)	1(N24~b)
o0903015	1(N24@f)	1(N24@f)
o0903022	1(N25)	1(N25)
o0903023	1(N26)	1(N26)
o0903024	1(N26)~v1	1(N26)
o0903025	1(N26~b)	1(N26~b)
o0903026	1(N27)	1(N27)
o0903027	1(N27)~v1	1(N27)
o0903028	1(N28)	1(N28)
o0903029	1(N28~b)	1(N28~b)
o0903030	1(N28~c)	1(N28~c)
o0903032	1(N29~a)	1(N29~a)
o0903033	1(N29~a)~v1	1(N29~a)
o0903037	2(N29~a)	2(N29~a)
o0903034	1(N29~b)	1(N29~b)
o0903040	1(N29A~b)	1(N29A~b)
o0903043	2(N29A~b)	2(N29A~b)
o0903041	1(N29A~c)	1(N29A~c)
o0903046	1(N30~a)	1(N30~a)
o0903045	1(N30~a)~v1	1(N30~a)
o0903048	1(N30~c)	1(N30~c)
o0903049	1(N30~d)	1(N30~d)
o0903050	1(N30~e)	1(N30~e)
oX	1(N30A~c)	1(N30A~c)
oX	1(N30C~b)	1(N30C~b)
oX	1(N30C~c)	1(N30C~c)
o0903056	1(N31)	1(N31)
o0903057	1(N32)	1(N32)
o0903058	1(N33)	1(N33)
o0903059	1(N34)	1(N34)
o0903060	|1(N34)×1(N58)|	|1(N34)x1(N58)|
o0903061	2(N34)	2(N34)
o0903062	3(N34)	3(N34)
o0903063	4(N34)	4(N34)
o0903064	5(N34)	5(N34)
o0903065	6(N34)	6(N34)
o0903066	7(N34)	7(N34)
o0903067	8(N34)	8(N34)
o0903068	9(N34)	9(N34)
o0903070	1(N34@f)	1(N34@f)
o0903071	2(N34@f)	2(N34@f)
o0903072	3(N34@f)	3(N34@f)
o0903073	4(N34@f)	4(N34@f)
o0903074	5(N34@f)	5(N34@f)
o0903075	6(N34@f)	6(N34@f)
o0903076	7(N34@f)	7(N34@f)
o0903077	8(N34@f)	8(N34@f)
o0903078	9(N34@f)	9(N34@f)
o0903069	1(N34@f@t)	|1(N34F@t)|
o0903079	1(N35)	1(N35)
o0903080	2(N35)	2(N35)
o0903081	5(N35)	5(N35)
o0903082	1(N36)	1(N36)
o0903083	2(N36)	2(N36)
o0903084	3(N36)	3(N36)
o0903085	4(N36)	4(N36)
o0903086	5(N36)	5(N36)
o0903087	6(N36)	6(N36)
o0903088	7(N36)	7(N36)
o0903089	8(N36)	8(N36)
o0903090	9(N36)	9(N36)
o0903091	1(N36@f)	1(N36@f)
o0903092	1(N37)	1(N37)
o0903093	2(N37)	2(N37)
o0903094	1(N38)	1(N38)
o0903097	1(N39~a)	1(N39~a)
o0903100	2(N39~a)	2(N39~a)
o0903104	3(N39~a)	3(N39~a)
o0903107	4(N39~a)	4(N39~a)
o0903098	1(N39~b)	1(N39~b)
o0903101	2(N39~b)	2(N39~b)
o0903105	3(N39~b)	3(N39~b)
o0903108	4(N39~b)	4(N39~b)
o0903111	1(N40)	1(N40)
o0903112	2(N40)	2(N40)
o0903113	3(N40)	3(N40)
o0903114	4(N40)	4(N40)
o0903115	1(N41)	1(N41)
o0903116	2(N41)	2(N41)
o0903117	3(N41)	3(N41)
o0903118	4(N41)	4(N41)
o0903120	1(N42~a)	1(N42~a)
o0903123	2(N42~a)	2(N42~a)
o0903126	3(N42~a)	3(N42~a)
o0903129	4(N42~a)	4(N42~a)
o0903121	1(N42~b)	1(N42~b)
o0903124	2(N42~b)	2(N42~b)
o0903127	3(N42~b)	3(N42~b)
o0903130	4(N42~b)	4(N42~b)
o0903131	1(N43)	1(N43)
o0903132	4(N43)	4(N43)
o0903133	1(N44)	1(N44)
o0903134	1(N45)	1(N45)
o0903137	2(N45)	2(N45)
o0903138	3(N45)	3(N45)
o0903139	4(N45)	4(N45)
o0903140	5(N45)	5(N45)
o0903141	6(N45)	6(N45)
o0903142	7(N45)	7(N45)
o0903143	9(N45)	9(N45)
o0903135	1(N45~a)	1(N45~a)
o0903144	1(N45@f)	1(N45@f)
o0903145	2(N45@f)	2(N45@f)
o0903146	3(N45@f)	3(N45@f)
o0903147	4(N45@f)	4(N45@f)
o0903148	5(N45@f)	5(N45@f)
o0903149	6(N45@f)	6(N45@f)
o0903150	7(N45@f)	7(N45@f)
o0903151	8(N45@f)	8(N45@f)
o0903152	9(N45@f)	9(N45@f)
o0903153	1(N46)	1(N46)
o0903154	2(N46)	2(N46)
o0903155	3(N46)	3(N46)
o0903156	1(N46@f)	1(N46@f)
o0903157	2(N46@f)	2(N46@f)
o0903158	1(N47)	1(N47)
o0903159	2(N47)	2(N47)
o0903160	3(N47)	3(N47)
o0903161	1(N48)	1(N48)
o0903162	2(N48)	2(N48)
o0903163	3(N48)	3(N48)
o0903164	4(N48)	4(N48)
o0903165	5(N48)	5(N48)
o0903166	6(N48)	6(N48)
o0903167	7(N48)	7(N48)
o0903168	1(N48@f)	1(N48@f)
o0903169	1(N49)	1(N49)
o0903170	2(N49)	2(N49)
o0903171	3(N49)	3(N49)
o0903172	4(N49)	4(N49)
o0903173	5(N49)	5(N49)
o0903174	1(N50)	1(N50)
o0903175	2(N50)	2(N50)
o0903176	3(N50)	3(N50)
o0903177	4(N50)	4(N50)
o0903178	5(N50)	5(N50)
o0903188	1(N51)	1(N51)
o0903189	2(N51)	2(N51)
o0903190	3(N51)	3(N51)
o0903191	4(N51)	4(N51)
o0903192	5(N51)	5(N51)
o0903193	6(N51)	6(N51)
o0903194	7(N51)	7(N51)
o0903195	8(N51)	8(N51)
o0903179	1(N51@f)	1(N51@f)
o0903180	2(N51@f)	2(N51@f)
o0903181	3(N51@f)	3(N51@f)
o0903182	4(N51@f)	4(N51@f)
o0903183	5(N51@f)	5(N51@f)
o0903184	6(N51@f)	6(N51@f)
o0903185	7(N51@f)	7(N51@f)
o0903186	8(N51@f)	8(N51@f)
o0903187	9(N51@f)	9(N51@f)
o0903196	1(N52)	1(N52)
o0903197	2(N52)	2(N52)
o0903198	3(N52)	3(N52)
o0903199	4(N52)	4(N52)
o0903200	5(N52)	5(N52)
o0903201	3(N53)	3(N53)
o0903202	1(N54)	1(N54)
o0903203	2(N54)	2(N54)
o0903204	3(N54)	3(N54)
o0903205	4(N54)	4(N54)
o0903206	5(N54)	5(N54)
o0903207	1(N55)	1(N55)
o0903208	1(N56)	1(N56)
o0903209	2(N56)	2(N56)
o0903210	1(N57)	1(N57)
o0903216	|1(N57).1(N57)|	|1(N57).1(N57)|
o0903222	2(N57)	2(N57)
o0903234	3(N57)	3(N57)
o0903257	4(N57)	4(N57)
o0903264	5(N57)	5(N57)
o0903268	6(N57)	6(N57)
o0903269	6(N57)~v1	6(N57)
o0903273	7(N57)	7(N57)
o0903275	8(N57)	8(N57)
o0903278	9(N57)	9(N57)
o0903279	10(N57)	10(N57)
o0903280	1(N58)	1(N58)
o0903284	2(N58)	2(N58)
o0903285	3(N58)	3(N58)
o0903288	4(N58)	4(N58)
o0903289	5(N58)	5(N58)
o0903290	8(N58)	8(N58)
o0903291	9(N58)	9(N58)
o0903292	10(N58)	10(N58)
o0903293	12(N58)	12(N58)
o0903294	1(N58@t)	|1(N58@t)|
o0903296	2(N59)	2(N59)
o0903297	3(N59)	3(N59)
o0903298	4(N59)	4(N59)
o0903301	1(N60)	1(N60)
o0903302	3(N61)	3(N61)
o0903303	4(N62)	4(N62)
o0903304	1(N63)	1(N63)
