EASL0001	I	A	archsigns/A.jpg
EASL0002	I	A@g	archsigns/A@g.jpg
EASL0003	I	A@t	archsigns/A@t.jpg
EASL0004	I	A2	archsigns/A2.jpg
EASL0005	I	AB~a	archsigns/AB~a.jpg
EASL0006	I	AB~a@g	archsigns/AB~a@g.jpg
EASL0007	I	|AB~ax1(N01)|	archsigns/|AB~ax1(N01)|.jpg
EASL0008	I	|AB~axA@t|	archsigns/|AB~axA@t|.jpg
EASL0009	I	|AB~axASZ2|	archsigns/|AB~axASZ2|.jpg
EASL0010	I	|AB~axKU6~a|	archsigns/|AB~axKU6~a|.jpg
EASL0011	I	|AB~axSUKKAL|	archsigns/|AB~axSUKKAL|.jpg
EASL0012	I	|AB~ax(SZE~a&SZE~a)|	archsigns/|AB~ax(SZE~a&SZE~a)|.jpg
EASL0013	I	|AB~axX|	archsigns/|AB~axX|.jpg
EASL0014	I	|AB~axZATU659|	archsigns/|AB~axZATU659|.jpg
EASL0015	I	AB~b	archsigns/AB~b.jpg
EASL0016	I	|AB~bxA|	archsigns/|AB~bxA|.jpg
EASL0017	I	|AB~bxKU6~a|	archsigns/|AB~bxKU6~a|.jpg
EASL0018	I	|AB~bxSZA3~a1|	archsigns/|AB~bxSZA3~a1|.jpg
EASL0019	I	AB2	archsigns/AB2.jpg
EASL0020	I	|AB2x2(N14)|	archsigns/|AB2x2(N14)|.jpg
EASL0021	I	ABGAL	archsigns/ABGAL.jpg
EASL0022	I	ABRIG	archsigns/ABRIG.jpg
EASL0023	I	ABZU	archsigns/ABZU.jpg
EASL0024	I	AD~a	archsigns/AD~a.jpg
EASL0025	I	AD~b	archsigns/AD~b.jpg
EASL0026	I	AD~c	archsigns/AD~c.jpg
EASL0027	I	ADAB	archsigns/ADAB.jpg
EASL0028	I	ADDA	archsigns/ADDA.jpg
EASL0029	I	ADDA@t	archsigns/ADDA@t.jpg
EASL0030	I	AGAR2	archsigns/AGAR2.jpg
EASL0031	I	AK~a	archsigns/AK~a.jpg
EASL0032	I	AK~b	archsigns/AK~b.jpg
EASL0033	I	AL	archsigns/AL.jpg
EASL0034	I	ALAN~a	archsigns/ALAN~a.jpg
EASL0035	I	ALAN~b	archsigns/ALAN~b.jpg
EASL0036	I	ALAN~c	archsigns/ALAN~c.jpg
EASL0037	I	ALAN~d	archsigns/ALAN~d.jpg
EASL0038	I	ALAN~e	archsigns/ALAN~e.jpg
EASL0039	I	ALAN~f	archsigns/ALAN~f.jpg
EASL0040	I	ALIM	archsigns/ALIM.jpg
EASL0041	I	AM~a	archsigns/AM~a.jpg
EASL0042	I	AM~b	archsigns/AM~b.jpg
EASL0043	I	AMA~a	archsigns/AMA~a.jpg
EASL0044	I	|AMA~axE2~a|	archsigns/|AMA~axE2~a|.jpg
EASL0045	I	AMA~b	archsigns/AMA~b.jpg
EASL0046	I	|AMAR.1(N02)|	archsigns/|AMAR.1(N02)|.jpg
EASL0047	I	AMAR	archsigns/AMAR.jpg
EASL0048	I	|AMAR@g|	archsigns/|AMAR@g|.jpg
EASL0049	I	|AMAR&AMAR|	archsigns/|AMAR&AMAR|.jpg
EASL0050	I	|AMARxTAR|	archsigns/|AMARxTAR|.jpg
EASL0051	I	AN	archsigns/AN.jpg
EASL0052	I	ANSZE~a	archsigns/ANSZE~a.jpg
EASL0053	I	ANSZE~b	archsigns/ANSZE~b.jpg
EASL0054	I	ANSZE~c	archsigns/ANSZE~c.jpg
EASL0055	I	ANSZE~e	archsigns/ANSZE~e.jpg
EASL0056	I	ANZU2	archsigns/ANZU2.jpg
EASL0057	I	|APIN~a.APIN~a|	archsigns/|APIN~a.APIN~a|.jpg
EASL0058	I	APIN~a	archsigns/APIN~a.jpg
EASL0059	I	APIN~b	archsigns/APIN~b.jpg
EASL0060	I	APIN~c	archsigns/APIN~c.jpg
EASL0061	I	ARARMA2~a	archsigns/ARARMA2~a.jpg
EASL0062	I	ARARMA2~b	archsigns/ARARMA2~b.jpg
EASL0063	I	ARATTA	archsigns/ARATTA.jpg
EASL0064	I	ASAL2	archsigns/ASAL2.jpg
EASL0065	I	ASAR	archsigns/ASAR.jpg
EASL0066	I	ASZ2	archsigns/ASZ2.jpg
EASL0067	I	|Ax1(N14)|	archsigns/|Ax1(N14)|.jpg
EASL0068	I	|AxAB2|	archsigns/|AxAB2|.jpg
EASL0069	I	|AxAN|	archsigns/|AxAN|.jpg
EASL0070	I	|AxEN~a|	archsigns/|AxEN~a|.jpg
EASL0071	I	|AxSZUBUR|	archsigns/|AxSZUBUR|.jpg
EASL0072	I	|AxZATU672|	archsigns/|AxZATU672|.jpg
EASL0073	I	AZ	archsigns/AZ.jpg
EASL0074	I	AZU	archsigns/AZU.jpg
EASL0075	I	BA	archsigns/BA.jpg
EASL0076	I	BAD	archsigns/BAD.jpg
EASL0077	I	|BAD&BAD|	archsigns/|BAD&BAD|.jpg
EASL0078	I	BAD3~a	archsigns/BAD3~a.jpg
EASL0079	I	BAD3~b1	archsigns/BAD3~b1.jpg
EASL0080	I	BAD3~b2	archsigns/BAD3~b2.jpg
EASL0081	I	BAHAR2~a	archsigns/BAHAR2~a.jpg
EASL0082	I	BAHAR2~b	archsigns/BAHAR2~b.jpg
EASL0083	I	BAHAR2~c	archsigns/BAHAR2~c.jpg
EASL0084	I	BALA~a	archsigns/BALA~a.jpg
EASL0085	I	BALA~b	archsigns/BALA~b.jpg
EASL0086	I	BALAG	archsigns/BALAG.jpg
EASL0087	I	BAN~a	archsigns/BAN~a.jpg
EASL0088	I	BAN~b	archsigns/BAN~b.jpg
EASL0089	I	BANSZUR~a	archsigns/BANSZUR~a.jpg
EASL0090	I	BANSZUR~a@t	archsigns/BANSZUR~a@t.jpg
EASL0091	I	BANSZUR~b1	archsigns/BANSZUR~b1.jpg
EASL0092	I	BANSZUR~b2	archsigns/BANSZUR~b2.jpg
EASL0093	I	BANSZUR~c	archsigns/BANSZUR~c.jpg
EASL0094	I	BAPPIR~a	archsigns/BAPPIR~a.jpg
EASL0095	I	BAPPIR~b	archsigns/BAPPIR~b.jpg
EASL0096	I	BAPPIR~c	archsigns/BAPPIR~c.jpg
EASL0097	I	BAPPIR~d	archsigns/BAPPIR~d.jpg
EASL0098	I	BAPPIR~e	archsigns/BAPPIR~e.jpg
EASL0099	I	BAPPIR~f	archsigns/BAPPIR~f.jpg
EASL0100	I	BAR	archsigns/BAR.jpg
EASL0101	I	BARA2~a	archsigns/BARA2~a.jpg
EASL0102	I	BARA2~b	archsigns/BARA2~b.jpg
EASL0103	I	BARA3	archsigns/BARA3.jpg
EASL0104	I	BIR~a	archsigns/BIR~a.jpg
EASL0105	I	BIR~b	archsigns/BIR~b.jpg
EASL0106	I	BIR~c	archsigns/BIR~c.jpg
EASL0107	I	BIR3~a	archsigns/BIR3~a.jpg
EASL0108	I	BIR3~b	archsigns/BIR3~b.jpg
EASL0109	I	BIR3~c	archsigns/BIR3~c.jpg
EASL0110	I	BU~a	archsigns/BU~a.jpg
EASL0111	I	|(BU~a&BU~a).NA2~a|	archsigns/|(BU~a&BU~a).NA2~a|.jpg
EASL0112	I	|(BU~a&BU~a).NA2~a@n|	archsigns/|(BU~a&BU~a).NA2~a@n|.jpg
EASL0113	I	|(BU~a&BU~a).NA2~b|	archsigns/|(BU~a&BU~a).NA2~b|.jpg
EASL0114	I	|(BU~a&BU~a).X|	archsigns/|(BU~a&BU~a).X|.jpg
EASL0115	I	|BU~a+DU6~a|	archsigns/|BU~a+DU6~a|.jpg
EASL0116	I	|BU~ax1(N58)|	archsigns/|BU~ax1(N58)|.jpg
EASL0117	I	|BU~axA|	archsigns/|BU~axA|.jpg
EASL0118	I	|BU~axGISZ@t|	archsigns/|BU~axGISZ@t|.jpg
EASL0119	I	BU~b	archsigns/BU~b.jpg
EASL0120	I	|BU~b.NA2~a|	archsigns/|BU~b.NA2~a|.jpg
EASL0121	I	BU3	archsigns/BU3.jpg
EASL0122	I	BULUG	archsigns/BULUG.jpg
EASL0123	I	BULUG3	archsigns/BULUG3.jpg
EASL0124	I	BUR~a	archsigns/BUR~a.jpg
EASL0125	I	BUR~b	archsigns/BUR~b.jpg
EASL0126	I	BUR~c	archsigns/BUR~c.jpg
EASL0127	I	BUR~d	archsigns/BUR~d.jpg
EASL0128	I	BUR2	archsigns/BUR2.jpg
EASL0129	I	DA~a	archsigns/DA~a.jpg
EASL0130	I	|DA~a.LISZ|	archsigns/|DA~a.LISZ|.jpg
EASL0131	I	DA~b	archsigns/DA~b.jpg
EASL0132	I	DA~c	archsigns/DA~c.jpg
EASL0133	I	DA~d	archsigns/DA~d.jpg
EASL0134	I	DAG	archsigns/DAG.jpg
EASL0135	I	DAH	archsigns/DAH.jpg
EASL0136	I	DAM	archsigns/DAM.jpg
EASL0137	I	DANNA	archsigns/DANNA.jpg
EASL0138	I	DAR~a	archsigns/DAR~a.jpg
EASL0139	I	|DAR~axA|	archsigns/|DAR~axA|.jpg
EASL0140	I	DAR~b	archsigns/DAR~b.jpg
EASL0141	I	DAR~c	archsigns/DAR~c.jpg
EASL0142	I	DAR~d	archsigns/DAR~d.jpg
EASL0143	I	DARA3~a	archsigns/DARA3~a.jpg
EASL0144	I	DARA3~b	archsigns/DARA3~b.jpg
EASL0145	I	DARA3~c	archsigns/DARA3~c.jpg
EASL0146	I	|DARA3~cxKAR2|	archsigns/|DARA3~cxKAR2|.jpg
EASL0147	I	|DARA3~cx(KAR2.SZE~a)|	archsigns/|DARA3~cx(KAR2.SZE~a)|.jpg
EASL0148	I	DARA3~d	archsigns/DARA3~d.jpg
EASL0149	I	|DARA3~dxKAR2|	archsigns/|DARA3~dxKAR2|.jpg
EASL0150	I	|DARA3~dx(KAR2.SZE~a)|	archsigns/|DARA3~dx(KAR2.SZE~a)|.jpg
EASL0151	I	DARA4~a1	archsigns/DARA4~a1.jpg
EASL0152	I	DARA4~a2	archsigns/DARA4~a2.jpg
EASL0153	I	DARA4~a3	archsigns/DARA4~a3.jpg
EASL0154	I	DARA4~b	archsigns/DARA4~b.jpg
EASL0155	I	DARA4~c1	archsigns/DARA4~c1.jpg
EASL0156	I	DARA4~c2	archsigns/DARA4~c2.jpg
EASL0157	I	DARA4~c3	archsigns/DARA4~c3.jpg
EASL0158	I	DARA4~c4	archsigns/DARA4~c4.jpg
EASL0159	I	DARA4~c5	archsigns/DARA4~c5.jpg
EASL0160	I	DI	archsigns/DI.jpg
EASL0161	I	DI@t	archsigns/DI@t.jpg
EASL0162	I	DIB	archsigns/DIB.jpg
EASL0163	I	DILMUN	archsigns/DILMUN.jpg
EASL0164	I	DIM~a	archsigns/DIM~a.jpg
EASL0165	I	|DIM~axGU|	archsigns/|DIM~axGU|.jpg
EASL0166	I	|DIM~axX|	archsigns/|DIM~axX|.jpg
EASL0167	I	DIM~b	archsigns/DIM~b.jpg
EASL0168	I	DIM~c	archsigns/DIM~c.jpg
EASL0169	I	DIN	archsigns/DIN.jpg
EASL0170	I	DIN@t	archsigns/DIN@t.jpg
EASL0171	I	DU@g	archsigns/DU@g.jpg
EASL0172	I	DU6~a	archsigns/DU6~a.jpg
EASL0173	I	|DU6~axDISZ|	archsigns/|DU6~axDISZ|.jpg
EASL0174	I	DU6~b	archsigns/DU6~b.jpg
EASL0175	I	DU6~c	archsigns/DU6~c.jpg
EASL0176	I	DU7	archsigns/DU7.jpg
EASL0177	I	DU8~a	archsigns/DU8~a.jpg
EASL0178	I	DU8~b	archsigns/DU8~b.jpg
EASL0179	I	DU8~c	archsigns/DU8~c.jpg
EASL0180	I	DU8~c@g	archsigns/DU8~c@g.jpg
EASL0181	I	|DU8~cxHI|	archsigns/|DU8~cxHI|.jpg
EASL0182	I	|DU8~cxUDU~a|	archsigns/|DU8~cxUDU~a|.jpg
EASL0183	I	|DU8~cxX|	archsigns/|DU8~cxX|.jpg
EASL0184	I	DUB~a	archsigns/DUB~a.jpg
EASL0185	I	DUB~b	archsigns/DUB~b.jpg
EASL0186	I	DUB~c	archsigns/DUB~c.jpg
EASL0187	I	DUB~d	archsigns/DUB~d.jpg
EASL0188	I	DUB~e	archsigns/DUB~e.jpg
EASL0189	I	DUB~f	archsigns/DUB~f.jpg
EASL0190	I	DUB2	archsigns/DUB2.jpg
EASL0191	I	|(DUBxDISZ)~a|	archsigns/|(DUBxDISZ)~a|.jpg
EASL0192	I	|(DUBxDISZ)~b|	archsigns/|(DUBxDISZ)~b|.jpg
EASL0193	I	|(DUBxDISZ)~c|	archsigns/|(DUBxDISZ)~c|.jpg
EASL0194	I	|DUG~ax1(N57)|	archsigns/|DUG~ax1(N57)|.jpg
EASL0195	I	|DUG~axHI|	archsigns/|DUG~axHI|.jpg
EASL0196	I	|DUG~axKASKAL|	archsigns/|DUG~axKASKAL|.jpg
EASL0197	I	|DUG~axLAM~b|	archsigns/|DUG~axLAM~b|.jpg
EASL0198	I	|DUG~axNAGA~a|	archsigns/|DUG~axNAGA~a|.jpg
EASL0199	I	|DUG~axU2~a|	archsigns/|DUG~axU2~a|.jpg
EASL0200	I	|DUG~axU2~b|	archsigns/|DUG~axU2~b|.jpg
EASL0201	I	|DUG~axX|	archsigns/|DUG~axX|.jpg
EASL0202	I	DUG~b	archsigns/DUG~b.jpg
EASL0203	I	|(DUG~b&DUG~b)x1(N58)|	archsigns/|(DUG~b&DUG~b)x1(N58)|.jpg
EASL0204	I	|DUG~bx1(N57)|	archsigns/|DUG~bx1(N57)|.jpg
EASL0205	I	|DUG~bx(1(N57).KU3~a)|	archsigns/|DUG~bx(1(N57).KU3~a)|.jpg
EASL0206	I	|DUG~bx3(N57)|	archsigns/|DUG~bx3(N57)|.jpg
EASL0207	I	|DUG~bxAB2|	archsigns/|DUG~bxAB2|.jpg
EASL0208	I	|DUG~bxANSZE~b|	archsigns/|DUG~bxANSZE~b|.jpg
EASL0209	I	|DUG~bxANSZE~d|	archsigns/|DUG~bxANSZE~d|.jpg
EASL0210	I	|DUG~bxBALA~a|	archsigns/|DUG~bxBALA~a|.jpg
EASL0211	I	|DUG~bxBIR3~c|	archsigns/|DUG~bxBIR3~c|.jpg
EASL0212	I	|DUG~bxDIN|	archsigns/|DUG~bxDIN|.jpg
EASL0213	I	|(DUG~bxDIN)@r|	archsigns/|(DUG~bxDIN)@r|.jpg
EASL0214	I	|DUG~bxE~a|	archsigns/|DUG~bxE~a|.jpg
EASL0215	I	|DUG~bxGA~a|	archsigns/|DUG~bxGA~a|.jpg
EASL0216	I	|DUG~bxGA~b|	archsigns/|DUG~bxGA~b|.jpg
EASL0217	I	|DUG~bxGESZTU~a|	archsigns/|DUG~bxGESZTU~a|.jpg
EASL0218	I	|DUG~bxGESZTU~b|	archsigns/|DUG~bxGESZTU~b|.jpg
EASL0219	I	|DUG~bxGI6|	archsigns/|DUG~bxGI6|.jpg
EASL0220	I	|DUG~bxGISZ|	archsigns/|DUG~bxGISZ|.jpg
EASL0221	I	|DUG~bxHI|	archsigns/|DUG~bxHI|.jpg
EASL0222	I	|DUG~bxHI@g~a|	archsigns/|DUG~bxHI@g~a|.jpg
EASL0223	I	|DUG~bxKASKAL|	archsigns/|DUG~bxKASKAL|.jpg
EASL0224	I	|DUG~bxKU6~a|	archsigns/|DUG~bxKU6~a|.jpg
EASL0225	I	|DUG~bxKUR@g~a|	archsigns/|DUG~bxKUR@g~a|.jpg
EASL0226	I	|DUG~bxKUR~a|	archsigns/|DUG~bxKUR~a|.jpg
EASL0227	I	|DUG~bx(KUR~a.X)|	archsigns/|DUG~bx(KUR~a.X)|.jpg
EASL0228	I	|DUG~bxKUR~b|	archsigns/|DUG~bxKUR~b|.jpg
EASL0229	I	|DUG~bxLAM~a|	archsigns/|DUG~bxLAM~a|.jpg
EASL0230	I	|DUG~bxMASZ|	archsigns/|DUG~bxMASZ|.jpg
EASL0231	I	|DUG~bxNAGA~a|	archsigns/|DUG~bxNAGA~a|.jpg
EASL0232	I	|DUG~bxNAM2|	archsigns/|DUG~bxNAM2|.jpg
EASL0233	I	|DUG~bx(NI~a@g.ZATU779)|	archsigns/|DUG~bx(NI~a@g.ZATU779)|.jpg
EASL0234	I	|DUG~bxSA~a|	archsigns/|DUG~bxSA~a|.jpg
EASL0235	I	|DUG~bxSI4~a|	archsigns/|DUG~bxSI4~a|.jpg
EASL0236	I	|DUG~bx(SI4~a.X)|	archsigns/|DUG~bx(SI4~a.X)|.jpg
EASL0237	I	|DUG~bxSIG2~a1|	archsigns/|DUG~bxSIG2~a1|.jpg
EASL0238	I	|DUG~bxSIG2~a2|	archsigns/|DUG~bxSIG2~a2|.jpg
EASL0239	I	|DUG~bxSIG7|	archsigns/|DUG~bxSIG7|.jpg
EASL0240	I	|DUG~bxSUHUR|	archsigns/|DUG~bxSUHUR|.jpg
EASL0241	I	|DUG~bxSZAH2~a|	archsigns/|DUG~bxSZAH2~a|.jpg
EASL0242	I	|DUG~bxSZE~a|	archsigns/|DUG~bxSZE~a|.jpg
EASL0243	I	|DUG~bx(SZE~a.NAM2)|	archsigns/|DUG~bx(SZE~a.NAM2)|.jpg
EASL0244	I	|DUG~bxTAK4~a|	archsigns/|DUG~bxTAK4~a|.jpg
EASL0245	I	|DUG~bx(TAK4~a.SA~a)|	archsigns/|DUG~bx(TAK4~a.SA~a)|.jpg
EASL0246	I	|DUG~bx(TAK4~a.SAL)|	archsigns/|DUG~bx(TAK4~a.SAL)|.jpg
EASL0247	I	|DUG~bxTI|	archsigns/|DUG~bxTI|.jpg
EASL0248	I	|DUG~bxU2~a|	archsigns/|DUG~bxU2~a|.jpg
EASL0249	I	|DUG~bxU2~b|	archsigns/|DUG~bxU2~b|.jpg
EASL0250	I	|DUG~bxUH3~a|	archsigns/|DUG~bxUH3~a|.jpg
EASL0251	I	|DUG~bxUH3~a@t|	archsigns/|DUG~bxUH3~a@t|.jpg
EASL0252	I	|DUG~bxX|	archsigns/|DUG~bxX|.jpg
EASL0253	I	|DUG~bxZATU707~a|	archsigns/|DUG~bxZATU707~a|.jpg
EASL0254	I	|DUG~bxZATU764|	archsigns/|DUG~bxZATU764|.jpg
EASL0255	I	|DUG~bxZATU779|	archsigns/|DUG~bxZATU779|.jpg
EASL0256	I	|DUG~bxZATU780|	archsigns/|DUG~bxZATU780|.jpg
EASL0257	I	|DUG~bxZATU781|	archsigns/|DUG~bxZATU781|.jpg
EASL0258	I	|DUG~bx(ZATU789.SA~a)|	archsigns/|DUG~bx(ZATU789.SA~a)|.jpg
EASL0259	I	DUG~c	archsigns/DUG~c.jpg
EASL0260	I	DUG~c@t	archsigns/DUG~c@t.jpg
EASL0261	I	|DUG~cx1(N57)|	archsigns/|DUG~cx1(N57)|.jpg
EASL0262	I	DUG~d	archsigns/DUG~d.jpg
EASL0263	I	DUGUD	archsigns/DUGUD.jpg
EASL0264	I	DUR~a	archsigns/DUR~a.jpg
EASL0265	I	DUR~b	archsigns/DUR~b.jpg
EASL0266	I	DUR2	archsigns/DUR2.jpg
EASL0267	I	|DUxDISZ|	archsigns/|DUxDISZ|.jpg
EASL0268	I	E~a	archsigns/E~a.jpg
EASL0269	I	E~b	archsigns/E~b.jpg
EASL0270	I	E~c	archsigns/E~c.jpg
EASL0271	I	E~d	archsigns/E~d.jpg
EASL0272	I	E~e	archsigns/E~e.jpg
EASL0273	I	E2~a	archsigns/E2~a.jpg
EASL0274	I	|E2~a.LISZ|	archsigns/|E2~a.LISZ|.jpg
EASL0275	I	|E2~ax1(N57)@t|	archsigns/|E2~ax1(N57)@t|.jpg
EASL0276	I	|E2~ax3(N58)|	archsigns/|E2~ax3(N58)|.jpg
EASL0277	I	E2~b	archsigns/E2~b.jpg
EASL0278	I	|E2~b.LISZ|	archsigns/|E2~b.LISZ|.jpg
EASL0279	I	|E2~bx1(N57)@t|	archsigns/|E2~bx1(N57)@t|.jpg
EASL0280	I	E2~c	archsigns/E2~c.jpg
EASL0281	I	E2~d	archsigns/E2~d.jpg
EASL0282	I	E3~a	archsigns/E3~a.jpg
EASL0283	I	E3~b	archsigns/E3~b.jpg
EASL0284	I	EDIN	archsigns/EDIN.jpg
EASL0285	I	EN@g~a	archsigns/EN@g~a.jpg
EASL0286	I	EN@g~b	archsigns/EN@g~b.jpg
EASL0287	I	EN~a	archsigns/EN~a.jpg
EASL0288	I	EN~b	archsigns/EN~b.jpg
EASL0289	I	EN~b@t	archsigns/EN~b@t.jpg
EASL0290	I	EN~c	archsigns/EN~c.jpg
EASL0291	I	|EN~c&EN~c|	archsigns/|EN~c&EN~c|.jpg
EASL0292	I	EN~e	archsigns/EN~e.jpg
EASL0293	I	|EN2.E2~a|	archsigns/|EN2.E2~a|.jpg
EASL0294	I	|EN2.E2~b|	archsigns/|EN2.E2~b|.jpg
EASL0295	I	EN2	archsigns/EN2.jpg
EASL0296	I	ENDIB	archsigns/ENDIB.jpg
EASL0297	I	ENGIZ	archsigns/ENGIZ.jpg
EASL0298	I	ENKUM	archsigns/ENKUM.jpg
EASL0299	I	ENLIL	archsigns/ENLIL.jpg
EASL0300	I	ENSI	archsigns/ENSI.jpg
EASL0301	I	ENSI2	archsigns/ENSI2.jpg
EASL0302	I	ERIM~a	archsigns/ERIM~a.jpg
EASL0303	I	ERIM~b1	archsigns/ERIM~b1.jpg
EASL0304	I	ERIM~b2	archsigns/ERIM~b2.jpg
EASL0305	I	ERIM2	archsigns/ERIM2.jpg
EASL0306	I	ERIN	archsigns/ERIN.jpg
EASL0307	I	ESZDA	archsigns/ESZDA.jpg
EASL0308	I	|ESZDAxTAR|	archsigns/|ESZDAxTAR|.jpg
EASL0309	I	ESZGAR	archsigns/ESZGAR.jpg
EASL0310	I	EZEN~a	archsigns/EZEN~a.jpg
EASL0311	I	|EZEN~axEN~a|	archsigns/|EZEN~axEN~a|.jpg
EASL0312	I	|EZEN~axEN~b|	archsigns/|EZEN~axEN~b|.jpg
EASL0313	I	|EZEN~ax(HI.1(N57).AN)|	archsigns/|EZEN~ax(HI.1(N57).AN)|.jpg
EASL0314	I	|EZEN~axKAB|	archsigns/|EZEN~axKAB|.jpg
EASL0315	I	|EZEN~axKI|	archsigns/|EZEN~axKI|.jpg
EASL0316	I	|EZEN~axLA~e|	archsigns/|EZEN~axLA~e|.jpg
EASL0317	I	|EZEN~axNIM~b2|	archsigns/|EZEN~axNIM~b2|.jpg
EASL0318	I	|EZEN~axNIMGIR|	archsigns/|EZEN~axNIMGIR|.jpg
EASL0319	I	|EZEN~axRAD~a|	archsigns/|EZEN~axRAD~a|.jpg
EASL0320	I	|EZEN~axSAG|	archsigns/|EZEN~axSAG|.jpg
EASL0321	I	|EZEN~axSU~a|	archsigns/|EZEN~axSU~a|.jpg
EASL0322	I	|EZEN~ax(U2~b.A)|	archsigns/|EZEN~ax(U2~b.A)|.jpg
EASL0323	I	|EZEN~axU4|	archsigns/|EZEN~axU4|.jpg
EASL0324	I	|EZEN~axX|	archsigns/|EZEN~axX|.jpg
EASL0325	I	EZEN~b	archsigns/EZEN~b.jpg
EASL0326	I	|EZEN~b@t|	archsigns/|EZEN~b@t|.jpg
EASL0327	I	|EZEN~bx6(N57)|	archsigns/|EZEN~bx6(N57)|.jpg
EASL0328	I	EZEN~c	archsigns/EZEN~c.jpg
EASL0329	I	EZINU~a	archsigns/EZINU~a.jpg
EASL0330	I	EZINU~b	archsigns/EZINU~b.jpg
EASL0331	I	EZINU~c	archsigns/EZINU~c.jpg
EASL0332	I	EZINU~d	archsigns/EZINU~d.jpg
EASL0333	I	GA'AR~a1	archsigns/GA'AR~a1.jpg
EASL0334	I	GA'AR~a2	archsigns/GA'AR~a2.jpg
EASL0335	I	GA'AR~b1	archsigns/GA'AR~b1.jpg
EASL0336	I	GA'AR~b2	archsigns/GA'AR~b2.jpg
EASL0337	I	GA~a	archsigns/GA~a.jpg
EASL0338	I	|GA~a.ZATU753|	archsigns/|GA~a.ZATU753|.jpg
EASL0339	I	|GA~axX|	archsigns/|GA~axX|.jpg
EASL0340	I	GA~b	archsigns/GA~b.jpg
EASL0341	I	GA~c	archsigns/GA~c.jpg
EASL0342	I	|GA~cx1(N14)|	archsigns/|GA~cx1(N14)|.jpg
EASL0343	I	|GA~cxKASKAL|	archsigns/|GA~cxKASKAL|.jpg
EASL0344	I	GA2~a1	archsigns/GA2~a1.jpg
EASL0345	I	|GA2~a1x1(N14)|	archsigns/|GA2~a1x1(N14)|.jpg
EASL0346	I	|GA2~a1x1(N57)|	archsigns/|GA2~a1x1(N57)|.jpg
EASL0347	I	|GA2~a1xA|	archsigns/|GA2~a1xA|.jpg
EASL0348	I	|GA2~a1xEN~b|	archsigns/|GA2~a1xEN~b|.jpg
EASL0349	I	|GA2~a1xGESZTU~c3|	archsigns/|GA2~a1xGESZTU~c3|.jpg
EASL0350	I	|GA2~a1xGESZTU~c5|	archsigns/|GA2~a1xGESZTU~c5|.jpg
EASL0351	I	|GA2~a1xGIR~a|	archsigns/|GA2~a1xGIR~a|.jpg
EASL0352	I	|GA2~a1x(GIR~a.KU6~a)|	archsigns/|GA2~a1x(GIR~a.KU6~a)|.jpg
EASL0353	I	|GA2~a1xGISZ@t|	archsigns/|GA2~a1xGISZ@t|.jpg
EASL0354	I	|GA2~a1xGU4|	archsigns/|GA2~a1xGU4|.jpg
EASL0355	I	|GA2~a1xHAL|	archsigns/|GA2~a1xHAL|.jpg
EASL0356	I	|GA2~a1xHI|	archsigns/|GA2~a1xHI|.jpg
EASL0357	I	|GA2~a1x(HI.SUHUR)|	archsigns/|GA2~a1x(HI.SUHUR)|.jpg
EASL0358	I	|GA2~a1xKU3~a|	archsigns/|GA2~a1xKU3~a|.jpg
EASL0359	I	|GA2~a1xKU6~a|	archsigns/|GA2~a1xKU6~a|.jpg
EASL0360	I	|GA2~a1x(KU6~a.KU6~a)|	archsigns/|GA2~a1x(KU6~a.KU6~a)|.jpg
EASL0361	I	|GA2~a1xLAGAB~b|	archsigns/|GA2~a1xLAGAB~b|.jpg
EASL0362	I	|GA2~a1xMASZ|	archsigns/|GA2~a1xMASZ|.jpg
EASL0363	I	|GA2~a1xNAGA~a|	archsigns/|GA2~a1xNAGA~a|.jpg
EASL0364	I	|GA2~a1xNUN~a|	archsigns/|GA2~a1xNUN~a|.jpg
EASL0365	I	|GA2~a1xPAD~b|	archsigns/|GA2~a1xPAD~b|.jpg
EASL0366	I	|GA2~a1xPAP~a|	archsigns/|GA2~a1xPAP~a|.jpg
EASL0367	I	|GA2~a1xSU~a|	archsigns/|GA2~a1xSU~a|.jpg
EASL0368	I	|GA2~a1xSUHUR|	archsigns/|GA2~a1xSUHUR|.jpg
EASL0369	I	|GA2~a1xSUKUD|	archsigns/|GA2~a1xSUKUD|.jpg
EASL0370	I	|GA2~a1x((SUKUD&SUKUD)~a)|	archsigns/|GA2~a1x((SUKUD&SUKUD)~a)|.jpg
EASL0371	I	|GA2~a1x((SUKUD&SUKUD)~b)|	archsigns/|GA2~a1x((SUKUD&SUKUD)~b)|.jpg
EASL0372	I	|GA2~a1xSUMASZ|	archsigns/|GA2~a1xSUMASZ|.jpg
EASL0373	I	|GA2~a1xSZA|	archsigns/|GA2~a1xSZA|.jpg
EASL0374	I	|GA2~a1xTI|	archsigns/|GA2~a1xTI|.jpg
EASL0375	I	|GA2~a1xU4|	archsigns/|GA2~a1xU4|.jpg
EASL0376	I	|GA2~a1xX|	archsigns/|GA2~a1xX|.jpg
EASL0377	I	GA2~a2	archsigns/GA2~a2.jpg
EASL0378	I	|GA2~a2x3(N57)|	archsigns/|GA2~a2x3(N57)|.jpg
EASL0379	I	|GA2~a2xGU4|	archsigns/|GA2~a2xGU4|.jpg
EASL0380	I	|GA2~a2x(GU4.SZE3)|	archsigns/|GA2~a2x(GU4.SZE3)|.jpg
EASL0381	I	|GA2~a2xNI~a|	archsigns/|GA2~a2xNI~a|.jpg
EASL0382	I	|GA2~a2xNI~b|	archsigns/|GA2~a2xNI~b|.jpg
EASL0383	I	|GA2~a2xNIM~b1|	archsigns/|GA2~a2xNIM~b1|.jpg
EASL0384	I	|GA2~a2xSUHUR|	archsigns/|GA2~a2xSUHUR|.jpg
EASL0385	I	|GA2~a2xSZE3|	archsigns/|GA2~a2xSZE3|.jpg
EASL0386	I	|GA2~a2xX|	archsigns/|GA2~a2xX|.jpg
EASL0387	I	GA2~a3	archsigns/GA2~a3.jpg
EASL0388	I	|GA2~a3xX|	archsigns/|GA2~a3xX|.jpg
EASL0389	I	GA2~a4	archsigns/GA2~a4.jpg
EASL0390	I	GA2~b	archsigns/GA2~b.jpg
EASL0391	I	|GA2~bxDUB~a|	archsigns/|GA2~bxDUB~a|.jpg
EASL0392	I	|GA2~bxDUB~b|	archsigns/|GA2~bxDUB~b|.jpg
EASL0393	I	|GA2~bxKU3~a|	archsigns/|GA2~bxKU3~a|.jpg
EASL0394	I	|GA2~bxZATU659|	archsigns/|GA2~bxZATU659|.jpg
EASL0395	I	GA2~c	archsigns/GA2~c.jpg
EASL0396	I	GADA~a	archsigns/GADA~a.jpg
EASL0397	I	GADA~b	archsigns/GADA~b.jpg
EASL0398	I	GADA~b@g	archsigns/GADA~b@g.jpg
EASL0399	I	GAL~a	archsigns/GAL~a.jpg
EASL0400	I	GAL~b	archsigns/GAL~b.jpg
EASL0401	I	GALGA~a	archsigns/GALGA~a.jpg
EASL0402	I	GALGA~b	archsigns/GALGA~b.jpg
EASL0403	I	GAN~a	archsigns/GAN~a.jpg
EASL0404	I	GAN~b	archsigns/GAN~b.jpg
EASL0405	I	GAN~c	archsigns/GAN~c.jpg
EASL0406	I	|GAN~cxDIN|	archsigns/|GAN~cxDIN|.jpg
EASL0407	I	|GAN~cx(HI.DIN)|	archsigns/|GAN~cx(HI.DIN)|.jpg
EASL0408	I	|GAN~cxHI|	archsigns/|GAN~cxHI|.jpg
EASL0409	I	|GAN~cxKASZ~c|	archsigns/|GAN~cxKASZ~c|.jpg
EASL0410	I	|GAN~cx(KUR~a.A)|	archsigns/|GAN~cx(KUR~a.A)|.jpg
EASL0411	I	|GAN~cxLAGAB~b|	archsigns/|GAN~cxLAGAB~b|.jpg
EASL0412	I	|GAN~cxNE~a|	archsigns/|GAN~cxNE~a|.jpg
EASL0413	I	|GAN~cxSIG7|	archsigns/|GAN~cxSIG7|.jpg
EASL0414	I	|GAN~cxSZE~a|	archsigns/|GAN~cxSZE~a|.jpg
EASL0415	I	|GAN~cxSZE3@t|	archsigns/|GAN~cxSZE3@t|.jpg
EASL0416	I	|GAN~cxX|	archsigns/|GAN~cxX|.jpg
EASL0417	I	|GAN~cxZATU777|	archsigns/|GAN~cxZATU777|.jpg
EASL0418	I	GAN~d	archsigns/GAN~d.jpg
EASL0419	I	|GAN~dxGESZTU~a|	archsigns/|GAN~dxGESZTU~a|.jpg
EASL0420	I	|GAN~dxHI|	archsigns/|GAN~dxHI|.jpg
EASL0421	I	GAN2	archsigns/GAN2.jpg
EASL0422	I	GAR	archsigns/GAR.jpg
EASL0423	I	GAR@g~a	archsigns/GAR@g~a.jpg
EASL0424	I	GAR@g~b	archsigns/GAR@g~b.jpg
EASL0425	I	GAR@g~c	archsigns/GAR@g~c.jpg
EASL0426	I	GAR3	archsigns/GAR3.jpg
EASL0427	I	GARA2~a	archsigns/GARA2~a.jpg
EASL0428	I	GARA2~b	archsigns/GARA2~b.jpg
EASL0429	I	GAZI	archsigns/GAZI.jpg
EASL0430	I	GESZTIN~a	archsigns/GESZTIN~a.jpg
EASL0431	I	GESZTIN~c	archsigns/GESZTIN~c.jpg
EASL0432	I	|GESZTIN~cxX|	archsigns/|GESZTIN~cxX|.jpg
EASL0433	I	GESZTU~a	archsigns/GESZTU~a.jpg
EASL0434	I	|GESZTU~axSZE~a@t|	archsigns/|GESZTU~axSZE~a@t|.jpg
EASL0435	I	GESZTU~b	archsigns/GESZTU~b.jpg
EASL0436	I	GESZTU~c3	archsigns/GESZTU~c3.jpg
EASL0437	I	GESZTU~c5	archsigns/GESZTU~c5.jpg
EASL0438	I	GI	archsigns/GI.jpg
EASL0439	I	GI@t	archsigns/GI@t.jpg
EASL0440	I	|GI&GI|	archsigns/|GI&GI|.jpg
EASL0441	I	|GI&GI&GI|	archsigns/|GI&GI&GI|.jpg
EASL0442	I	|(GI&GI)xGISZ@t|	archsigns/|(GI&GI)xGISZ@t|.jpg
EASL0443	I	|(GI&GI)xX|	archsigns/|(GI&GI)xX|.jpg
EASL0444	I	|(GI+&GI)xSZE3|	archsigns/|(GI+&GI)xSZE3|.jpg
EASL0445	I	GI4~a	archsigns/GI4~a.jpg
EASL0446	I	|GI4~a&GI4~a|	archsigns/|GI4~a&GI4~a|.jpg
EASL0447	I	|GI4~axA|	archsigns/|GI4~axA|.jpg
EASL0448	I	GI4~b	archsigns/GI4~b.jpg
EASL0449	I	|GI4~b&GI4~b|	archsigns/|GI4~b&GI4~b|.jpg
EASL0450	I	GI6	archsigns/GI6.jpg
EASL0451	I	GIBIL	archsigns/GIBIL.jpg
EASL0452	I	GIBIL@t	archsigns/GIBIL@t.jpg
EASL0453	I	GIBIL6	archsigns/GIBIL6.jpg
EASL0454	I	GIG	archsigns/GIG.jpg
EASL0455	I	GIL	archsigns/GIL.jpg
EASL0456	I	GIR~a	archsigns/GIR~a.jpg
EASL0457	I	|GIR~a.KU6~a|	archsigns/|GIR~a.KU6~a|.jpg
EASL0458	I	|GIR~b.GIR~b|	archsigns/|GIR~b.GIR~b|.jpg
EASL0459	I	GIR~b	archsigns/GIR~b.jpg
EASL0460	I	GIR~c	archsigns/GIR~c.jpg
EASL0461	I	GIR~d	archsigns/GIR~d.jpg
EASL0462	I	GIR2~a	archsigns/GIR2~a.jpg
EASL0463	I	GIR2~b	archsigns/GIR2~b.jpg
EASL0464	I	GIR3@g~a	archsigns/GIR3@g~a.jpg
EASL0465	I	GIR3@g~b	archsigns/GIR3@g~b.jpg
EASL0466	I	GIR3@g~c	archsigns/GIR3@g~c.jpg
EASL0467	I	GIR3~a	archsigns/GIR3~a.jpg
EASL0468	I	|GIR3~axSZE~b|	archsigns/|GIR3~axSZE~b|.jpg
EASL0469	I	GIR3~b	archsigns/GIR3~b.jpg
EASL0470	I	GIR3~c	archsigns/GIR3~c.jpg
EASL0471	I	|GIR3~cxKAR2|	archsigns/|GIR3~cxKAR2|.jpg
EASL0472	I	|GIR3~cxSZE3|	archsigns/|GIR3~cxSZE3|.jpg
EASL0473	I	GIR4	archsigns/GIR4.jpg
EASL0474	I	GISAL~a	archsigns/GISAL~a.jpg
EASL0475	I	GISAL~b	archsigns/GISAL~b.jpg
EASL0476	I	GISZ	archsigns/GISZ.jpg
EASL0477	I	|GISZ.TE|	archsigns/|GISZ.TE|.jpg
EASL0478	I	|GISZ@t.E2~a|	archsigns/|GISZ@t.E2~a|.jpg
EASL0479	I	GISZ@t	archsigns/GISZ@t.jpg
EASL0480	I	GISZ~x	archsigns/GISZ~x.jpg
EASL0481	I	GISZ3~a	archsigns/GISZ3~a.jpg
EASL0482	I	|GISZ3~a&GISZ3~a|	archsigns/|GISZ3~a&GISZ3~a|.jpg
EASL0483	I	GISZ3~b	archsigns/GISZ3~b.jpg
EASL0484	I	GISZGAL	archsigns/GISZGAL.jpg
EASL0485	I	GISZIMMAR~a1	archsigns/GISZIMMAR~a1.jpg
EASL0486	I	GISZIMMAR~a2	archsigns/GISZIMMAR~a2.jpg
EASL0487	I	GISZIMMAR~a3	archsigns/GISZIMMAR~a3.jpg
EASL0488	I	GISZIMMAR~b1	archsigns/GISZIMMAR~b1.jpg
EASL0489	I	GISZIMMAR~b3	archsigns/GISZIMMAR~b3.jpg
EASL0490	I	|(GISZx(DIN.DIN))~a|	archsigns/|(GISZx(DIN.DIN))~a|.jpg
EASL0491	I	|(GISZx(DIN.DIN))~b|	archsigns/|(GISZx(DIN.DIN))~b|.jpg
EASL0492	I	|(GISZx(DIN.DIN))~c|	archsigns/|(GISZx(DIN.DIN))~c|.jpg
EASL0493	I	|GISZxSZU2~a|	archsigns/|GISZxSZU2~a|.jpg
EASL0494	I	|GISZxSZU2~b|	archsigns/|GISZxSZU2~b|.jpg
EASL0495	I	|GIx1(N14)|	archsigns/|GIx1(N14)|.jpg
EASL0496	I	|GIx1(N58)@t|	archsigns/|GIx1(N58)@t|.jpg
EASL0497	I	|GIxGISZ@t|	archsigns/|GIxGISZ@t|.jpg
EASL0498	I	|GIxKU~b1|	archsigns/|GIxKU~b1|.jpg
EASL0499	I	|GIxLAGAB~a|	archsigns/|GIxLAGAB~a|.jpg
EASL0500	I	|GIxNAM2|	archsigns/|GIxNAM2|.jpg
EASL0501	I	|GIxSIG2~d1|	archsigns/|GIxSIG2~d1|.jpg
EASL0502	I	|GIxSZE3|	archsigns/|GIxSZE3|.jpg
EASL0503	I	|GIxX|	archsigns/|GIxX|.jpg
EASL0504	I	GIZZAL~x	archsigns/GIZZAL~x.jpg
EASL0505	I	GU	archsigns/GU.jpg
EASL0506	I	GU2	archsigns/GU2.jpg
EASL0507	I	GU4	archsigns/GU4.jpg
EASL0508	I	|GU4.ZATU755~a|	archsigns/|GU4.ZATU755~a|.jpg
EASL0509	I	GU4@g	archsigns/GU4@g.jpg
EASL0510	I	GU7	archsigns/GU7.jpg
EASL0511	I	GUB3~a	archsigns/GUB3~a.jpg
EASL0512	I	GUB3~b	archsigns/GUB3~b.jpg
EASL0513	I	GUB3~c	archsigns/GUB3~c.jpg
EASL0514	I	GUB3~d	archsigns/GUB3~d.jpg
EASL0515	I	GUG2	archsigns/GUG2.jpg
EASL0516	I	GUG2@t	archsigns/GUG2@t.jpg
EASL0517	I	|GUG2xSILA3~a|	archsigns/|GUG2xSILA3~a|.jpg
EASL0518	I	|GUG2xSZITA~a1|	archsigns/|GUG2xSZITA~a1|.jpg
EASL0519	I	|GUG2xTUR|	archsigns/|GUG2xTUR|.jpg
EASL0520	I	|GUKKAL~a.HI@g~a|	archsigns/|GUKKAL~a.HI@g~a|.jpg
EASL0521	I	GUKKAL~a	archsigns/GUKKAL~a.jpg
EASL0522	I	GUKKAL~b	archsigns/GUKKAL~b.jpg
EASL0523	I	GUKKAL~c	archsigns/GUKKAL~c.jpg
EASL0524	I	GUKKAL~d	archsigns/GUKKAL~d.jpg
EASL0525	I	GUL	archsigns/GUL.jpg
EASL0526	I	GUM~a	archsigns/GUM~a.jpg
EASL0527	I	GUM~b	archsigns/GUM~b.jpg
EASL0528	I	GUM~b@n	archsigns/GUM~b@n.jpg
EASL0529	I	GUN3~a	archsigns/GUN3~a.jpg
EASL0530	I	GUN3~b	archsigns/GUN3~b.jpg
EASL0531	I	GUR	archsigns/GUR.jpg
EASL0532	I	GURUSZ~a	archsigns/GURUSZ~a.jpg
EASL0533	I	|GURUSZ~ax2(N14)|	archsigns/|GURUSZ~ax2(N14)|.jpg
EASL0534	I	GURUSZ~b	archsigns/GURUSZ~b.jpg
EASL0535	I	|GURUSZ~bx2(N14)|	archsigns/|GURUSZ~bx2(N14)|.jpg
EASL0536	I	|GURUSZ~cx2(N14)|	archsigns/|GURUSZ~cx2(N14)|.jpg
EASL0537	I	GURUSZDA	archsigns/GURUSZDA.jpg
EASL0538	I	HAL	archsigns/HAL.jpg
EASL0539	I	HALUB	archsigns/HALUB.jpg
EASL0540	I	HASZHUR	archsigns/HASZHUR.jpg
EASL0541	I	|HASZHURxMA|	archsigns/|HASZHURxMA|.jpg
EASL0542	I	HI	archsigns/HI.jpg
EASL0543	I	|HI.SUHUR|	archsigns/|HI.SUHUR|.jpg
EASL0544	I	HI@g~a	archsigns/HI@g~a.jpg
EASL0545	I	HI@g~b	archsigns/HI@g~b.jpg
EASL0546	I	HI@g~c	archsigns/HI@g~c.jpg
EASL0547	I	|HIx1(N01)F|	archsigns/|HIx1(N01)F|.jpg
EASL0548	I	|HIx1(N57)|	archsigns/|HIx1(N57)|.jpg
EASL0549	I	|HIx1(N57)@t|	archsigns/|HIx1(N57)@t|.jpg
EASL0550	I	|(HIx1(N57))&(HI+1(N57))|	archsigns/|(HIx1(N57))&(HI+1(N57))|.jpg
EASL0551	I	|HIx1(N58)|	archsigns/|HIx1(N58)|.jpg
EASL0552	I	|HIxLAGAB~a|	archsigns/|HIxLAGAB~a|.jpg
EASL0553	I	|HIxSZE3@t|	archsigns/|HIxSZE3@t|.jpg
EASL0554	I	|HIxZATU707~a|	archsigns/|HIxZATU707~a|.jpg
EASL0555	I	HUB2	archsigns/HUB2.jpg
EASL0556	I	I	archsigns/I.jpg
EASL0557	I	IB~a	archsigns/IB~a.jpg
EASL0558	I	|IB~a@n|	archsigns/|IB~a@n|.jpg
EASL0559	I	IB~b	archsigns/IB~b.jpg
EASL0560	I	IDIGNA	archsigns/IDIGNA.jpg
EASL0561	I	IG~a	archsigns/IG~a.jpg
EASL0562	I	IG~b	archsigns/IG~b.jpg
EASL0563	I	IGI	archsigns/IGI.jpg
EASL0564	I	IL	archsigns/IL.jpg
EASL0565	I	ILDUM~a	archsigns/ILDUM~a.jpg
EASL0566	I	ILDUM~b	archsigns/ILDUM~b.jpg
EASL0567	I	IM~a	archsigns/IM~a.jpg
EASL0568	I	IM~a@g	archsigns/IM~a@g.jpg
EASL0569	I	IM~b	archsigns/IM~b.jpg
EASL0570	I	IN~b	archsigns/IN~b.jpg
EASL0571	I	IN~d	archsigns/IN~d.jpg
EASL0572	I	|IR~a.GA2~a1|	archsigns/|IR~a.GA2~a1|.jpg
EASL0573	I	IR~a	archsigns/IR~a.jpg
EASL0574	I	IR~b	archsigns/IR~b.jpg
EASL0575	I	IR~c	archsigns/IR~c.jpg
EASL0576	I	IR~d	archsigns/IR~d.jpg
EASL0577	I	IR11	archsigns/IR11.jpg
EASL0578	I	IRHAN	archsigns/IRHAN.jpg
EASL0579	I	ISZ~a	archsigns/ISZ~a.jpg
EASL0580	I	ISZ~b	archsigns/ISZ~b.jpg
EASL0581	I	ISZ~c	archsigns/ISZ~c.jpg
EASL0582	I	KA~a	archsigns/KA~a.jpg
EASL0583	I	|KA~a.SZE~a|	archsigns/|KA~a.SZE~a|.jpg
EASL0584	I	|KA~axSAR~a|	archsigns/|KA~axSAR~a|.jpg
EASL0585	I	KA2~a	archsigns/KA2~a.jpg
EASL0586	I	KA2~b	archsigns/KA2~b.jpg
EASL0587	I	KA2~c	archsigns/KA2~c.jpg
EASL0588	I	KA2~d	archsigns/KA2~d.jpg
EASL0589	I	|KA2xLAM|	archsigns/|KA2xLAM|.jpg
EASL0590	I	KAB	archsigns/KAB.jpg
EASL0591	I	|KABx1(N58)|	archsigns/|KABx1(N58)|.jpg
EASL0592	I	KAD4~a	archsigns/KAD4~a.jpg
EASL0593	I	KAD4~b	archsigns/KAD4~b.jpg
EASL0594	I	KAD4~c1	archsigns/KAD4~c1.jpg
EASL0595	I	KAD4~c2	archsigns/KAD4~c2.jpg
EASL0596	I	|KAK~a.GA2~a1|	archsigns/|KAK~a.GA2~a1|.jpg
EASL0597	I	KAK~a	archsigns/KAK~a.jpg
EASL0598	I	KAK~b	archsigns/KAK~b.jpg
EASL0599	I	KAL~a	archsigns/KAL~a.jpg
EASL0600	I	KAL~b1	archsigns/KAL~b1.jpg
EASL0601	I	KAL~b2	archsigns/KAL~b2.jpg
EASL0602	I	KALAM~a	archsigns/KALAM~a.jpg
EASL0603	I	KALAM~b	archsigns/KALAM~b.jpg
EASL0604	I	KALAM~c	archsigns/KALAM~c.jpg
EASL0605	I	KALAM~d	archsigns/KALAM~d.jpg
EASL0606	I	KALAM~e	archsigns/KALAM~e.jpg
EASL0607	I	KALAM~f	archsigns/KALAM~f.jpg
EASL0608	I	KAR	archsigns/KAR.jpg
EASL0609	I	KAR2~a	archsigns/KAR2~a.jpg
EASL0610	I	KAR2~b	archsigns/KAR2~b.jpg
EASL0611	I	KASKAL	archsigns/KASKAL.jpg
EASL0612	I	|KASKAL@g|	archsigns/|KASKAL@g|.jpg
EASL0613	I	KASZ~a	archsigns/KASZ~a.jpg
EASL0614	I	KASZ~b	archsigns/KASZ~b.jpg
EASL0615	I	|KASZ~b@t|	archsigns/|KASZ~b@t|.jpg
EASL0616	I	|KASZ~bxSZE~a|	archsigns/|KASZ~bxSZE~a|.jpg
EASL0617	I	KASZ~c	archsigns/KASZ~c.jpg
EASL0618	I	KASZ~d	archsigns/KASZ~d.jpg
EASL0619	I	KESZ2	archsigns/KESZ2.jpg
EASL0620	I	KI	archsigns/KI.jpg
EASL0621	I	KI@n	archsigns/KI@n.jpg
EASL0622	I	|KI@nxDUB~a|	archsigns/|KI@nxDUB~a|.jpg
EASL0623	I	KIB	archsigns/KIB.jpg
EASL0624	I	KIB@g	archsigns/KIB@g.jpg
EASL0625	I	KID~a	archsigns/KID~a.jpg
EASL0626	I	KID~b	archsigns/KID~b.jpg
EASL0627	I	KID~c	archsigns/KID~c.jpg
EASL0628	I	KID~d	archsigns/KID~d.jpg
EASL0629	I	KID~e	archsigns/KID~e.jpg
EASL0630	I	KIN	archsigns/KIN.jpg
EASL0631	I	KIN2~a	archsigns/KIN2~a.jpg
EASL0632	I	KIN2~c	archsigns/KIN2~c.jpg
EASL0633	I	KIN2~d	archsigns/KIN2~d.jpg
EASL0634	I	KIN2~e	archsigns/KIN2~e.jpg
EASL0635	I	KINGAL	archsigns/KINGAL.jpg
EASL0636	I	KIR11	archsigns/KIR11.jpg
EASL0637	I	KISAL~a1	archsigns/KISAL~a1.jpg
EASL0638	I	KISAL~a2	archsigns/KISAL~a2.jpg
EASL0639	I	KISAL~b1	archsigns/KISAL~b1.jpg
EASL0640	I	KISAL~b2	archsigns/KISAL~b2.jpg
EASL0641	I	|KISAL~b2@t|	archsigns/|KISAL~b2@t|.jpg
EASL0642	I	KISAL~b3	archsigns/KISAL~b3.jpg
EASL0643	I	KISIM~a	archsigns/KISIM~a.jpg
EASL0644	I	KISIM~b	archsigns/KISIM~b.jpg
EASL0645	I	KISIM~c	archsigns/KISIM~c.jpg
EASL0646	I	KISZ	archsigns/KISZ.jpg
EASL0647	I	KISZIK~a	archsigns/KISZIK~a.jpg
EASL0648	I	KISZIK~b	archsigns/KISZIK~b.jpg
EASL0649	I	KITI	archsigns/KITI.jpg
EASL0650	I	KU~a	archsigns/KU~a.jpg
EASL0651	I	KU~a@t	archsigns/KU~a@t.jpg
EASL0652	I	KU~b1	archsigns/KU~b1.jpg
EASL0653	I	KU~b2	archsigns/KU~b2.jpg
EASL0654	I	KU3~a	archsigns/KU3~a.jpg
EASL0655	I	KU3~c	archsigns/KU3~c.jpg
EASL0656	I	|KU6~a.1(N02)|	archsigns/|KU6~a.1(N02)|.jpg
EASL0657	I	KU6~a	archsigns/KU6~a.jpg
EASL0658	I	KU6~a@s	archsigns/KU6~a@s.jpg
EASL0659	I	|KU6~a+GISZ|	archsigns/|KU6~a+GISZ|.jpg
EASL0660	I	|KU6~a+KU6~a|	archsigns/|KU6~a+KU6~a|.jpg
EASL0661	I	KU6~c	archsigns/KU6~c.jpg
EASL0662	I	KU6~d	archsigns/KU6~d.jpg
EASL0663	I	KUN	archsigns/KUN.jpg
EASL0664	I	|KUR@g~a|	archsigns/|KUR@g~a|.jpg
EASL0665	I	|KUR@g~b|	archsigns/|KUR@g~b|.jpg
EASL0666	I	|KUR~a.E2~a|	archsigns/|KUR~a.E2~a|.jpg
EASL0667	I	KUR~a	archsigns/KUR~a.jpg
EASL0668	I	|KUR~a.NUNUZ~a1|	archsigns/|KUR~a.NUNUZ~a1|.jpg
EASL0669	I	|KUR~b.E2~a|	archsigns/|KUR~b.E2~a|.jpg
EASL0670	I	KUR~b	archsigns/KUR~b.jpg
EASL0671	I	KUR~c	archsigns/KUR~c.jpg
EASL0672	I	KUR~d	archsigns/KUR~d.jpg
EASL0673	I	KUSZU2~a	archsigns/KUSZU2~a.jpg
EASL0674	I	KUSZU2~b	archsigns/KUSZU2~b.jpg
EASL0675	I	KUSZU2~c	archsigns/KUSZU2~c.jpg
EASL0676	I	KUSZU2~d	archsigns/KUSZU2~d.jpg
EASL0677	I	KUSZU2~e	archsigns/KUSZU2~e.jpg
EASL0678	I	KUSZU2~f	archsigns/KUSZU2~f.jpg
EASL0679	I	LA~b	archsigns/LA~b.jpg
EASL0680	I	LA~c	archsigns/LA~c.jpg
EASL0681	I	LA~d	archsigns/LA~d.jpg
EASL0682	I	LA~e	archsigns/LA~e.jpg
EASL0683	I	LA2	archsigns/LA2.jpg
EASL0684	I	LAGAB~a	archsigns/LAGAB~a.jpg
EASL0685	I	|LAGAB~ax2(N14)|	archsigns/|LAGAB~ax2(N14)|.jpg
EASL0686	I	|LAGAB~axBA|	archsigns/|LAGAB~axBA|.jpg
EASL0687	I	|LAGAB~axBIR3~b|	archsigns/|LAGAB~axBIR3~b|.jpg
EASL0688	I	|LAGAB~axDU6~b|	archsigns/|LAGAB~axDU6~b|.jpg
EASL0689	I	|LAGAB~axKAK~a|	archsigns/|LAGAB~axKAK~a|.jpg
EASL0690	I	|LAGAB~axKU6~a|	archsigns/|LAGAB~axKU6~a|.jpg
EASL0691	I	|LAGAB~ax(KU6~a+KU6~a)|	archsigns/|LAGAB~ax(KU6~a+KU6~a)|.jpg
EASL0692	I	|LAGAB~axKUSZU2~b|	archsigns/|LAGAB~axKUSZU2~b|.jpg
EASL0693	I	|LAGAB~axLAGAB~a|	archsigns/|LAGAB~axLAGAB~a|.jpg
EASL0694	I	|LAGAB~axME~a|	archsigns/|LAGAB~axME~a|.jpg
EASL0695	I	|LAGAB~axNUN~b|	archsigns/|LAGAB~axNUN~b|.jpg
EASL0696	I	|LAGAB~axPA~a|	archsigns/|LAGAB~axPA~a|.jpg
EASL0697	I	|LAGAB~axSI|	archsigns/|LAGAB~axSI|.jpg
EASL0698	I	|LAGAB~axSIG7|	archsigns/|LAGAB~axSIG7|.jpg
EASL0699	I	|LAGAB~axSU~a|	archsigns/|LAGAB~axSU~a|.jpg
EASL0700	I	|LAGAB~axSZA|	archsigns/|LAGAB~axSZA|.jpg
EASL0701	I	|LAGAB~axSZITA~a1|	archsigns/|LAGAB~axSZITA~a1|.jpg
EASL0702	I	|LAGAB~axTI|	archsigns/|LAGAB~axTI|.jpg
EASL0703	I	|LAGAB~axU4|	archsigns/|LAGAB~axU4|.jpg
EASL0704	I	|LAGAB~axUB|	archsigns/|LAGAB~axUB|.jpg
EASL0705	I	|LAGAB~axX|	archsigns/|LAGAB~axX|.jpg
EASL0706	I	|LAGAB~axZATU753|	archsigns/|LAGAB~axZATU753|.jpg
EASL0707	I	LAGAB~b	archsigns/LAGAB~b.jpg
EASL0708	I	|LAGAB~bx1(N01)|	archsigns/|LAGAB~bx1(N01)|.jpg
EASL0709	I	|LAGAB~bxBANSZUR~a|	archsigns/|LAGAB~bxBANSZUR~a|.jpg
EASL0710	I	|LAGAB~bxGA'AR~a1|	archsigns/|LAGAB~bxGA'AR~a1|.jpg
EASL0711	I	|LAGAB~bxHI|	archsigns/|LAGAB~bxHI|.jpg
EASL0712	I	|LAGAB~bxKUR~e|	archsigns/|LAGAB~bxKUR~e|.jpg
EASL0713	I	|LAGAB~bxLAGAB~b|	archsigns/|LAGAB~bxLAGAB~b|.jpg
EASL0714	I	|LAGAB~bxPA~a|	archsigns/|LAGAB~bxPA~a|.jpg
EASL0715	I	|LAGAB~bxSI|	archsigns/|LAGAB~bxSI|.jpg
EASL0716	I	|LAGAB~bxSUH|3	archsigns/|LAGAB~bxSUH|3.jpg
EASL0717	I	|LAGAB~bxSZITA~c|	archsigns/|LAGAB~bxSZITA~c|.jpg
EASL0718	I	|LAGAB~bxU4|	archsigns/|LAGAB~bxU4|.jpg
EASL0719	I	|LAGAB~bxX|	archsigns/|LAGAB~bxX|.jpg
EASL0720	I	LAGAR~a	archsigns/LAGAR~a.jpg
EASL0721	I	LAGAR~a@r	archsigns/LAGAR~a@r.jpg
EASL0722	I	LAGAR~b1	archsigns/LAGAR~b1.jpg
EASL0723	I	LAGAR~b2	archsigns/LAGAR~b2.jpg
EASL0724	I	LAGAR~c	archsigns/LAGAR~c.jpg
EASL0725	I	LAHTAN2	archsigns/LAHTAN2.jpg
EASL0726	I	LAK025	archsigns/LAK025.jpg
EASL0727	I	LAK050	archsigns/LAK050.jpg
EASL0728	I	LAK172	archsigns/LAK172.jpg
EASL0729	I	LAK251	archsigns/LAK251.jpg
EASL0730	I	LAK350	archsigns/LAK350.jpg
EASL0731	I	LAK777	archsigns/LAK777.jpg
EASL0732	I	LAL2~a	archsigns/LAL2~a.jpg
EASL0733	I	|LAL2~axEZEN~a|	archsigns/|LAL2~axEZEN~a|.jpg
EASL0734	I	|LAL2~axNIM~b2|	archsigns/|LAL2~axNIM~b2|.jpg
EASL0735	I	LAL2~b	archsigns/LAL2~b.jpg
EASL0736	I	LAL3~a	archsigns/LAL3~a.jpg
EASL0737	I	LAL3~b	archsigns/LAL3~b.jpg
EASL0738	I	LAL3~c	archsigns/LAL3~c.jpg
EASL0739	I	LAM~a	archsigns/LAM~a.jpg
EASL0740	I	LAM~b	archsigns/LAM~b.jpg
EASL0741	I	LAM~b@r	archsigns/LAM~b@r.jpg
EASL0742	I	LAM~b@s	archsigns/LAM~b@s.jpg
EASL0743	I	|LAM~b@t|	archsigns/|LAM~b@t|.jpg
EASL0744	I	LAM~c	archsigns/LAM~c.jpg
EASL0745	I	LI	archsigns/LI.jpg
EASL0746	I	LISZ	archsigns/LISZ.jpg
EASL0747	I	LU2	archsigns/LU2.jpg
EASL0748	I	LU2@t	archsigns/LU2@t.jpg
EASL0749	I	|LU2xGESZTU~c3|	archsigns/|LU2xGESZTU~c3|.jpg
EASL0750	I	LUGAL	archsigns/LUGAL.jpg
EASL0751	I	LUM	archsigns/LUM.jpg
EASL0752	I	MA	archsigns/MA.jpg
EASL0753	I	MA2	archsigns/MA2.jpg
EASL0754	I	MAGUR~a	archsigns/MAGUR~a.jpg
EASL0755	I	MAGUR~b	archsigns/MAGUR~b.jpg
EASL0756	I	MAH~a	archsigns/MAH~a.jpg
EASL0757	I	|MAH~axAB2|	archsigns/|MAH~axAB2|.jpg
EASL0758	I	|MAH~axGUKKAL~a|	archsigns/|MAH~axGUKKAL~a|.jpg
EASL0759	I	|MAH~axKU6~a|	archsigns/|MAH~axKU6~a|.jpg
EASL0760	I	|MAH~axMASZ|	archsigns/|MAH~axMASZ|.jpg
EASL0761	I	|MAH~axNA~a|	archsigns/|MAH~axNA~a|.jpg
EASL0762	I	|MAH~ax(SILA3~axUMBIN~a)|	archsigns/|MAH~ax(SILA3~axUMBIN~a)|.jpg
EASL0763	I	|MAH~axTUG2~a|	archsigns/|MAH~axTUG2~a|.jpg
EASL0764	I	|MAH~axUD5~a|	archsigns/|MAH~axUD5~a|.jpg
EASL0765	I	|MAH~axUDU~a|	archsigns/|MAH~axUDU~a|.jpg
EASL0766	I	|MAH~axUR~a|	archsigns/|MAH~axUR~a|.jpg
EASL0767	I	|MAH~axUTUA~a|	archsigns/|MAH~axUTUA~a|.jpg
EASL0768	I	|MAH~axX|	archsigns/|MAH~axX|.jpg
EASL0769	I	|MAH~axZATU659|	archsigns/|MAH~axZATU659|.jpg
EASL0770	I	MAH~b	archsigns/MAH~b.jpg
EASL0771	I	|MAH~bxKU6~a|	archsigns/|MAH~bxKU6~a|.jpg
EASL0772	I	|MAH~bxMASZ|	archsigns/|MAH~bxMASZ|.jpg
EASL0773	I	|MAH~bxNA~a|	archsigns/|MAH~bxNA~a|.jpg
EASL0774	I	|MAH~bxSAL|	archsigns/|MAH~bxSAL|.jpg
EASL0775	I	MAR~a	archsigns/MAR~a.jpg
EASL0776	I	MAR~a@t	archsigns/MAR~a@t.jpg
EASL0777	I	MAR~b	archsigns/MAR~b.jpg
EASL0778	I	|MAR~bx(LAGAB~b.SZE3)|	archsigns/|MAR~bx(LAGAB~b.SZE3)|.jpg
EASL0779	I	|MAR~bxSZE~a|	archsigns/|MAR~bxSZE~a|.jpg
EASL0780	I	|MAR~bxX|	archsigns/|MAR~bxX|.jpg
EASL0781	I	MASZ	archsigns/MASZ.jpg
EASL0782	I	MASZ2	archsigns/MASZ2.jpg
EASL0783	I	MASZ2@g	archsigns/MASZ2@g.jpg
EASL0784	I	|MAx1(N58)|	archsigns/|MAx1(N58)|.jpg
EASL0785	I	|MAx2(N57)|	archsigns/|MAx2(N57)|.jpg
EASL0786	I	|MAxA|	archsigns/|MAxA|.jpg
EASL0787	I	|MAxMA|	archsigns/|MAxMA|.jpg
EASL0788	I	|MAxX|	archsigns/|MAxX|.jpg
EASL0789	I	ME~a	archsigns/ME~a.jpg
EASL0790	I	ME~b	archsigns/ME~b.jpg
EASL0791	I	ME3	archsigns/ME3.jpg
EASL0792	I	MEN~a	archsigns/MEN~a.jpg
EASL0793	I	MEN~b	archsigns/MEN~b.jpg
EASL0794	I	MES	archsigns/MES.jpg
EASL0795	I	MIR~a	archsigns/MIR~a.jpg
EASL0796	I	MIR~b	archsigns/MIR~b.jpg
EASL0797	I	MU	archsigns/MU.jpg
EASL0798	I	MUD	archsigns/MUD.jpg
EASL0799	I	MUD3~a	archsigns/MUD3~a.jpg
EASL0800	I	MUD3~a@g	archsigns/MUD3~a@g.jpg
EASL0801	I	|MUD3~a@gxGU|	archsigns/|MUD3~a@gxGU|.jpg
EASL0802	I	MUD3~b	archsigns/MUD3~b.jpg
EASL0803	I	MUD3~c	archsigns/MUD3~c.jpg
EASL0804	I	MUD3~d	archsigns/MUD3~d.jpg
EASL0805	I	MUL	archsigns/MUL.jpg
EASL0806	I	MUN~a1	archsigns/MUN~a1.jpg
EASL0807	I	MUN~a2	archsigns/MUN~a2.jpg
EASL0808	I	MUN~a3	archsigns/MUN~a3.jpg
EASL0809	I	MUN~a4	archsigns/MUN~a4.jpg
EASL0810	I	MUN~b	archsigns/MUN~b.jpg
EASL0811	I	MUNSZUB~a	archsigns/MUNSZUB~a.jpg
EASL0812	I	MUNSZUB~b	archsigns/MUNSZUB~b.jpg
EASL0813	I	MUNU3	archsigns/MUNU3.jpg
EASL0814	I	MURUB2	archsigns/MURUB2.jpg
EASL0815	I	MUSZ	archsigns/MUSZ.jpg
EASL0816	I	MUSZ3~a	archsigns/MUSZ3~a.jpg
EASL0817	I	MUSZ3~a@g	archsigns/MUSZ3~a@g.jpg
EASL0818	I	MUSZ3~b	archsigns/MUSZ3~b.jpg
EASL0819	I	MUSZEN	archsigns/MUSZEN.jpg
EASL0820	I	|MUSZEN.UR3~b2|	archsigns/|MUSZEN.UR3~b2|.jpg
EASL0821	I	|MUSZENx1(N57)|	archsigns/|MUSZENx1(N57)|.jpg
EASL0822	I	|MUSZENx2(N57)|	archsigns/|MUSZENx2(N57)|.jpg
EASL0823	I	|MUSZENx3(N57)|	archsigns/|MUSZENx3(N57)|.jpg
EASL0824	I	|MUSZENxPAP~a|	archsigns/|MUSZENxPAP~a|.jpg
EASL0825	I	|MUSZENxX|	archsigns/|MUSZENxX|.jpg
EASL0826	I	NA~a	archsigns/NA~a.jpg
EASL0827	I	NA~b	archsigns/NA~b.jpg
EASL0828	I	NA~c	archsigns/NA~c.jpg
EASL0829	I	NA~d	archsigns/NA~d.jpg
EASL0830	I	NA2~a	archsigns/NA2~a.jpg
EASL0831	I	NA2~b1	archsigns/NA2~b1.jpg
EASL0832	I	NA2~b2	archsigns/NA2~b2.jpg
EASL0833	I	NAB	archsigns/NAB.jpg
EASL0834	I	NAGA~a	archsigns/NAGA~a.jpg
EASL0835	I	|NAGA~axTAK4~a|	archsigns/|NAGA~axTAK4~a|.jpg
EASL0836	I	NAGA~b	archsigns/NAGA~b.jpg
EASL0837	I	NAGAR~a	archsigns/NAGAR~a.jpg
EASL0838	I	NAGAR~b	archsigns/NAGAR~b.jpg
EASL0839	I	NAM~a	archsigns/NAM~a.jpg
EASL0840	I	NAM~b	archsigns/NAM~b.jpg
EASL0841	I	NAM~c	archsigns/NAM~c.jpg
EASL0842	I	NAM~d	archsigns/NAM~d.jpg
EASL0843	I	NAM2	archsigns/NAM2.jpg
EASL0844	I	NAM2@g	archsigns/NAM2@g.jpg
EASL0845	I	NAM2@t	archsigns/NAM2@t.jpg
EASL0846	I	|NAM2x1(N01)|	archsigns/|NAM2x1(N01)|.jpg
EASL0847	I	NAMESZDA	archsigns/NAMESZDA.jpg
EASL0848	I	NANNA~a	archsigns/NANNA~a.jpg
EASL0849	I	NANNA~b	archsigns/NANNA~b.jpg
EASL0850	I	NANSZE~a	archsigns/NANSZE~a.jpg
EASL0851	I	NANSZE~b	archsigns/NANSZE~b.jpg
EASL0852	I	NAR	archsigns/NAR.jpg
EASL0853	I	NE~a	archsigns/NE~a.jpg
EASL0854	I	NE~b	archsigns/NE~b.jpg
EASL0855	I	NE~c	archsigns/NE~c.jpg
EASL0856	I	NE~d	archsigns/NE~d.jpg
EASL0857	I	NERGAL~x	archsigns/NERGAL~x.jpg
EASL0858	I	NESAG2~a	archsigns/NESAG2~a.jpg
EASL0859	I	NESAG2~b	archsigns/NESAG2~b.jpg
EASL0860	I	NESAG2~b@t	archsigns/NESAG2~b@t.jpg
EASL0861	I	NI~a	archsigns/NI~a.jpg
EASL0862	I	|NI~a.RU|	archsigns/|NI~a.RU|.jpg
EASL0863	I	NI~a@g	archsigns/NI~a@g.jpg
EASL0864	I	|NI~ax1(N57)|	archsigns/|NI~ax1(N57)|.jpg
EASL0865	I	NI~b	archsigns/NI~b.jpg
EASL0866	I	|NI~bx4(N57)|	archsigns/|NI~bx4(N57)|.jpg
EASL0867	I	|NI~bxX|	archsigns/|NI~bxX|.jpg
EASL0868	I	NI2	archsigns/NI2.jpg
EASL0869	I	NIGIN	archsigns/NIGIN.jpg
EASL0870	I	NIM~a	archsigns/NIM~a.jpg
EASL0871	I	NIM~b1	archsigns/NIM~b1.jpg
EASL0872	I	NIM~b2	archsigns/NIM~b2.jpg
EASL0873	I	NIM~b3	archsigns/NIM~b3.jpg
EASL0874	I	NIMGIR	archsigns/NIMGIR.jpg
EASL0875	I	NIN	archsigns/NIN.jpg
EASL0876	I	NINDA2	archsigns/NINDA2.jpg
EASL0877	I	|NINDA2x1(N01)|	archsigns/|NINDA2x1(N01)|.jpg
EASL0878	I	|NINDA2x1(N06)|	archsigns/|NINDA2x1(N06)|.jpg
EASL0879	I	|NINDA2x1(N08)|	archsigns/|NINDA2x1(N08)|.jpg
EASL0880	I	|NINDA2x2(N01)|	archsigns/|NINDA2x2(N01)|.jpg
EASL0881	I	|NINDA2x(AN.HI)|	archsigns/|NINDA2x(AN.HI)|.jpg
EASL0882	I	|NINDA2xAN|	archsigns/|NINDA2xAN|.jpg
EASL0883	I	|NINDA2x(AN.ME~a)|	archsigns/|NINDA2x(AN.ME~a)|.jpg
EASL0884	I	|NINDA2x(AN.X)|	archsigns/|NINDA2x(AN.X)|.jpg
EASL0885	I	|NINDA2xBA|	archsigns/|NINDA2xBA|.jpg
EASL0886	I	|NINDA2xEZEN~b|	archsigns/|NINDA2xEZEN~b|.jpg
EASL0887	I	|NINDA2xGA'AR~a1|	archsigns/|NINDA2xGA'AR~a1|.jpg
EASL0888	I	|NINDA2xGAR|	archsigns/|NINDA2xGAR|.jpg
EASL0889	I	|NINDA2x(GISZ.DAR~a)|	archsigns/|NINDA2x(GISZ.DAR~a)|.jpg
EASL0890	I	|NINDA2xGISZ|	archsigns/|NINDA2xGISZ|.jpg
EASL0891	I	|NINDA2xGU4|	archsigns/|NINDA2xGU4|.jpg
EASL0892	I	|NINDA2xGUDU4|	archsigns/|NINDA2xGUDU4|.jpg
EASL0893	I	|NINDA2x(HI.AN.ME~a)|	archsigns/|NINDA2x(HI.AN.ME~a)|.jpg
EASL0894	I	|NINDA2xHI|	archsigns/|NINDA2xHI|.jpg
EASL0895	I	|NINDA2x(HI.ME~a)|	archsigns/|NINDA2x(HI.ME~a)|.jpg
EASL0896	I	|NINDA2x(HI.X)|	archsigns/|NINDA2x(HI.X)|.jpg
EASL0897	I	|NINDA2x(HI@g~a.1(N06))|	archsigns/|NINDA2x(HI@g~a.1(N06))|.jpg
EASL0898	I	|NINDA2xKASZ~b|	archsigns/|NINDA2xKASZ~b|.jpg
EASL0899	I	|NINDA2xMAR~b|	archsigns/|NINDA2xMAR~b|.jpg
EASL0900	I	|NINDA2xNE~a|	archsigns/|NINDA2xNE~a|.jpg
EASL0901	I	|NINDA2xSZIM~a|	archsigns/|NINDA2xSZIM~a|.jpg
EASL0902	I	|NINDA2xU4|	archsigns/|NINDA2xU4|.jpg
EASL0903	I	|NINDA2x(U4.X)|	archsigns/|NINDA2x(U4.X)|.jpg
EASL0904	I	|NINDA2x((UDU~axTAR)~a)|	archsigns/|NINDA2x((UDU~axTAR)~a)|.jpg
EASL0905	I	|NINDA2xX|	archsigns/|NINDA2xX|.jpg
EASL0906	I	|NINDA2x(X.MASZ)|	archsigns/|NINDA2x(X.MASZ)|.jpg
EASL0907	I	|NINDA2x(ZATU659x1(N01))|	archsigns/|NINDA2x(ZATU659x1(N01))|.jpg
EASL0908	I	NINKUM	archsigns/NINKUM.jpg
EASL0909	I	NINLIL	archsigns/NINLIL.jpg
EASL0910	I	NIR~a	archsigns/NIR~a.jpg
EASL0911	I	|NIR~axAN|	archsigns/|NIR~axAN|.jpg
EASL0912	I	NIR~b	archsigns/NIR~b.jpg
EASL0913	I	NU	archsigns/NU.jpg
EASL0914	I	NU@g	archsigns/NU@g.jpg
EASL0915	I	NU11	archsigns/NU11.jpg
EASL0916	I	|NU11@t|	archsigns/|NU11@t|.jpg
EASL0917	I	|NU11&NU11|	archsigns/|NU11&NU11|.jpg
EASL0918	I	NUMUN	archsigns/NUMUN.jpg
EASL0919	I	NUMUN2	archsigns/NUMUN2.jpg
EASL0920	I	NUN~a	archsigns/NUN~a.jpg
EASL0921	I	|NUN~a+A|	archsigns/|NUN~a+A|.jpg
EASL0922	I	|NUN~a+EN~a|	archsigns/|NUN~a+EN~a|.jpg
EASL0923	I	|NUN~a+EN~b|	archsigns/|NUN~a+EN~b|.jpg
EASL0924	I	|NUN~a+EN~d|	archsigns/|NUN~a+EN~d|.jpg
EASL0925	I	|NUN~a+NAM2|	archsigns/|NUN~a+NAM2|.jpg
EASL0926	I	NUN~b	archsigns/NUN~b.jpg
EASL0927	I	|NUN~b+EN~a|	archsigns/|NUN~b+EN~a|.jpg
EASL0928	I	NUN~c	archsigns/NUN~c.jpg
EASL0929	I	NUN~d	archsigns/NUN~d.jpg
EASL0930	I	NUNUZ~a0	archsigns/NUNUZ~a0.jpg
EASL0931	I	NUNUZ~a1	archsigns/NUNUZ~a1.jpg
EASL0932	I	|NUNUZ~a1@t|	archsigns/|NUNUZ~a1@t|.jpg
EASL0933	I	NUNUZ~a2	archsigns/NUNUZ~a2.jpg
EASL0934	I	NUNUZ~b1	archsigns/NUNUZ~b1.jpg
EASL0935	I	NUNUZ~b2	archsigns/NUNUZ~b2.jpg
EASL0936	I	NUNUZ~c	archsigns/NUNUZ~c.jpg
EASL0937	I	PA~a	archsigns/PA~a.jpg
EASL0938	I	PA~b	archsigns/PA~b.jpg
EASL0939	I	PA3	archsigns/PA3.jpg
EASL0940	I	PAD~a	archsigns/PAD~a.jpg
EASL0941	I	PAD~b	archsigns/PAD~b.jpg
EASL0942	I	PAP~a	archsigns/PAP~a.jpg
EASL0943	I	PAP~a@t	archsigns/PAP~a@t.jpg
EASL0944	I	PAP~b	archsigns/PAP~b.jpg
EASL0945	I	PIRIG~a1	archsigns/PIRIG~a1.jpg
EASL0946	I	PIRIG~a2	archsigns/PIRIG~a2.jpg
EASL0947	I	PIRIG~a3	archsigns/PIRIG~a3.jpg
EASL0948	I	PIRIG~b1	archsigns/PIRIG~b1.jpg
EASL0949	I	|PIRIG~b1xUR2|	archsigns/|PIRIG~b1xUR2|.jpg
EASL0950	I	PIRIG~b2	archsigns/PIRIG~b2.jpg
EASL0951	I	PU2	archsigns/PU2.jpg
EASL0952	I	RA	archsigns/RA.jpg
EASL0953	I	RAD~a	archsigns/RAD~a.jpg
EASL0954	I	RAD~a@g	archsigns/RAD~a@g.jpg
EASL0955	I	|RAD~a@t|	archsigns/|RAD~a@t|.jpg
EASL0956	I	RAD~b	archsigns/RAD~b.jpg
EASL0957	I	RI	archsigns/RI.jpg
EASL0958	I	RI~x	archsigns/RI~x.jpg
EASL0959	I	RI8~a	archsigns/RI8~a.jpg
EASL0960	I	RI8~b	archsigns/RI8~b.jpg
EASL0961	I	RU	archsigns/RU.jpg
EASL0962	I	|RU@t|	archsigns/|RU@t|.jpg
EASL0963	I	SA~a	archsigns/SA~a.jpg
EASL0964	I	SA~c	archsigns/SA~c.jpg
EASL0965	I	SAG	archsigns/SAG.jpg
EASL0966	I	SAG@g	archsigns/SAG@g.jpg
EASL0967	I	SAG@n	archsigns/SAG@n.jpg
EASL0968	I	SAGSZU	archsigns/SAGSZU.jpg
EASL0969	I	|SAGx1(N14)|	archsigns/|SAGx1(N14)|.jpg
EASL0970	I	|SAGxGESZTU~a|	archsigns/|SAGxGESZTU~a|.jpg
EASL0971	I	|SAGxGESZTU~b|	archsigns/|SAGxGESZTU~b|.jpg
EASL0972	I	|SAGxGESZTU~c|	archsigns/|SAGxGESZTU~c|.jpg
EASL0973	I	|SAGxLAM~c|	archsigns/|SAGxLAM~c|.jpg
EASL0974	I	|SAGxMA|	archsigns/|SAGxMA|.jpg
EASL0975	I	|SAGxSAR~a|	archsigns/|SAGxSAR~a|.jpg
EASL0976	I	SAL	archsigns/SAL.jpg
EASL0977	I	|SAL.KUR~a|	archsigns/|SAL.KUR~a|.jpg
EASL0978	I	|SAL.LAM~b|	archsigns/|SAL.LAM~b|.jpg
EASL0979	I	|SAL.SZU2|	archsigns/|SAL.SZU2|.jpg
EASL0980	I	|SALx1(N58)|	archsigns/|SALx1(N58)|.jpg
EASL0981	I	SANGA~a	archsigns/SANGA~a.jpg
EASL0982	I	SANGA~b	archsigns/SANGA~b.jpg
EASL0983	I	SANGA~c	archsigns/SANGA~c.jpg
EASL0984	I	SAR~a	archsigns/SAR~a.jpg
EASL0985	I	|SAR~axSZE~a|	archsigns/|SAR~axSZE~a|.jpg
EASL0986	I	SAR~b	archsigns/SAR~b.jpg
EASL0987	I	SAR~c	archsigns/SAR~c.jpg
EASL0988	I	SI	archsigns/SI.jpg
EASL0989	I	SI4~a	archsigns/SI4~a.jpg
EASL0990	I	SI4~b	archsigns/SI4~b.jpg
EASL0991	I	SI4~c	archsigns/SI4~c.jpg
EASL0992	I	SI4~d	archsigns/SI4~d.jpg
EASL0993	I	SI4~f	archsigns/SI4~f.jpg
EASL0994	I	SIG	archsigns/SIG.jpg
EASL0995	I	SIG2~a1	archsigns/SIG2~a1.jpg
EASL0996	I	SIG2~a2	archsigns/SIG2~a2.jpg
EASL0997	I	SIG2~a3	archsigns/SIG2~a3.jpg
EASL0998	I	SIG2~a4	archsigns/SIG2~a4.jpg
EASL0999	I	SIG2~b	archsigns/SIG2~b.jpg
EASL1000	I	|SIG2~b.SIG2~b|	archsigns/|SIG2~b.SIG2~b|.jpg
EASL1001	I	|SIG2~bx1(N14)|	archsigns/|SIG2~bx1(N14)|.jpg
EASL1002	I	SIG2~c1	archsigns/SIG2~c1.jpg
EASL1003	I	SIG2~c2	archsigns/SIG2~c2.jpg
EASL1004	I	SIG2~d1	archsigns/SIG2~d1.jpg
EASL1005	I	SIG2~d2	archsigns/SIG2~d2.jpg
EASL1006	I	SIG2~d3	archsigns/SIG2~d3.jpg
EASL1007	I	SIG2~d4	archsigns/SIG2~d4.jpg
EASL1008	I	SIG2~e	archsigns/SIG2~e.jpg
EASL1009	I	SIG4	archsigns/SIG4.jpg
EASL1010	I	SIG7	archsigns/SIG7.jpg
EASL1011	I	|SIGx1(N57)|	archsigns/|SIGx1(N57)|.jpg
EASL1012	I	SIKIL	archsigns/SIKIL.jpg
EASL1013	I	SILA3~a	archsigns/SILA3~a.jpg
EASL1014	I	|SILA3~ax1(N57)|	archsigns/|SILA3~ax1(N57)|.jpg
EASL1015	I	|SILA3~ax1(N58)|	archsigns/|SILA3~ax1(N58)|.jpg
EASL1016	I	|SILA3~axA|	archsigns/|SILA3~axA|.jpg
EASL1017	I	|SILA3~axAMAR|	archsigns/|SILA3~axAMAR|.jpg
EASL1018	I	|SILA3~axDUG~a|	archsigns/|SILA3~axDUG~a|.jpg
EASL1019	I	|SILA3~axDUG~b|	archsigns/|SILA3~axDUG~b|.jpg
EASL1020	I	|SILA3~axGA~a|	archsigns/|SILA3~axGA~a|.jpg
EASL1021	I	|SILA3~axGARA2~a|	archsigns/|SILA3~axGARA2~a|.jpg
EASL1022	I	|SILA3~axGESZTU~a|	archsigns/|SILA3~axGESZTU~a|.jpg
EASL1023	I	|SILA3~axGESZTU~c3|	archsigns/|SILA3~axGESZTU~c3|.jpg
EASL1024	I	|SILA3~axGESZTU~c5|	archsigns/|SILA3~axGESZTU~c5|.jpg
EASL1025	I	|SILA3~axHASZHUR|	archsigns/|SILA3~axHASZHUR|.jpg
EASL1026	I	|SILA3~axHI|	archsigns/|SILA3~axHI|.jpg
EASL1027	I	|SILA3~axHI@g~a|	archsigns/|SILA3~axHI@g~a|.jpg
EASL1028	I	|SILA3~axIB~a|	archsigns/|SILA3~axIB~a|.jpg
EASL1029	I	|SILA3~axKASZ~a|	archsigns/|SILA3~axKASZ~a|.jpg
EASL1030	I	|SILA3~axKASZ~c|	archsigns/|SILA3~axKASZ~c|.jpg
EASL1031	I	|SILA3~axKASZ~d|	archsigns/|SILA3~axKASZ~d|.jpg
EASL1032	I	|SILA3~axKU6~a|	archsigns/|SILA3~axKU6~a|.jpg
EASL1033	I	|SILA3~axKUR~a|	archsigns/|SILA3~axKUR~a|.jpg
EASL1034	I	|SILA3~axMA|	archsigns/|SILA3~axMA|.jpg
EASL1035	I	|SILA3~axMASZ|	archsigns/|SILA3~axMASZ|.jpg
EASL1036	I	|SILA3~axNAGA~a|	archsigns/|SILA3~axNAGA~a|.jpg
EASL1037	I	|SILA3~axNI~a|	archsigns/|SILA3~axNI~a|.jpg
EASL1038	I	|SILA3~axNUN~b|	archsigns/|SILA3~axNUN~b|.jpg
EASL1039	I	|SILA3~axSUHUR|	archsigns/|SILA3~axSUHUR|.jpg
EASL1040	I	|SILA3~axSUM~a|	archsigns/|SILA3~axSUM~a|.jpg
EASL1041	I	|SILA3~axSUM~b|	archsigns/|SILA3~axSUM~b|.jpg
EASL1042	I	|SILA3~axSZE~a|	archsigns/|SILA3~axSZE~a|.jpg
EASL1043	I	|SILA3~axSZE~a@t|	archsigns/|SILA3~axSZE~a@t|.jpg
EASL1044	I	|SILA3~axSZU|	archsigns/|SILA3~axSZU|.jpg
EASL1045	I	|SILA3~axSZU2|	archsigns/|SILA3~axSZU2|.jpg
EASL1046	I	|SILA3~axX|	archsigns/|SILA3~axX|.jpg
EASL1047	I	|SILA3~axZATU629|	archsigns/|SILA3~axZATU629|.jpg
EASL1048	I	|SILA3~axZATU646|	archsigns/|SILA3~axZATU646|.jpg
EASL1049	I	|SILA3~ax(ZATU659.TU~c)|	archsigns/|SILA3~ax(ZATU659.TU~c)|.jpg
EASL1050	I	SILA3~b	archsigns/SILA3~b.jpg
EASL1051	I	|SILA3~bxDUG~a|	archsigns/|SILA3~bxDUG~a|.jpg
EASL1052	I	|SILA3~bxGUG2|	archsigns/|SILA3~bxGUG2|.jpg
EASL1053	I	|SILA3~bxNAGA~b|	archsigns/|SILA3~bxNAGA~b|.jpg
EASL1054	I	|SILA3~bxNI~a|	archsigns/|SILA3~bxNI~a|.jpg
EASL1055	I	|SILA3~bxNI~b|	archsigns/|SILA3~bxNI~b|.jpg
EASL1056	I	SILA3~c	archsigns/SILA3~c.jpg
EASL1057	I	|SILA3~cxSZU|	archsigns/|SILA3~cxSZU|.jpg
EASL1058	I	|SILA3~cxZATU687|	archsigns/|SILA3~cxZATU687|.jpg
EASL1059	I	|SILA3~dxNI~a|	archsigns/|SILA3~dxNI~a|.jpg
EASL1060	I	SILA4~a	archsigns/SILA4~a.jpg
EASL1061	I	SILA4~b	archsigns/SILA4~b.jpg
EASL1062	I	SILA4~c	archsigns/SILA4~c.jpg
EASL1063	I	SILA4~d	archsigns/SILA4~d.jpg
EASL1064	I	SILANITA	archsigns/SILANITA.jpg
EASL1065	I	SIMUG	archsigns/SIMUG.jpg
EASL1066	I	SIPA	archsigns/SIPA.jpg
EASL1067	I	|SIxGU4|	archsigns/|SIxGU4|.jpg
EASL1068	I	|SIxSZE3|	archsigns/|SIxSZE3|.jpg
EASL1069	I	SU~a	archsigns/SU~a.jpg
EASL1070	I	|SU~ax1(N58)|	archsigns/|SU~ax1(N58)|.jpg
EASL1071	I	SU~b	archsigns/SU~b.jpg
EASL1072	I	SU3	archsigns/SU3.jpg
EASL1073	I	SUG	archsigns/SUG.jpg
EASL1074	I	SUG5	archsigns/SUG5.jpg
EASL1075	I	SUH3	archsigns/SUH3.jpg
EASL1076	I	SUHUR	archsigns/SUHUR.jpg
EASL1077	I	SUHUR@g	archsigns/SUHUR@g.jpg
EASL1078	I	|SUHUR@n|	archsigns/|SUHUR@n|.jpg
EASL1079	I	SUKKAL	archsigns/SUKKAL.jpg
EASL1080	I	SUKUD	archsigns/SUKUD.jpg
EASL1081	I	SUKUD@g~a	archsigns/SUKUD@g~a.jpg
EASL1082	I	SUKUD@g~b	archsigns/SUKUD@g~b.jpg
EASL1083	I	SUKUD@g~c	archsigns/SUKUD@g~c.jpg
EASL1084	I	|SUKUD@g~d|	archsigns/|SUKUD@g~d|.jpg
EASL1085	I	|(SUKUD+SUKUD)~a|	archsigns/|(SUKUD+SUKUD)~a|.jpg
EASL1086	I	|(SUKUD+SUKUD)~b|	archsigns/|(SUKUD+SUKUD)~b|.jpg
EASL1087	I	|(SUKUD+SUKUD)~c|	archsigns/|(SUKUD+SUKUD)~c|.jpg
EASL1088	I	|(SUKUD+SUKUD)~d|	archsigns/|(SUKUD+SUKUD)~d|.jpg
EASL1089	I	SUM~a	archsigns/SUM~a.jpg
EASL1090	I	|SUM~a@t|	archsigns/|SUM~a@t|.jpg
EASL1091	I	SUM~b	archsigns/SUM~b.jpg
EASL1092	I	SUMASZ	archsigns/SUMASZ.jpg
EASL1093	I	SUR	archsigns/SUR.jpg
EASL1094	I	SUSA	archsigns/SUSA.jpg
EASL1095	I	SZA	archsigns/SZA.jpg
EASL1096	I	SZA@g	archsigns/SZA@g.jpg
EASL1097	I	SZA3~a1	archsigns/SZA3~a1.jpg
EASL1098	I	SZA3~a2	archsigns/SZA3~a2.jpg
EASL1099	I	SZA3~b	archsigns/SZA3~b.jpg
EASL1100	I	SZA3~c	archsigns/SZA3~c.jpg
EASL1101	I	SZA3~d	archsigns/SZA3~d.jpg
EASL1102	I	SZAB~a	archsigns/SZAB~a.jpg
EASL1103	I	SZAB~b	archsigns/SZAB~b.jpg
EASL1104	I	SZAGAN	archsigns/SZAGAN.jpg
EASL1105	I	SZAGINA	archsigns/SZAGINA.jpg
EASL1106	I	SZAH2~a	archsigns/SZAH2~a.jpg
EASL1107	I	SZAH2~b	archsigns/SZAH2~b.jpg
EASL1108	I	SZAH2~c	archsigns/SZAH2~c.jpg
EASL1109	I	SZAKIR~a	archsigns/SZAKIR~a.jpg
EASL1110	I	SZAKIR~b	archsigns/SZAKIR~b.jpg
EASL1111	I	SZAKIR~c	archsigns/SZAKIR~c.jpg
EASL1112	I	SZAM2	archsigns/SZAM2.jpg
EASL1113	I	SZANDANA~a	archsigns/SZANDANA~a.jpg
EASL1114	I	SZANDANA~b	archsigns/SZANDANA~b.jpg
EASL1115	I	|(SZAxHI@g~a)~a|	archsigns/|(SZAxHI@g~a)~a|.jpg
EASL1116	I	|(SZAxHI@g~a)~b|	archsigns/|(SZAxHI@g~a)~b|.jpg
EASL1117	I	|SZE~a.KIN2~c|	archsigns/|SZE~a.KIN2~c|.jpg
EASL1118	I	|SZE~a.NAM2|	archsigns/|SZE~a.NAM2|.jpg
EASL1119	I	SZE~a@t	archsigns/SZE~a@t.jpg
EASL1120	I	|SZE~a&SZE~a|	archsigns/|SZE~a&SZE~a|.jpg
EASL1121	I	SZE~b	archsigns/SZE~b.jpg
EASL1122	I	SZE~c	archsigns/SZE~c.jpg
EASL1123	I	SZE3	archsigns/SZE3.jpg
EASL1124	I	SZE3@t	archsigns/SZE3@t.jpg
EASL1125	I	SZEG9	archsigns/SZEG9.jpg
EASL1126	I	SZELU	archsigns/SZELU.jpg
EASL1127	I	SZEN~a	archsigns/SZEN~a.jpg
EASL1128	I	SZEN~b	archsigns/SZEN~b.jpg
EASL1129	I	SZEN~c	archsigns/SZEN~c.jpg
EASL1130	I	SZEN~c@t	archsigns/SZEN~c@t.jpg
EASL1131	I	SZEN~d	archsigns/SZEN~d.jpg
EASL1132	I	|SZEN~dxA|	archsigns/|SZEN~dxA|.jpg
EASL1133	I	SZEN~e	archsigns/SZEN~e.jpg
EASL1134	I	SZENNUR~a	archsigns/SZENNUR~a.jpg
EASL1135	I	SZENNUR~b	archsigns/SZENNUR~b.jpg
EASL1136	I	SZESZ~a	archsigns/SZESZ~a.jpg
EASL1137	I	SZESZ~b	archsigns/SZESZ~b.jpg
EASL1138	I	SZIDIM	archsigns/SZIDIM.jpg
EASL1139	I	SZIDIM@t	archsigns/SZIDIM@t.jpg
EASL1140	I	SZIM~a	archsigns/SZIM~a.jpg
EASL1141	I	SZIM~b	archsigns/SZIM~b.jpg
EASL1142	I	SZIR~a	archsigns/SZIR~a.jpg
EASL1143	I	SZIR~b	archsigns/SZIR~b.jpg
EASL1144	I	SZITA@g~a	archsigns/SZITA@g~a.jpg
EASL1145	I	|SZITA@g~ax1(N04)|	archsigns/|SZITA@g~ax1(N04)|.jpg
EASL1146	I	|SZITA@g~ax1(N06)|	archsigns/|SZITA@g~ax1(N06)|.jpg
EASL1147	I	SZITA@g~b	archsigns/SZITA@g~b.jpg
EASL1148	I	SZITA~a1	archsigns/SZITA~a1.jpg
EASL1149	I	|SZITA~a1x1(N06)|	archsigns/|SZITA~a1x1(N06)|.jpg
EASL1150	I	|SZITA~a1xKAK~a|	archsigns/|SZITA~a1xKAK~a|.jpg
EASL1151	I	|SZITA~a1xSZU|	archsigns/|SZITA~a1xSZU|.jpg
EASL1152	I	|SZITA~a1xSZU2|	archsigns/|SZITA~a1xSZU2|.jpg
EASL1153	I	|SZITA~a1xUDU~a|	archsigns/|SZITA~a1xUDU~a|.jpg
EASL1154	I	SZITA~a2	archsigns/SZITA~a2.jpg
EASL1155	I	SZITA~a3	archsigns/SZITA~a3.jpg
EASL1156	I	SZITA~b1	archsigns/SZITA~b1.jpg
EASL1157	I	|SZITA~b1xHI@g~a|	archsigns/|SZITA~b1xHI@g~a|.jpg
EASL1158	I	SZITA~b2	archsigns/SZITA~b2.jpg
EASL1159	I	SZITA~b3	archsigns/SZITA~b3.jpg
EASL1160	I	|SZITA~b3xNAM2|	archsigns/|SZITA~b3xNAM2|.jpg
EASL1161	I	SZITA~c	archsigns/SZITA~c.jpg
EASL1162	I	SZU	archsigns/SZU.jpg
EASL1163	I	SZU@g	archsigns/SZU@g.jpg
EASL1164	I	SZU@s	archsigns/SZU@s.jpg
EASL1165	I	|SZU&SZU|	archsigns/|SZU&SZU|.jpg
EASL1166	I	SZU12	archsigns/SZU12.jpg
EASL1167	I	|SZU2.1(N02)|	archsigns/|SZU2.1(N02)|.jpg
EASL1168	I	|SZU2.2(N57)|	archsigns/|SZU2.2(N57)|.jpg
EASL1169	I	|SZU2.E2~a|	archsigns/|SZU2.E2~a|.jpg
EASL1170	I	|SZU2.E2~b|	archsigns/|SZU2.E2~b|.jpg
EASL1171	I	|SZU2.EN~a|	archsigns/|SZU2.EN~a|.jpg
EASL1172	I	|SZU2.EN~b|	archsigns/|SZU2.EN~b|.jpg
EASL1173	I	|SZU2.GISZ|	archsigns/|SZU2.GISZ|.jpg
EASL1174	I	|SZU2.((HI+1(N57))+(HI+1(N57)))|	archsigns/|SZU2.((HI+1(N57))+(HI+1(N57)))|.jpg
EASL1175	I	SZU2	archsigns/SZU2.jpg
EASL1176	I	|SZU2.URI3~a|	archsigns/|SZU2.URI3~a|.jpg
EASL1177	I	SZUBUR	archsigns/SZUBUR.jpg
EASL1178	I	SZUM	archsigns/SZUM.jpg
EASL1179	I	SZUR2~a	archsigns/SZUR2~a.jpg
EASL1180	I	SZUR2~b	archsigns/SZUR2~b.jpg
EASL1181	I	SZURUPPAK~a	archsigns/SZURUPPAK~a.jpg
EASL1182	I	SZURUPPAK~b	archsigns/SZURUPPAK~b.jpg
EASL1183	I	SZURUPPAK~c	archsigns/SZURUPPAK~c.jpg
EASL1184	I	|SZUx1(N58)|	archsigns/|SZUx1(N58)|.jpg
EASL1185	I	TA~a	archsigns/TA~a.jpg
EASL1186	I	TA~b	archsigns/TA~b.jpg
EASL1187	I	TA~c	archsigns/TA~c.jpg
EASL1188	I	TA~d	archsigns/TA~d.jpg
EASL1189	I	|TA~dxMASZ|	archsigns/|TA~dxMASZ|.jpg
EASL1190	I	TA~e	archsigns/TA~e.jpg
EASL1191	I	TA~f	archsigns/TA~f.jpg
EASL1192	I	TAG~a1	archsigns/TAG~a1.jpg
EASL1193	I	TAG~a1@t	archsigns/TAG~a1@t.jpg
EASL1194	I	TAG~a2	archsigns/TAG~a2.jpg
EASL1195	I	TAG~a3	archsigns/TAG~a3.jpg
EASL1196	I	TAG~a4	archsigns/TAG~a4.jpg
EASL1197	I	TAG~b	archsigns/TAG~b.jpg
EASL1198	I	TAG~c	archsigns/TAG~c.jpg
EASL1199	I	TAG~d	archsigns/TAG~d.jpg
EASL1200	I	TAK4~a	archsigns/TAK4~a.jpg
EASL1201	I	TAK4~a@n	archsigns/TAK4~a@n.jpg
EASL1202	I	TAK4~c	archsigns/TAK4~c.jpg
EASL1203	I	TAR~a	archsigns/TAR~a.jpg
EASL1204	I	TAR~d	archsigns/TAR~d.jpg
EASL1205	I	TE	archsigns/TE.jpg
EASL1206	I	TI	archsigns/TI.jpg
EASL1207	I	TI@g	archsigns/TI@g.jpg
EASL1208	I	TI@r	archsigns/TI@r.jpg
EASL1209	I	TI@t	archsigns/TI@t.jpg
EASL1210	I	TIDNUM	archsigns/TIDNUM.jpg
EASL1211	I	TILLA2	archsigns/TILLA2.jpg
EASL1212	I	TU~a	archsigns/TU~a.jpg
EASL1213	I	TU~b	archsigns/TU~b.jpg
EASL1214	I	TU~c	archsigns/TU~c.jpg
EASL1215	I	|TUG2~a.(BAD&BAD)|	archsigns/|TUG2~a.(BAD&BAD)|.jpg
EASL1216	I	TUG2~a	archsigns/TUG2~a.jpg
EASL1217	I	TUG2~a@g	archsigns/TUG2~a@g.jpg
EASL1218	I	TUG2~b	archsigns/TUG2~b.jpg
EASL1219	I	TUG2~c	archsigns/TUG2~c.jpg
EASL1220	I	TUG2~d	archsigns/TUG2~d.jpg
EASL1221	I	TUM~a	archsigns/TUM~a.jpg
EASL1222	I	TUM~a@g	archsigns/TUM~a@g.jpg
EASL1223	I	TUM~b	archsigns/TUM~b.jpg
EASL1224	I	TUM~c	archsigns/TUM~c.jpg
EASL1225	I	TUM~d	archsigns/TUM~d.jpg
EASL1226	I	TUN3~a	archsigns/TUN3~a.jpg
EASL1227	I	TUN3~b	archsigns/TUN3~b.jpg
EASL1228	I	TUN3~c	archsigns/TUN3~c.jpg
EASL1229	I	TUR	archsigns/TUR.jpg
EASL1230	I	TUR@g	archsigns/TUR@g.jpg
EASL1231	I	TUR3~a	archsigns/TUR3~a.jpg
EASL1232	I	|TUR3~a@n|	archsigns/|TUR3~a@n|.jpg
EASL1233	I	TUR3~b	archsigns/TUR3~b.jpg
EASL1234	I	|TUR3~bxTAK4~a|	archsigns/|TUR3~bxTAK4~a|.jpg
EASL1235	I	TUR3~c	archsigns/TUR3~c.jpg
EASL1236	I	|TURxX|	archsigns/|TURxX|.jpg
EASL1237	I	U2~a	archsigns/U2~a.jpg
EASL1238	I	U2~b	archsigns/U2~b.jpg
EASL1239	I	U2~c	archsigns/U2~c.jpg
EASL1240	I	|U4.1(N08)|	archsigns/|U4.1(N08)|.jpg
EASL1241	I	|U4.(1(N14).3(N08))|	archsigns/|U4.(1(N14).3(N08))|.jpg
EASL1242	I	|U4.(1(N14).4(N08))|	archsigns/|U4.(1(N14).4(N08))|.jpg
EASL1243	I	|U4.(1(N14).5(N08))|	archsigns/|U4.(1(N14).5(N08))|.jpg
EASL1244	I	|U4.(1(N14).8(N08))|	archsigns/|U4.(1(N14).8(N08))|.jpg
EASL1245	I	|U4.1(N14)|	archsigns/|U4.1(N14)|.jpg
EASL1246	I	|U4.2(N08)|	archsigns/|U4.2(N08)|.jpg
EASL1247	I	|U4.2(N14)|	archsigns/|U4.2(N14)|.jpg
EASL1248	I	|U4.3(N08)|	archsigns/|U4.3(N08)|.jpg
EASL1249	I	|U4.4(N08)|	archsigns/|U4.4(N08)|.jpg
EASL1250	I	|U4.5(N08)|	archsigns/|U4.5(N08)|.jpg
EASL1251	I	|U4.6(N08)|	archsigns/|U4.6(N08)|.jpg
EASL1252	I	|U4.7(N08)|	archsigns/|U4.7(N08)|.jpg
EASL1253	I	|U4.8(N08)|	archsigns/|U4.8(N08)|.jpg
EASL1254	I	U4	archsigns/U4.jpg
EASL1255	I	|U4.SZU2|	archsigns/|U4.SZU2|.jpg
EASL1256	I	U4@t	archsigns/U4@t.jpg
EASL1257	I	|U4x10(N57)|	archsigns/|U4x10(N57)|.jpg
EASL1258	I	|U4x1(N01).5(N08)|	archsigns/|U4x1(N01).5(N08)|.jpg
EASL1259	I	|U4x1(N01)|	archsigns/|U4x1(N01)|.jpg
EASL1260	I	|U4x1(N01)F|	archsigns/|U4x1(N01)F|.jpg
EASL1261	I	|U4x(1(N14).2(N01))|	archsigns/|U4x(1(N14).2(N01))|.jpg
EASL1262	I	|U4x(1(N14).4(N01))|	archsigns/|U4x(1(N14).4(N01))|.jpg
EASL1263	I	|U4x(1(N14).8(N01))|	archsigns/|U4x(1(N14).8(N01))|.jpg
EASL1264	I	|U4x1(N14)|	archsigns/|U4x1(N14)|.jpg
EASL1265	I	|U4x1(N57)|	archsigns/|U4x1(N57)|.jpg
EASL1266	I	|U4x1(N58)@t|	archsigns/|U4x1(N58)@t|.jpg
EASL1267	I	|U4x2(N01).(2(N14).1(N08))|	archsigns/|U4x2(N01).(2(N14).1(N08))|.jpg
EASL1268	I	|U4x2(N01).2(N14)|	archsigns/|U4x2(N01).2(N14)|.jpg
EASL1269	I	|U4x2(N01)|	archsigns/|U4x2(N01)|.jpg
EASL1270	I	|U4x2(N01).X|	archsigns/|U4x2(N01).X|.jpg
EASL1271	I	|U4x(2(N14).4(N01))|	archsigns/|U4x(2(N14).4(N01))|.jpg
EASL1272	I	|U4x2(N14)|	archsigns/|U4x2(N14)|.jpg
EASL1273	I	|U4x2(N57)|	archsigns/|U4x2(N57)|.jpg
EASL1274	I	|U4x3(N01).3(N08)|	archsigns/|U4x3(N01).3(N08)|.jpg
EASL1275	I	|U4x3(N01)|	archsigns/|U4x3(N01)|.jpg
EASL1276	I	|U4x(3(N14).2(N01))|	archsigns/|U4x(3(N14).2(N01))|.jpg
EASL1277	I	|U4x(3(N14).7(N01))|	archsigns/|U4x(3(N14).7(N01))|.jpg
EASL1278	I	|U4x3(N57)|	archsigns/|U4x3(N57)|.jpg
EASL1279	I	|U4x4(N01).2(N14)|	archsigns/|U4x4(N01).2(N14)|.jpg
EASL1280	I	|U4x4(N01)|	archsigns/|U4x4(N01)|.jpg
EASL1281	I	|U4x4(N57)|	archsigns/|U4x4(N57)|.jpg
EASL1282	I	|U4x5(N01).1(N14)|	archsigns/|U4x5(N01).1(N14)|.jpg
EASL1283	I	|U4x5(N01)|	archsigns/|U4x5(N01)|.jpg
EASL1284	I	|U4x5(N57)|	archsigns/|U4x5(N57)|.jpg
EASL1285	I	|U4x6(N01)|	archsigns/|U4x6(N01)|.jpg
EASL1286	I	|U4x6(N57)|	archsigns/|U4x6(N57)|.jpg
EASL1287	I	|U4x7(N57)|	archsigns/|U4x7(N57)|.jpg
EASL1288	I	|U4x8(N01)|	archsigns/|U4x8(N01)|.jpg
EASL1289	I	|U4x8(N01).X|	archsigns/|U4x8(N01).X|.jpg
EASL1290	I	|U4x8(N57)|	archsigns/|U4x8(N57)|.jpg
EASL1291	I	|U4xX|	archsigns/|U4xX|.jpg
EASL1292	I	|U4x(X+2(N01))|	archsigns/|U4x(X+2(N01))|.jpg
EASL1293	I	|U4x(X(N01))|	archsigns/|U4x(X(N01))|.jpg
EASL1294	I	U8	archsigns/U8.jpg
EASL1295	I	|(U8xTAR)~b|	archsigns/|(U8xTAR)~b|.jpg
EASL1296	I	UB	archsigns/UB.jpg
EASL1297	I	UBI~a	archsigns/UBI~a.jpg
EASL1298	I	UBI~c	archsigns/UBI~c.jpg
EASL1299	I	UD5~a	archsigns/UD5~a.jpg
EASL1300	I	UD5~a@g	archsigns/UD5~a@g.jpg
EASL1301	I	UD5~b	archsigns/UD5~b.jpg
EASL1302	I	UD5~c	archsigns/UD5~c.jpg
EASL1303	I	UDU~a	archsigns/UDU~a.jpg
EASL1304	I	|(UDU~axTAR)~a|	archsigns/|(UDU~axTAR)~a|.jpg
EASL1305	I	|(UDU~axTAR)~b|	archsigns/|(UDU~axTAR)~b|.jpg
EASL1306	I	UDU~b	archsigns/UDU~b.jpg
EASL1307	I	UDU~c	archsigns/UDU~c.jpg
EASL1308	I	UDUNITA~a	archsigns/UDUNITA~a.jpg
EASL1309	I	UDUNITA~b	archsigns/UDUNITA~b.jpg
EASL1310	I	UDUNITA~c	archsigns/UDUNITA~c.jpg
EASL1311	I	|UET2.405|	archsigns/|UET2.405|.jpg
EASL1312	I	UH	archsigns/UH.jpg
EASL1313	I	UH3~a	archsigns/UH3~a.jpg
EASL1314	I	UH3~a@t	archsigns/UH3~a@t.jpg
EASL1315	I	UH3~b	archsigns/UH3~b.jpg
EASL1316	I	UKKIN~a	archsigns/UKKIN~a.jpg
EASL1317	I	UKKIN~b	archsigns/UKKIN~b.jpg
EASL1318	I	|UKKIN~bx2(N01)|	archsigns/|UKKIN~bx2(N01)|.jpg
EASL1319	I	|UKKIN~bx3(N01)|	archsigns/|UKKIN~bx3(N01)|.jpg
EASL1320	I	|UKKIN~bx5(N01)|	archsigns/|UKKIN~bx5(N01)|.jpg
EASL1321	I	|UKKIN~bx(DIN.1(N01))|	archsigns/|UKKIN~bx(DIN.1(N01))|.jpg
EASL1322	I	|UKKIN~bxDIN|	archsigns/|UKKIN~bxDIN|.jpg
EASL1323	I	|UKKIN~bxDUG~a|	archsigns/|UKKIN~bxDUG~a|.jpg
EASL1324	I	|UKKIN~bxHI@g~a|	archsigns/|UKKIN~bxHI@g~a|.jpg
EASL1325	I	|UKKIN~bxNI~a|	archsigns/|UKKIN~bxNI~a|.jpg
EASL1326	I	|UKKIN~bxX|	archsigns/|UKKIN~bxX|.jpg
EASL1327	I	UKKIN~c	archsigns/UKKIN~c.jpg
EASL1328	I	UMBIN~a	archsigns/UMBIN~a.jpg
EASL1329	I	UMBIN~b1	archsigns/UMBIN~b1.jpg
EASL1330	I	UMBIN~b2	archsigns/UMBIN~b2.jpg
EASL1331	I	UMBIN~c	archsigns/UMBIN~c.jpg
EASL1332	I	UMUN2	archsigns/UMUN2.jpg
EASL1333	I	UNUG~a	archsigns/UNUG~a.jpg
EASL1334	I	UNUG~a@s	archsigns/UNUG~a@s.jpg
EASL1335	I	|UNUG~axA@t|	archsigns/|UNUG~axA@t|.jpg
EASL1336	I	UNUG~b	archsigns/UNUG~b.jpg
EASL1337	I	UNUG~c	archsigns/UNUG~c.jpg
EASL1338	I	UR~a	archsigns/UR~a.jpg
EASL1339	I	UR~a@g	archsigns/UR~a@g.jpg
EASL1340	I	|UR~axKAR2|	archsigns/|UR~axKAR2|.jpg
EASL1341	I	UR~b	archsigns/UR~b.jpg
EASL1342	I	UR~c	archsigns/UR~c.jpg
EASL1343	I	UR2	archsigns/UR2.jpg
EASL1344	I	|UR2x1(N57)|	archsigns/|UR2x1(N57)|.jpg
EASL1345	I	|UR2xTAR|	archsigns/|UR2xTAR|.jpg
EASL1346	I	UR3~a1	archsigns/UR3~a1.jpg
EASL1347	I	UR3~a2	archsigns/UR3~a2.jpg
EASL1348	I	UR3~a3	archsigns/UR3~a3.jpg
EASL1349	I	UR3~b1	archsigns/UR3~b1.jpg
EASL1350	I	|UR3~b1xMASZ|	archsigns/|UR3~b1xMASZ|.jpg
EASL1351	I	UR3~b2	archsigns/UR3~b2.jpg
EASL1352	I	UR4~a	archsigns/UR4~a.jpg
EASL1353	I	UR4~b	archsigns/UR4~b.jpg
EASL1354	I	UR4~c	archsigns/UR4~c.jpg
EASL1355	I	UR5~a	archsigns/UR5~a.jpg
EASL1356	I	UR5~b	archsigns/UR5~b.jpg
EASL1357	I	URI	archsigns/URI.jpg
EASL1358	I	URI2	archsigns/URI2.jpg
EASL1359	I	URI3~a	archsigns/URI3~a.jpg
EASL1360	I	|URI3~a+IB~a|	archsigns/|URI3~a+IB~a|.jpg
EASL1361	I	URI3~b	archsigns/URI3~b.jpg
EASL1362	I	URI5	archsigns/URI5.jpg
EASL1363	I	URU~a1	archsigns/URU~a1.jpg
EASL1364	I	|URU~a1@n|	archsigns/|URU~a1@n|.jpg
EASL1365	I	|URU~a1x1(N57)|	archsigns/|URU~a1x1(N57)|.jpg
EASL1366	I	|URU~a1x2(N57)|	archsigns/|URU~a1x2(N57)|.jpg
EASL1367	I	|URU~a1xA|	archsigns/|URU~a1xA|.jpg
EASL1368	I	|URU~a1xAMAR|	archsigns/|URU~a1xAMAR|.jpg
EASL1369	I	|URU~a1xGU4|	archsigns/|URU~a1xGU4|.jpg
EASL1370	I	|URU~a1xHI@g~a|	archsigns/|URU~a1xHI@g~a|.jpg
EASL1371	I	|URU~a1xNIMGIR|	archsigns/|URU~a1xNIMGIR|.jpg
EASL1372	I	|URU~a1xU4|	archsigns/|URU~a1xU4|.jpg
EASL1373	I	|URU~a1xX|	archsigns/|URU~a1xX|.jpg
EASL1374	I	URU~a2	archsigns/URU~a2.jpg
EASL1375	I	|URU~a2x1(N58)|	archsigns/|URU~a2x1(N58)|.jpg
EASL1376	I	|URU~a3xKALAM~a|	archsigns/|URU~a3xKALAM~a|.jpg
EASL1377	I	URU~b1	archsigns/URU~b1.jpg
EASL1378	I	URU~b2	archsigns/URU~b2.jpg
EASL1379	I	URU~c	archsigns/URU~c.jpg
EASL1380	I	URUDU@g~a	archsigns/URUDU@g~a.jpg
EASL1381	I	URUDU@g~b	archsigns/URUDU@g~b.jpg
EASL1382	I	URUDU@g~c	archsigns/URUDU@g~c.jpg
EASL1383	I	URUDU@g~d	archsigns/URUDU@g~d.jpg
EASL1384	I	URUDU~a	archsigns/URUDU~a.jpg
EASL1385	I	URUDU~c	archsigns/URUDU~c.jpg
EASL1386	I	URUDU~d	archsigns/URUDU~d.jpg
EASL1387	I	USZ~a	archsigns/USZ~a.jpg
EASL1388	I	|USZ~a&USZ~a|	archsigns/|USZ~a&USZ~a|.jpg
EASL1389	I	USZ~b	archsigns/USZ~b.jpg
EASL1390	I	|USZ~b&USZ~b|	archsigns/|USZ~b&USZ~b|.jpg
EASL1391	I	|USZ~bxTAR~c|	archsigns/|USZ~bxTAR~c|.jpg
EASL1392	I	|USZ~bxTAR~d|	archsigns/|USZ~bxTAR~d|.jpg
EASL1393	I	USZUMGAL	archsigns/USZUMGAL.jpg
EASL1394	I	USZUR3~a	archsigns/USZUR3~a.jpg
EASL1395	I	USZUR3~b1	archsigns/USZUR3~b1.jpg
EASL1396	I	USZUR3~b2	archsigns/USZUR3~b2.jpg
EASL1397	I	UTUA~a	archsigns/UTUA~a.jpg
EASL1398	I	UTUA~a@t	archsigns/UTUA~a@t.jpg
EASL1399	I	UTUA~b	archsigns/UTUA~b.jpg
EASL1400	I	UTUL~a	archsigns/UTUL~a.jpg
EASL1401	I	UTUL~b	archsigns/UTUL~b.jpg
EASL1402	I	UTUL~c	archsigns/UTUL~c.jpg
EASL1403	I	UTUL~d	archsigns/UTUL~d.jpg
EASL1404	I	UZU	archsigns/UZU.jpg
EASL1405	I	|x(N57).GAR|	archsigns/|x(N57).GAR|.jpg
EASL1406	I	ZA~x	archsigns/ZA~x.jpg
EASL1407	I	ZABALAM~a	archsigns/ZABALAM~a.jpg
EASL1408	I	ZABALAM~b	archsigns/ZABALAM~b.jpg
EASL1409	I	ZADIM	archsigns/ZADIM.jpg
EASL1410	I	ZAG~a	archsigns/ZAG~a.jpg
EASL1411	I	ZAG~b	archsigns/ZAG~b.jpg
EASL1412	I	ZAG~c	archsigns/ZAG~c.jpg
EASL1413	I	ZAR~a	archsigns/ZAR~a.jpg
EASL1414	I	ZAR~b1	archsigns/ZAR~b1.jpg
EASL1415	I	ZAR~b2	archsigns/ZAR~b2.jpg
EASL1416	I	ZAR~c	archsigns/ZAR~c.jpg
EASL1417	I	ZI~a	archsigns/ZI~a.jpg
EASL1418	I	ZI~b	archsigns/ZI~b.jpg
EASL1419	I	ZI~d	archsigns/ZI~d.jpg
EASL1420	I	|(ZU&ZU).SAR~a|	archsigns/|(ZU&ZU).SAR~a|.jpg
EASL1421	I	ZUBI~a	archsigns/ZUBI~a.jpg
EASL1422	I	ZUBI~b	archsigns/ZUBI~b.jpg
EASL1423	I	ZATU620	archsigns/ZATU620.jpg
EASL1424	I	ZATU621~a	archsigns/ZATU621~a.jpg
EASL1425	I	ZATU621~b	archsigns/ZATU621~b.jpg
EASL1426	I	ZATU621~c	archsigns/ZATU621~c.jpg
EASL1427	I	ZATU621~d	archsigns/ZATU621~d.jpg
EASL1428	I	ZATU622	archsigns/ZATU622.jpg
EASL1429	I	ZATU623	archsigns/ZATU623.jpg
EASL1430	I	ZATU624~a	archsigns/ZATU624~a.jpg
EASL1431	I	ZATU624~b	archsigns/ZATU624~b.jpg
EASL1432	I	ZATU624~c	archsigns/ZATU624~c.jpg
EASL1433	I	ZATU625	archsigns/ZATU625.jpg
EASL1434	I	ZATU626~a	archsigns/ZATU626~a.jpg
EASL1435	I	ZATU626~b	archsigns/ZATU626~b.jpg
EASL1436	I	ZATU626~c	archsigns/ZATU626~c.jpg
EASL1437	I	ZATU627	archsigns/ZATU627.jpg
EASL1438	I	ZATU628~a	archsigns/ZATU628~a.jpg
EASL1439	I	ZATU628~b	archsigns/ZATU628~b.jpg
EASL1440	I	ZATU629	archsigns/ZATU629.jpg
EASL1441	I	ZATU630	archsigns/ZATU630.jpg
EASL1442	I	ZATU631	archsigns/ZATU631.jpg
EASL1443	I	ZATU632~a	archsigns/ZATU632~a.jpg
EASL1444	I	ZATU632~b	archsigns/ZATU632~b.jpg
EASL1445	I	ZATU632~c	archsigns/ZATU632~c.jpg
EASL1446	I	ZATU633~a	archsigns/ZATU633~a.jpg
EASL1447	I	ZATU633~b	archsigns/ZATU633~b.jpg
EASL1448	I	ZATU634	archsigns/ZATU634.jpg
EASL1449	I	ZATU635	archsigns/ZATU635.jpg
EASL1450	I	ZATU636	archsigns/ZATU636.jpg
EASL1451	I	ZATU637	archsigns/ZATU637.jpg
EASL1452	I	ZATU639	archsigns/ZATU639.jpg
EASL1453	I	ZATU640	archsigns/ZATU640.jpg
EASL1454	I	ZATU641	archsigns/ZATU641.jpg
EASL1455	I	ZATU642	archsigns/ZATU642.jpg
EASL1456	I	ZATU643	archsigns/ZATU643.jpg
EASL1457	I	ZATU644~a	archsigns/ZATU644~a.jpg
EASL1458	I	|ZATU644~ax1(N14)|	archsigns/|ZATU644~ax1(N14)|.jpg
EASL1459	I	ZATU644~b	archsigns/ZATU644~b.jpg
EASL1460	I	ZATU646	archsigns/ZATU646.jpg
EASL1461	I	ZATU647	archsigns/ZATU647.jpg
EASL1462	I	ZATU648	archsigns/ZATU648.jpg
EASL1463	I	ZATU649	archsigns/ZATU649.jpg
EASL1464	I	ZATU650	archsigns/ZATU650.jpg
EASL1465	I	ZATU651	archsigns/ZATU651.jpg
EASL1466	I	ZATU651@g	archsigns/ZATU651@g.jpg
EASL1467	I	|ZATU651xAN|	archsigns/|ZATU651xAN|.jpg
EASL1468	I	|ZATU651xEN~a|	archsigns/|ZATU651xEN~a|.jpg
EASL1469	I	|ZATU651xGAR|	archsigns/|ZATU651xGAR|.jpg
EASL1470	I	|ZATU651xMA|	archsigns/|ZATU651xMA|.jpg
EASL1471	I	|ZATU651xNUN~a|	archsigns/|ZATU651xNUN~a|.jpg
EASL1472	I	|ZATU651xSZE~a|	archsigns/|ZATU651xSZE~a|.jpg
EASL1473	I	|ZATU651xX|	archsigns/|ZATU651xX|.jpg
EASL1474	I	|ZATU651xZAR~c|	archsigns/|ZATU651xZAR~c|.jpg
EASL1475	I	ZATU659	archsigns/ZATU659.jpg
EASL1476	I	|ZATU659x1(N01)|	archsigns/|ZATU659x1(N01)|.jpg
EASL1477	I	|ZATU659x1(N14)|	archsigns/|ZATU659x1(N14)|.jpg
EASL1478	I	|ZATU659x1(N58)@t|	archsigns/|ZATU659x1(N58)@t|.jpg
EASL1479	I	ZATU662	archsigns/ZATU662.jpg
EASL1480	I	|ZATU662x1(N14)|	archsigns/|ZATU662x1(N14)|.jpg
EASL1481	I	ZATU664	archsigns/ZATU664.jpg
EASL1482	I	ZATU665	archsigns/ZATU665.jpg
EASL1483	I	ZATU666	archsigns/ZATU666.jpg
EASL1484	I	ZATU667	archsigns/ZATU667.jpg
EASL1485	I	ZATU668	archsigns/ZATU668.jpg
EASL1486	I	ZATU669	archsigns/ZATU669.jpg
EASL1487	I	ZATU670	archsigns/ZATU670.jpg
EASL1488	I	ZATU672	archsigns/ZATU672.jpg
EASL1489	I	ZATU674	archsigns/ZATU674.jpg
EASL1490	I	ZATU675~a	archsigns/ZATU675~a.jpg
EASL1491	I	ZATU675~b	archsigns/ZATU675~b.jpg
EASL1492	I	ZATU675~c	archsigns/ZATU675~c.jpg
EASL1493	I	ZATU675~d	archsigns/ZATU675~d.jpg
EASL1494	I	ZATU676~a	archsigns/ZATU676~a.jpg
EASL1495	I	ZATU676~b	archsigns/ZATU676~b.jpg
EASL1496	I	ZATU677~a	archsigns/ZATU677~a.jpg
EASL1497	I	ZATU677~b	archsigns/ZATU677~b.jpg
EASL1498	I	ZATU678	archsigns/ZATU678.jpg
EASL1499	I	ZATU679	archsigns/ZATU679.jpg
EASL1500	I	ZATU680~a1	archsigns/ZATU680~a1.jpg
EASL1501	I	ZATU680~a2	archsigns/ZATU680~a2.jpg
EASL1502	I	ZATU680~b	archsigns/ZATU680~b.jpg
EASL1503	I	ZATU680~d	archsigns/ZATU680~d.jpg
EASL1504	I	ZATU680~e	archsigns/ZATU680~e.jpg
EASL1505	I	ZATU681	archsigns/ZATU681.jpg
EASL1506	I	ZATU682	archsigns/ZATU682.jpg
EASL1507	I	|ZATU683@t|	archsigns/|ZATU683@t|.jpg
EASL1508	I	ZATU683~a	archsigns/ZATU683~a.jpg
EASL1509	I	ZATU683~b	archsigns/ZATU683~b.jpg
EASL1510	I	ZATU684	archsigns/ZATU684.jpg
EASL1511	I	ZATU685	archsigns/ZATU685.jpg
EASL1512	I	ZATU686~a	archsigns/ZATU686~a.jpg
EASL1513	I	ZATU686~b	archsigns/ZATU686~b.jpg
EASL1514	I	ZATU686~c	archsigns/ZATU686~c.jpg
EASL1515	I	ZATU687	archsigns/ZATU687.jpg
EASL1516	I	ZATU688~a	archsigns/ZATU688~a.jpg
EASL1517	I	ZATU688~b	archsigns/ZATU688~b.jpg
EASL1518	I	ZATU689	archsigns/ZATU689.jpg
EASL1519	I	ZATU690	archsigns/ZATU690.jpg
EASL1520	I	ZATU691	archsigns/ZATU691.jpg
EASL1521	I	ZATU692	archsigns/ZATU692.jpg
EASL1522	I	ZATU693	archsigns/ZATU693.jpg
EASL1523	I	ZATU693@t	archsigns/ZATU693@t.jpg
EASL1524	I	ZATU694~a	archsigns/ZATU694~a.jpg
EASL1525	I	ZATU694~b	archsigns/ZATU694~b.jpg
EASL1526	I	ZATU694~c	archsigns/ZATU694~c.jpg
EASL1527	I	ZATU694~d	archsigns/ZATU694~d.jpg
EASL1528	I	ZATU694~d@t	archsigns/ZATU694~d@t.jpg
EASL1529	I	ZATU695	archsigns/ZATU695.jpg
EASL1530	I	ZATU696	archsigns/ZATU696.jpg
EASL1531	I	ZATU697~a	archsigns/ZATU697~a.jpg
EASL1532	I	ZATU697~b	archsigns/ZATU697~b.jpg
EASL1533	I	ZATU697~c	archsigns/ZATU697~c.jpg
EASL1534	I	ZATU699~a	archsigns/ZATU699~a.jpg
EASL1535	I	ZATU699~b	archsigns/ZATU699~b.jpg
EASL1536	I	ZATU700	archsigns/ZATU700.jpg
EASL1537	I	ZATU701	archsigns/ZATU701.jpg
EASL1538	I	ZATU702	archsigns/ZATU702.jpg
EASL1539	I	ZATU703	archsigns/ZATU703.jpg
EASL1540	I	ZATU704	archsigns/ZATU704.jpg
EASL1541	I	ZATU705	archsigns/ZATU705.jpg
EASL1542	I	ZATU706	archsigns/ZATU706.jpg
EASL1543	I	ZATU707~a	archsigns/ZATU707~a.jpg
EASL1544	I	ZATU707~b	archsigns/ZATU707~b.jpg
EASL1545	I	ZATU708	archsigns/ZATU708.jpg
EASL1546	I	ZATU709	archsigns/ZATU709.jpg
EASL1547	I	ZATU710	archsigns/ZATU710.jpg
EASL1548	I	ZATU711	archsigns/ZATU711.jpg
EASL1549	I	|ZATU711xHI@g~a|	archsigns/|ZATU711xHI@g~a|.jpg
EASL1550	I	|ZATU711xX|	archsigns/|ZATU711xX|.jpg
EASL1551	I	ZATU713	archsigns/ZATU713.jpg
EASL1552	I	ZATU714	archsigns/ZATU714.jpg
EASL1553	I	|ZATU714.RU|	archsigns/|ZATU714.RU|.jpg
EASL1554	I	|ZATU714xHI@g~a|	archsigns/|ZATU714xHI@g~a|.jpg
EASL1555	I	|ZATU714xX|	archsigns/|ZATU714xX|.jpg
EASL1556	I	ZATU717	archsigns/ZATU717.jpg
EASL1557	I	ZATU718	archsigns/ZATU718.jpg
EASL1558	I	ZATU719	archsigns/ZATU719.jpg
EASL1559	I	ZATU720	archsigns/ZATU720.jpg
EASL1560	I	ZATU721	archsigns/ZATU721.jpg
EASL1561	I	ZATU722	archsigns/ZATU722.jpg
EASL1562	I	ZATU723	archsigns/ZATU723.jpg
EASL1563	I	ZATU724	archsigns/ZATU724.jpg
EASL1564	I	ZATU725	archsigns/ZATU725.jpg
EASL1565	I	ZATU726~a	archsigns/ZATU726~a.jpg
EASL1566	I	ZATU726~c	archsigns/ZATU726~c.jpg
EASL1567	I	ZATU726~d	archsigns/ZATU726~d.jpg
EASL1568	I	ZATU727	archsigns/ZATU727.jpg
EASL1569	I	ZATU728	archsigns/ZATU728.jpg
EASL1570	I	ZATU729	archsigns/ZATU729.jpg
EASL1571	I	ZATU730	archsigns/ZATU730.jpg
EASL1572	I	ZATU732	archsigns/ZATU732.jpg
EASL1573	I	ZATU733	archsigns/ZATU733.jpg
EASL1574	I	ZATU734	archsigns/ZATU734.jpg
EASL1575	I	ZATU735~a	archsigns/ZATU735~a.jpg
EASL1576	I	ZATU735~b	archsigns/ZATU735~b.jpg
EASL1577	I	ZATU735~c	archsigns/ZATU735~c.jpg
EASL1578	I	ZATU736~a	archsigns/ZATU736~a.jpg
EASL1579	I	ZATU736~b	archsigns/ZATU736~b.jpg
EASL1580	I	ZATU737	archsigns/ZATU737.jpg
EASL1581	I	|ZATU737xAB~a|	archsigns/|ZATU737xAB~a|.jpg
EASL1582	I	|ZATU737xBU~a|	archsigns/|ZATU737xBU~a|.jpg
EASL1583	I	|ZATU737xBUR~a|	archsigns/|ZATU737xBUR~a|.jpg
EASL1584	I	|ZATU737xDI|	archsigns/|ZATU737xDI|.jpg
EASL1585	I	|ZATU737xE~a|	archsigns/|ZATU737xE~a|.jpg
EASL1586	I	|ZATU737xEN~a|	archsigns/|ZATU737xEN~a|.jpg
EASL1587	I	|ZATU737xEN~b|	archsigns/|ZATU737xEN~b|.jpg
EASL1588	I	|ZATU737xGAR|	archsigns/|ZATU737xGAR|.jpg
EASL1589	I	|ZATU737xNI~a@g|	archsigns/|ZATU737xNI~a@g|.jpg
EASL1590	I	|ZATU737xNIMGIR|	archsigns/|ZATU737xNIMGIR|.jpg
EASL1591	I	|ZATU737xSAL|	archsigns/|ZATU737xSAL|.jpg
EASL1592	I	|ZATU737xSU~a|	archsigns/|ZATU737xSU~a|.jpg
EASL1593	I	|ZATU737xSZE~a|	archsigns/|ZATU737xSZE~a|.jpg
EASL1594	I	|ZATU737xSZITA@g~a|	archsigns/|ZATU737xSZITA@g~a|.jpg
EASL1595	I	|ZATU737xSZITA~a1|	archsigns/|ZATU737xSZITA~a1|.jpg
EASL1596	I	|ZATU737xU4|	archsigns/|ZATU737xU4|.jpg
EASL1597	I	|ZATU737xUNUG~a|	archsigns/|ZATU737xUNUG~a|.jpg
EASL1598	I	|ZATU737xX|	archsigns/|ZATU737xX|.jpg
EASL1599	I	ZATU749~a	archsigns/ZATU749~a.jpg
EASL1600	I	ZATU749~b	archsigns/ZATU749~b.jpg
EASL1601	I	ZATU749~c	archsigns/ZATU749~c.jpg
EASL1602	I	ZATU750	archsigns/ZATU750.jpg
EASL1603	I	ZATU751~a	archsigns/ZATU751~a.jpg
EASL1604	I	ZATU751~b	archsigns/ZATU751~b.jpg
EASL1605	I	ZATU752	archsigns/ZATU752.jpg
EASL1606	I	ZATU753	archsigns/ZATU753.jpg
EASL1607	I	ZATU754	archsigns/ZATU754.jpg
EASL1608	I	ZATU755~a	archsigns/ZATU755~a.jpg
EASL1609	I	ZATU755~b	archsigns/ZATU755~b.jpg
EASL1610	I	ZATU756	archsigns/ZATU756.jpg
EASL1611	I	ZATU757	archsigns/ZATU757.jpg
EASL1612	I	ZATU758	archsigns/ZATU758.jpg
EASL1613	I	ZATU759	archsigns/ZATU759.jpg
EASL1614	I	|ZATU759@txX|	archsigns/|ZATU759@txX|.jpg
EASL1615	I	|ZATU759xKU6~a|	archsigns/|ZATU759xKU6~a|.jpg
EASL1616	I	|ZATU759x(KU6~a+KU6~a)|	archsigns/|ZATU759x(KU6~a+KU6~a)|.jpg
EASL1617	I	|ZATU759xKU6~d|	archsigns/|ZATU759xKU6~d|.jpg
EASL1618	I	|ZATU759xX|	archsigns/|ZATU759xX|.jpg
EASL1619	I	ZATU761	archsigns/ZATU761.jpg
EASL1620	I	ZATU762~a	archsigns/ZATU762~a.jpg
EASL1621	I	|ZATU762~axNIM~a|	archsigns/|ZATU762~axNIM~a|.jpg
EASL1622	I	ZATU762~b	archsigns/ZATU762~b.jpg
EASL1623	I	|ZATU762~bxAB~a|	archsigns/|ZATU762~bxAB~a|.jpg
EASL1624	I	ZATU764	archsigns/ZATU764.jpg
EASL1625	I	ZATU765	archsigns/ZATU765.jpg
EASL1626	I	ZATU766	archsigns/ZATU766.jpg
EASL1627	I	ZATU767	archsigns/ZATU767.jpg
EASL1628	I	ZATU768	archsigns/ZATU768.jpg
EASL1629	I	ZATU769	archsigns/ZATU769.jpg
EASL1630	I	ZATU771	archsigns/ZATU771.jpg
EASL1631	I	ZATU772	archsigns/ZATU772.jpg
EASL1632	I	ZATU773~a	archsigns/ZATU773~a.jpg
EASL1633	I	ZATU773~b	archsigns/ZATU773~b.jpg
EASL1634	I	ZATU774	archsigns/ZATU774.jpg
EASL1635	I	ZATU775	archsigns/ZATU775.jpg
EASL1636	I	ZATU776	archsigns/ZATU776.jpg
EASL1637	I	ZATU777	archsigns/ZATU777.jpg
EASL1638	I	ZATU778	archsigns/ZATU778.jpg
EASL1639	I	ZATU779	archsigns/ZATU779.jpg
EASL1640	I	ZATU780	archsigns/ZATU780.jpg
EASL1641	I	ZATU781	archsigns/ZATU781.jpg
EASL1642	I	ZATU782	archsigns/ZATU782.jpg
EASL1643	I	ZATU783	archsigns/ZATU783.jpg
EASL1644	I	ZATU784	archsigns/ZATU784.jpg
EASL1645	I	ZATU785	archsigns/ZATU785.jpg
EASL1646	I	ZATU786	archsigns/ZATU786.jpg
EASL1647	I	ZATU787	archsigns/ZATU787.jpg
EASL1648	I	ZATU788	archsigns/ZATU788.jpg
EASL1649	I	ZATU789	archsigns/ZATU789.jpg
EASL1650	I	ZATU791	archsigns/ZATU791.jpg
EASL1651	I	ZATU792	archsigns/ZATU792.jpg
EASL1652	I	ZATU795	archsigns/ZATU795.jpg
EASL1653	I	ZATU797	archsigns/ZATU797.jpg
EASL1654	I	ZATU798	archsigns/ZATU798.jpg
EASL1655	I	ZATU799	archsigns/ZATU799.jpg
EASL1656	I	ZATU800	archsigns/ZATU800.jpg
EASL1657	I	ZATU801	archsigns/ZATU801.jpg
EASL1658	I	ZATU802	archsigns/ZATU802.jpg
EASL1659	I	ZATU803	archsigns/ZATU803.jpg
EASL1660	I	ZATU804	archsigns/ZATU804.jpg
EASL1661	I	ZATU805	archsigns/ZATU805.jpg
EASL1662	I	ZATU806	archsigns/ZATU806.jpg
EASL1663	I	ZATU807	archsigns/ZATU807.jpg
EASL1664	I	ZATU808	archsigns/ZATU808.jpg
EASL1665	I	ZATU809	archsigns/ZATU809.jpg
EASL1666	I	ZATU810	archsigns/ZATU810.jpg
EASL1667	I	ZATU811	archsigns/ZATU811.jpg
EASL1668	I	ZATU812	archsigns/ZATU812.jpg
EASL1669	I	ZATU813	archsigns/ZATU813.jpg
EASL1670	I	ZATU814	archsigns/ZATU814.jpg
EASL1671	I	ZATU815	archsigns/ZATU815.jpg
EASL1672	I	ZATU817	archsigns/ZATU817.jpg
EASL1673	I	ZATU818	archsigns/ZATU818.jpg
EASL1674	I	ZATU819	archsigns/ZATU819.jpg
EASL1675	I	ZATU820	archsigns/ZATU820.jpg
EASL1676	I	ZATU821	archsigns/ZATU821.jpg
EASL1677	I	ZATU822	archsigns/ZATU822.jpg
EASL1678	I	ZATU823	archsigns/ZATU823.jpg
EASL1679	I	ZATU824	archsigns/ZATU824.jpg
EASL1680	I	ZATU825	archsigns/ZATU825.jpg
EASL1681	I	ZATU826	archsigns/ZATU826.jpg
EASL1682	I	ZATU829	archsigns/ZATU829.jpg
EASL1683	I	ZATU831	archsigns/ZATU831.jpg
EASL1684	I	|ZATU831@g|	archsigns/|ZATU831@g|.jpg
EASL1685	I	ZATU832	archsigns/ZATU832.jpg
EASL1686	I	ZATU833	archsigns/ZATU833.jpg
EASL1687	I	ZATU834	archsigns/ZATU834.jpg
EASL1688	I	ZATU835	archsigns/ZATU835.jpg
EASL1689	I	ZATU836	archsigns/ZATU836.jpg
EASL1690	I	ZATU837~a	archsigns/ZATU837~a.jpg
EASL1691	I	ZATU837~b	archsigns/ZATU837~b.jpg
EASL1692	I	ZATU838	archsigns/ZATU838.jpg
EASL1693	I	ZATU839	archsigns/ZATU839.jpg
EASL1694	I	ZATU840	archsigns/ZATU840.jpg
EASL1695	I	ZATU841	archsigns/ZATU841.jpg
EASL1696	I	ZATU842	archsigns/ZATU842.jpg
EASL1697	I	ZATU843	archsigns/ZATU843.jpg
EASL1698	I	ZATU844	archsigns/ZATU844.jpg
EASL1699	I	ZATU845	archsigns/ZATU845.jpg
EASL1700	I	ZATU846	archsigns/ZATU846.jpg
EASL1701	I	ZATU847	archsigns/ZATU847.jpg
EASL1702	I	ZATU848	archsigns/ZATU848.jpg
EASL1703	I	ZATU849	archsigns/ZATU849.jpg
EASL1704	I	ZATU850	archsigns/ZATU850.jpg
EASL1705	I	ZATU851	archsigns/ZATU851.jpg
EASL1706	I	ZATU852	archsigns/ZATU852.jpg
EASL1707	I	ZATU853	archsigns/ZATU853.jpg
EASL1708	I	ZATU854	archsigns/ZATU854.jpg
EASL1709	I	ZATU855	archsigns/ZATU855.jpg
EASL1710	I	|1(N57).AB2|	archsigns/|1(N57).AB2|.jpg
EASL1711	I	|1(N57).SZAH2~a|	archsigns/|1(N57).SZAH2~a|.jpg
EASL1712	I	|1(N57).SZUBUR|	archsigns/|1(N57).SZUBUR|.jpg
EASL1713	I	|1(N58).BAD~a|	archsigns/|1(N58).BAD~a|.jpg
EASL1714	I	|1(N58).BAD~b|	archsigns/|1(N58).BAD~b|.jpg
EASL1715	I	|2(N57).AB2|	archsigns/|2(N57).AB2|.jpg
EASL1716	I	|2(N57).KU6~a|	archsigns/|2(N57).KU6~a|.jpg
EASL1717	I	|2(N57).SU~a|	archsigns/|2(N57).SU~a|.jpg
EASL1718	I	|2(N57).SZUBUR|	archsigns/|2(N57).SZUBUR|.jpg
EASL1719	I	|3(N57).AMAR|	archsigns/|3(N57).AMAR|.jpg
EASL1720	I	|3(N57).BARA3|	archsigns/|3(N57).BARA3|.jpg
EASL1721	I	|3(N57).E2~b|	archsigns/|3(N57).E2~b|.jpg
EASL1722	I	|3(N57).GAR|	archsigns/|3(N57).GAR|.jpg
EASL1723	I	|3(N57).NUNUZ~a1|	archsigns/|3(N57).NUNUZ~a1|.jpg
EASL1724	I	|3(N57).NUNUZ~c|	archsigns/|3(N57).NUNUZ~c|.jpg
EASL1725	I	|3(N57).PIRIG~b1|	archsigns/|3(N57).PIRIG~b1|.jpg
EASL1726	I	|3(N57).SZUBUR|	archsigns/|3(N57).SZUBUR|.jpg
EASL1727	I	|3(N58).UR3~b1|	archsigns/|3(N58).UR3~b1|.jpg
EASL1728	I	|4(N57).AMAR|	archsigns/|4(N57).AMAR|.jpg
EASL1729	I	|4(N57).GAR|	archsigns/|4(N57).GAR|.jpg
EASL1730	I	|4(N57).KU3~a|	archsigns/|4(N57).KU3~a|.jpg
EASL1731	I	|4(N57).NI~b|	archsigns/|4(N57).NI~b|.jpg
EASL1732	I	|5(N57).GAR|	archsigns/|5(N57).GAR|.jpg
EASL1733	I	|5(N57).KU3~a|	archsigns/|5(N57).KU3~a|.jpg
EASL1734	I	|6(N57).GAR|	archsigns/|6(N57).GAR|.jpg
EASL1735	I	|6(N57).KU3~a|	archsigns/|6(N57).KU3~a|.jpg
EASL1736	I	|8(N57).NI~b|	archsigns/|8(N57).NI~b|.jpg
EASL1737	N	1(N01)	archsigns/1(N01).jpg
EASL1738	N	2(N01)	archsigns/2(N01).jpg
EASL1739	N	3(N01)	archsigns/3(N01).jpg
EASL1740	N	4(N01)	archsigns/4(N01).jpg
EASL1741	N	5(N01)	archsigns/5(N01).jpg
EASL1742	N	6(N01)	archsigns/6(N01).jpg
EASL1743	N	7(N01)	archsigns/7(N01).jpg
EASL1744	N	8(N01)	archsigns/8(N01).jpg
EASL1745	N	9(N01)	archsigns/9(N01).jpg
EASL1746	N	10(N01)	archsigns/10(N01).jpg
EASL1747	N	1(N01@f)	archsigns/1(N01@f).jpg
EASL1748	N	2(N01@f)	archsigns/2(N01@f).jpg
EASL1749	N	3(N01@f)	archsigns/3(N01@f).jpg
EASL1750	N	4(N01@f)	archsigns/4(N01@f).jpg
EASL1751	N	5(N01@f)	archsigns/5(N01@f).jpg
EASL1752	N	6(N01@f)	archsigns/6(N01@f).jpg
EASL1753	N	7(N01@f)	archsigns/7(N01@f).jpg
EASL1754	N	8(N01@f)	archsigns/8(N01@f).jpg
EASL1755	N	9(N01@f)	archsigns/9(N01@f).jpg
EASL1756	N	|1(N01@r)|	archsigns/|1(N01@r)|.jpg
EASL1757	N	1(N02)	archsigns/1(N02).jpg
EASL1758	N	2(N02)	archsigns/2(N02).jpg
EASL1759	N	3(N02)	archsigns/3(N02).jpg
EASL1760	N	4(N02)	archsigns/4(N02).jpg
EASL1761	N	5(N02)	archsigns/5(N02).jpg
EASL1762	N	6(N02)	archsigns/6(N02).jpg
EASL1763	N	7(N02)	archsigns/7(N02).jpg
EASL1764	N	8(N02)	archsigns/8(N02).jpg
EASL1765	N	9(N02)	archsigns/9(N02).jpg
EASL1766	N	|1(N02).RU|	archsigns/|1(N02).RU|.jpg
EASL1767	N	1(N03)	archsigns/1(N03).jpg
EASL1768	N	2(N03)	archsigns/2(N03).jpg
EASL1769	N	3(N03)	archsigns/3(N03).jpg
EASL1770	N	4(N03)	archsigns/4(N03).jpg
EASL1771	N	5(N03)	archsigns/5(N03).jpg
EASL1772	N	1(N04)	archsigns/1(N04).jpg
EASL1773	N	2(N04)	archsigns/2(N04).jpg
EASL1774	N	3(N04)	archsigns/3(N04).jpg
EASL1775	N	4(N04)	archsigns/4(N04).jpg
EASL1776	N	5(N04)	archsigns/5(N04).jpg
EASL1777	N	1(N04@f)	archsigns/1(N04@f).jpg
EASL1778	N	2(N04@f)	archsigns/2(N04@f).jpg
EASL1779	N	3(N04@f)	archsigns/3(N04@f).jpg
EASL1780	N	4(N04@f)	archsigns/4(N04@f).jpg
EASL1781	N	5(N04@f)	archsigns/5(N04@f).jpg
EASL1782	N	1(N05)	archsigns/1(N05).jpg
EASL1783	N	2(N05)	archsigns/2(N05).jpg
EASL1784	N	3(N05)	archsigns/3(N05).jpg
EASL1785	N	4(N05)	archsigns/4(N05).jpg
EASL1786	N	5(N05)	archsigns/5(N05).jpg
EASL1787	N	1(N06)	archsigns/1(N06).jpg
EASL1788	N	1(N07~a)	archsigns/1(N07~a).jpg
EASL1789	N	2(N07~a)	archsigns/2(N07~a).jpg
EASL1790	N	3(N07~a)	archsigns/3(N07~a).jpg
EASL1791	N	1(N07~b)	archsigns/1(N07~b).jpg
EASL1792	N	2(N07~b)	archsigns/2(N07~b).jpg
EASL1793	N	3(N07~b)	archsigns/3(N07~b).jpg
EASL1794	N	1(N08)	archsigns/1(N08).jpg
EASL1795	N	2(N08)	archsigns/2(N08).jpg
EASL1796	N	3(N08)	archsigns/3(N08).jpg
EASL1797	N	4(N08)	archsigns/4(N08).jpg
EASL1798	N	5(N08)	archsigns/5(N08).jpg
EASL1799	N	6(N08)	archsigns/6(N08).jpg
EASL1800	N	7(N08)	archsigns/7(N08).jpg
EASL1801	N	8(N08)	archsigns/8(N08).jpg
EASL1802	N	9(N08)	archsigns/9(N08).jpg
EASL1803	N	1(N08@f)	archsigns/1(N08@f).jpg
EASL1804	N	|1(N08@f)x1(N57)|	archsigns/|1(N08@f)x1(N57)|.jpg
EASL1805	N	1(N08~b)	archsigns/1(N08~b).jpg
EASL1806	N	2(N08~b)	archsigns/2(N08~b).jpg
EASL1807	N	3(N08~b)	archsigns/3(N08~b).jpg
EASL1808	N	4(N08~b)	archsigns/4(N08~b).jpg
EASL1809	N	4(N08~c)	archsigns/4(N08~c).jpg
EASL1810	N	1(N09)	archsigns/1(N09).jpg
EASL1811	N	1(N11)	archsigns/1(N11).jpg
EASL1812	N	1(N12)	archsigns/1(N12).jpg
EASL1813	N	1(N14)	archsigns/1(N14).jpg
EASL1814	N	2(N14)	archsigns/2(N14).jpg
EASL1815	N	3(N14)	archsigns/3(N14).jpg
EASL1816	N	4(N14)	archsigns/4(N14).jpg
EASL1817	N	5(N14)	archsigns/5(N14).jpg
EASL1818	N	6(N14)	archsigns/6(N14).jpg
EASL1819	N	7(N14)	archsigns/7(N14).jpg
EASL1820	N	8(N14)	archsigns/8(N14).jpg
EASL1821	N	9(N14)	archsigns/9(N14).jpg
EASL1822	N	10(N14)	archsigns/10(N14).jpg
EASL1823	N	12(N14)	archsigns/12(N14).jpg
EASL1824	N	1(N14@f)	archsigns/1(N14@f).jpg
EASL1825	N	2(N14@f)	archsigns/2(N14@f).jpg
EASL1826	N	3(N14@f)	archsigns/3(N14@f).jpg
EASL1827	N	4(N14@f)	archsigns/4(N14@f).jpg
EASL1828	N	5(N14@f)	archsigns/5(N14@f).jpg
EASL1829	N	6(N14@f)	archsigns/6(N14@f).jpg
EASL1830	N	7(N14@f)	archsigns/7(N14@f).jpg
EASL1831	N	8(N14@f)	archsigns/8(N14@f).jpg
EASL1832	N	9(N14@f)	archsigns/9(N14@f).jpg
EASL1833	N	10(N14@f)	archsigns/10(N14@f).jpg
EASL1834	N	2(LAGAB~a)	archsigns/2(LAGAB~a).jpg
EASL1835	N	4(LAGAB~a)	archsigns/4(LAGAB~a).jpg
EASL1836	N	6(LAGAB~a)	archsigns/6(LAGAB~a).jpg
EASL1837	N	1(N15)	archsigns/1(N15).jpg
EASL1838	N	2(N15)	archsigns/2(N15).jpg
EASL1839	N	3(N15)	archsigns/3(N15).jpg
EASL1840	N	4(N15)	archsigns/4(N15).jpg
EASL1841	N	5(N15)	archsigns/5(N15).jpg
EASL1842	N	1(N16)	archsigns/1(N16).jpg
EASL1843	N	1(N17)	archsigns/1(N17).jpg
EASL1844	N	1(N18)	archsigns/1(N18).jpg
EASL1845	N	2(N18)	archsigns/2(N18).jpg
EASL1846	N	3(N18)	archsigns/3(N18).jpg
EASL1847	N	4(N18)	archsigns/4(N18).jpg
EASL1848	N	5(N18)	archsigns/5(N18).jpg
EASL1849	N	6(N18)	archsigns/6(N18).jpg
EASL1850	N	7(N18)	archsigns/7(N18).jpg
EASL1851	N	8(N18)	archsigns/8(N18).jpg
EASL1852	N	9(N18)	archsigns/9(N18).jpg
EASL1853	N	1(N19)	archsigns/1(N19).jpg
EASL1854	N	2(N19)	archsigns/2(N19).jpg
EASL1855	N	3(N19)	archsigns/3(N19).jpg
EASL1856	N	4(N19)	archsigns/4(N19).jpg
EASL1857	N	5(N19)	archsigns/5(N19).jpg
EASL1858	N	6(N19)	archsigns/6(N19).jpg
EASL1859	N	7(N19)	archsigns/7(N19).jpg
EASL1860	N	8(N19)	archsigns/8(N19).jpg
EASL1861	N	9(N19)	archsigns/9(N19).jpg
EASL1862	N	1(N19@f)	archsigns/1(N19@f).jpg
EASL1863	N	2(N19@f)	archsigns/2(N19@f).jpg
EASL1864	N	3(N19@f)	archsigns/3(N19@f).jpg
EASL1865	N	4(N19@f)	archsigns/4(N19@f).jpg
EASL1866	N	5(N19@f)	archsigns/5(N19@f).jpg
EASL1867	N	6(N19@f)	archsigns/6(N19@f).jpg
EASL1868	N	7(N19@f)	archsigns/7(N19@f).jpg
EASL1869	N	8(N19@f)	archsigns/8(N19@f).jpg
EASL1870	N	9(N19@f)	archsigns/9(N19@f).jpg
EASL1871	N	1(N20)	archsigns/1(N20).jpg
EASL1872	N	2(N20)	archsigns/2(N20).jpg
EASL1873	N	3(N20)	archsigns/3(N20).jpg
EASL1874	N	4(N20)	archsigns/4(N20).jpg
EASL1875	N	5(N20)	archsigns/5(N20).jpg
EASL1876	N	6(N20)	archsigns/6(N20).jpg
EASL1877	N	7(N20)	archsigns/7(N20).jpg
EASL1878	N	8(N20)	archsigns/8(N20).jpg
EASL1879	N	9(N20)	archsigns/9(N20).jpg
EASL1880	N	2(N21)	archsigns/2(N21).jpg
EASL1881	N	3(N21)	archsigns/3(N21).jpg
EASL1882	N	4(N21)	archsigns/4(N21).jpg
EASL1883	N	5(N21)	archsigns/5(N21).jpg
EASL1884	N	6(N21)	archsigns/6(N21).jpg
EASL1885	N	1(N22)	archsigns/1(N22).jpg
EASL1886	N	2(N22)	archsigns/2(N22).jpg
EASL1887	N	1(N22@f)	archsigns/1(N22@f).jpg
EASL1888	N	2(N22@f)	archsigns/2(N22@f).jpg
EASL1889	N	1(N23)	archsigns/1(N23).jpg
EASL1890	N	2(N23)	archsigns/2(N23).jpg
EASL1891	N	3(N23)	archsigns/3(N23).jpg
EASL1892	N	5(N23)	archsigns/5(N23).jpg
EASL1893	N	7(N23)	archsigns/7(N23).jpg
EASL1894	N	1(N24)	archsigns/1(N24).jpg
EASL1895	N	2(N24)	archsigns/2(N24).jpg
EASL1896	N	4(N24)	archsigns/4(N24).jpg
EASL1897	N	6(N24)	archsigns/6(N24).jpg
EASL1898	N	1(N24@f)	archsigns/1(N24@f).jpg
EASL1899	N	1(N24~a)	archsigns/1(N24~a).jpg
EASL1900	N	1(N24~b)	archsigns/1(N24~b).jpg
EASL1901	N	1(N25)	archsigns/1(N25).jpg
EASL1902	N	1(N26)	archsigns/1(N26).jpg
EASL1903	N	1(N26~b)	archsigns/1(N26~b).jpg
EASL1904	N	1(N27)	archsigns/1(N27).jpg
EASL1905	N	1(N28)	archsigns/1(N28).jpg
EASL1906	N	1(N28~b)	archsigns/1(N28~b).jpg
EASL1907	N	1(N28~c)	archsigns/1(N28~c).jpg
EASL1908	N	1(N29~a)	archsigns/1(N29~a).jpg
EASL1909	N	2(N29~a)	archsigns/2(N29~a).jpg
EASL1910	N	1(N29~b)	archsigns/1(N29~b).jpg
EASL1911	N	1(N29A~b)	archsigns/1(N29A~b).jpg
EASL1912	N	2(N29A~b)	archsigns/2(N29A~b).jpg
EASL1913	N	1(N29A~c)	archsigns/1(N29A~c).jpg
EASL1914	N	1(N30~a)	archsigns/1(N30~a).jpg
EASL1915	N	1(N30~c)	archsigns/1(N30~c).jpg
EASL1916	N	1(N30~d)	archsigns/1(N30~d).jpg
EASL1917	N	1(N30~e)	archsigns/1(N30~e).jpg
EASL1918	N	1(N30A~c)	archsigns/1(N30A~c).jpg
EASL1919	N	1(N30C~b)	archsigns/1(N30C~b).jpg
EASL1920	N	1(N30C~c)	archsigns/1(N30C~c).jpg
EASL1921	N	1(N31)	archsigns/1(N31).jpg
EASL1922	N	1(N32)	archsigns/1(N32).jpg
EASL1923	N	1(N33)	archsigns/1(N33).jpg
EASL1924	N	1(N34)	archsigns/1(N34).jpg
EASL1925	N	2(N34)	archsigns/2(N34).jpg
EASL1926	N	3(N34)	archsigns/3(N34).jpg
EASL1927	N	4(N34)	archsigns/4(N34).jpg
EASL1928	N	5(N34)	archsigns/5(N34).jpg
EASL1929	N	6(N34)	archsigns/6(N34).jpg
EASL1930	N	7(N34)	archsigns/7(N34).jpg
EASL1931	N	8(N34)	archsigns/8(N34).jpg
EASL1932	N	9(N34)	archsigns/9(N34).jpg
EASL1933	N	|1(N34)x1(N58)|	archsigns/|1(N34)x1(N58)|.jpg
EASL1934	N	1(N34@f)	archsigns/1(N34@f).jpg
EASL1935	N	2(N34@f)	archsigns/2(N34@f).jpg
EASL1936	N	3(N34@f)	archsigns/3(N34@f).jpg
EASL1937	N	4(N34@f)	archsigns/4(N34@f).jpg
EASL1938	N	5(N34@f)	archsigns/5(N34@f).jpg
EASL1939	N	6(N34@f)	archsigns/6(N34@f).jpg
EASL1940	N	7(N34@f)	archsigns/7(N34@f).jpg
EASL1941	N	8(N34@f)	archsigns/8(N34@f).jpg
EASL1942	N	9(N34@f)	archsigns/9(N34@f).jpg
EASL1943	N	|1(N34F@t)|	archsigns/|1(N34F@t)|.jpg
EASL1944	N	1(N35)	archsigns/1(N35).jpg
EASL1945	N	2(N35)	archsigns/2(N35).jpg
EASL1946	N	5(N35)	archsigns/5(N35).jpg
EASL1947	N	1(N36)	archsigns/1(N36).jpg
EASL1948	N	2(N36)	archsigns/2(N36).jpg
EASL1949	N	3(N36)	archsigns/3(N36).jpg
EASL1950	N	4(N36)	archsigns/4(N36).jpg
EASL1951	N	5(N36)	archsigns/5(N36).jpg
EASL1952	N	6(N36)	archsigns/6(N36).jpg
EASL1953	N	7(N36)	archsigns/7(N36).jpg
EASL1954	N	8(N36)	archsigns/8(N36).jpg
EASL1955	N	9(N36)	archsigns/9(N36).jpg
EASL1956	N	1(N36@f)	archsigns/1(N36@f).jpg
EASL1957	N	1(N37)	archsigns/1(N37).jpg
EASL1958	N	2(N37)	archsigns/2(N37).jpg
EASL1959	N	1(N38)	archsigns/1(N38).jpg
EASL1960	N	1(N39~a)	archsigns/1(N39~a).jpg
EASL1961	N	2(N39~a)	archsigns/2(N39~a).jpg
EASL1962	N	3(N39~a)	archsigns/3(N39~a).jpg
EASL1963	N	4(N39~a)	archsigns/4(N39~a).jpg
EASL1964	N	1(N39~b)	archsigns/1(N39~b).jpg
EASL1965	N	2(N39~b)	archsigns/2(N39~b).jpg
EASL1966	N	3(N39~b)	archsigns/3(N39~b).jpg
EASL1967	N	4(N39~b)	archsigns/4(N39~b).jpg
EASL1968	N	1(N40)	archsigns/1(N40).jpg
EASL1969	N	2(N40)	archsigns/2(N40).jpg
EASL1970	N	3(N40)	archsigns/3(N40).jpg
EASL1971	N	4(N40)	archsigns/4(N40).jpg
EASL1972	N	1(N41)	archsigns/1(N41).jpg
EASL1973	N	2(N41)	archsigns/2(N41).jpg
EASL1974	N	3(N41)	archsigns/3(N41).jpg
EASL1975	N	4(N41)	archsigns/4(N41).jpg
EASL1976	N	1(N42~a)	archsigns/1(N42~a).jpg
EASL1977	N	2(N42~a)	archsigns/2(N42~a).jpg
EASL1978	N	3(N42~a)	archsigns/3(N42~a).jpg
EASL1979	N	4(N42~a)	archsigns/4(N42~a).jpg
EASL1980	N	1(N42~b)	archsigns/1(N42~b).jpg
EASL1981	N	2(N42~b)	archsigns/2(N42~b).jpg
EASL1982	N	3(N42~b)	archsigns/3(N42~b).jpg
EASL1983	N	4(N42~b)	archsigns/4(N42~b).jpg
EASL1984	N	1(N43)	archsigns/1(N43).jpg
EASL1985	N	4(N43)	archsigns/4(N43).jpg
EASL1986	N	1(N44)	archsigns/1(N44).jpg
EASL1987	N	1(N45)	archsigns/1(N45).jpg
EASL1988	N	2(N45)	archsigns/2(N45).jpg
EASL1989	N	3(N45)	archsigns/3(N45).jpg
EASL1990	N	4(N45)	archsigns/4(N45).jpg
EASL1991	N	5(N45)	archsigns/5(N45).jpg
EASL1992	N	6(N45)	archsigns/6(N45).jpg
EASL1993	N	7(N45)	archsigns/7(N45).jpg
EASL1994	N	9(N45)	archsigns/9(N45).jpg
EASL1995	N	1(N45@f)	archsigns/1(N45@f).jpg
EASL1996	N	2(N45@f)	archsigns/2(N45@f).jpg
EASL1997	N	3(N45@f)	archsigns/3(N45@f).jpg
EASL1998	N	4(N45@f)	archsigns/4(N45@f).jpg
EASL1999	N	5(N45@f)	archsigns/5(N45@f).jpg
EASL2000	N	6(N45@f)	archsigns/6(N45@f).jpg
EASL2001	N	7(N45@f)	archsigns/7(N45@f).jpg
EASL2002	N	8(N45@f)	archsigns/8(N45@f).jpg
EASL2003	N	9(N45@f)	archsigns/9(N45@f).jpg
EASL2004	N	1(N45~a)	archsigns/1(N45~a).jpg
EASL2005	N	1(N46)	archsigns/1(N46).jpg
EASL2006	N	2(N46)	archsigns/2(N46).jpg
EASL2007	N	3(N46)	archsigns/3(N46).jpg
EASL2008	N	1(N46@f)	archsigns/1(N46@f).jpg
EASL2009	N	2(N46@f)	archsigns/2(N46@f).jpg
EASL2010	N	1(N47)	archsigns/1(N47).jpg
EASL2011	N	2(N47)	archsigns/2(N47).jpg
EASL2012	N	3(N47)	archsigns/3(N47).jpg
EASL2013	N	1(N48)	archsigns/1(N48).jpg
EASL2014	N	2(N48)	archsigns/2(N48).jpg
EASL2015	N	3(N48)	archsigns/3(N48).jpg
EASL2016	N	4(N48)	archsigns/4(N48).jpg
EASL2017	N	5(N48)	archsigns/5(N48).jpg
EASL2018	N	6(N48)	archsigns/6(N48).jpg
EASL2019	N	7(N48)	archsigns/7(N48).jpg
EASL2020	N	1(N48@f)	archsigns/1(N48@f).jpg
EASL2021	N	1(N49)	archsigns/1(N49).jpg
EASL2022	N	2(N49)	archsigns/2(N49).jpg
EASL2023	N	3(N49)	archsigns/3(N49).jpg
EASL2024	N	4(N49)	archsigns/4(N49).jpg
EASL2025	N	5(N49)	archsigns/5(N49).jpg
EASL2026	N	1(N50)	archsigns/1(N50).jpg
EASL2027	N	2(N50)	archsigns/2(N50).jpg
EASL2028	N	3(N50)	archsigns/3(N50).jpg
EASL2029	N	4(N50)	archsigns/4(N50).jpg
EASL2030	N	5(N50)	archsigns/5(N50).jpg
EASL2031	N	1(N51)	archsigns/1(N51).jpg
EASL2032	N	2(N51)	archsigns/2(N51).jpg
EASL2033	N	3(N51)	archsigns/3(N51).jpg
EASL2034	N	4(N51)	archsigns/4(N51).jpg
EASL2035	N	5(N51)	archsigns/5(N51).jpg
EASL2036	N	6(N51)	archsigns/6(N51).jpg
EASL2037	N	7(N51)	archsigns/7(N51).jpg
EASL2038	N	8(N51)	archsigns/8(N51).jpg
EASL2039	N	1(N51@f)	archsigns/1(N51@f).jpg
EASL2040	N	2(N51@f)	archsigns/2(N51@f).jpg
EASL2041	N	3(N51@f)	archsigns/3(N51@f).jpg
EASL2042	N	4(N51@f)	archsigns/4(N51@f).jpg
EASL2043	N	5(N51@f)	archsigns/5(N51@f).jpg
EASL2044	N	6(N51@f)	archsigns/6(N51@f).jpg
EASL2045	N	7(N51@f)	archsigns/7(N51@f).jpg
EASL2046	N	8(N51@f)	archsigns/8(N51@f).jpg
EASL2047	N	9(N51@f)	archsigns/9(N51@f).jpg
EASL2048	N	1(N52)	archsigns/1(N52).jpg
EASL2049	N	2(N52)	archsigns/2(N52).jpg
EASL2050	N	3(N52)	archsigns/3(N52).jpg
EASL2051	N	4(N52)	archsigns/4(N52).jpg
EASL2052	N	5(N52)	archsigns/5(N52).jpg
EASL2053	N	3(N53)	archsigns/3(N53).jpg
EASL2054	N	1(N54)	archsigns/1(N54).jpg
EASL2055	N	2(N54)	archsigns/2(N54).jpg
EASL2056	N	3(N54)	archsigns/3(N54).jpg
EASL2057	N	4(N54)	archsigns/4(N54).jpg
EASL2058	N	5(N54)	archsigns/5(N54).jpg
EASL2059	N	1(N55)	archsigns/1(N55).jpg
EASL2060	N	1(N56)	archsigns/1(N56).jpg
EASL2061	N	2(N56)	archsigns/2(N56).jpg
EASL2062	N	|1(N57).1(N57)|	archsigns/|1(N57).1(N57)|.jpg
EASL2063	N	1(N57)	archsigns/1(N57).jpg
EASL2064	N	2(N57)	archsigns/2(N57).jpg
EASL2065	N	3(N57)	archsigns/3(N57).jpg
EASL2066	N	4(N57)	archsigns/4(N57).jpg
EASL2067	N	5(N57)	archsigns/5(N57).jpg
EASL2068	N	6(N57)	archsigns/6(N57).jpg
EASL2069	N	7(N57)	archsigns/7(N57).jpg
EASL2070	N	8(N57)	archsigns/8(N57).jpg
EASL2071	N	9(N57)	archsigns/9(N57).jpg
EASL2072	N	10(N57)	archsigns/10(N57).jpg
EASL2073	N	1(N58)	archsigns/1(N58).jpg
EASL2074	N	2(N58)	archsigns/2(N58).jpg
EASL2075	N	3(N58)	archsigns/3(N58).jpg
EASL2076	N	4(N58)	archsigns/4(N58).jpg
EASL2077	N	5(N58)	archsigns/5(N58).jpg
EASL2078	N	8(N58)	archsigns/8(N58).jpg
EASL2079	N	9(N58)	archsigns/9(N58).jpg
EASL2080	N	10(N58)	archsigns/10(N58).jpg
EASL2081	N	12(N58)	archsigns/12(N58).jpg
EASL2082	N	|1(N58@t)|	archsigns/|1(N58@t)|.jpg
EASL2083	N	2(N59)	archsigns/2(N59).jpg
EASL2084	N	3(N59)	archsigns/3(N59).jpg
EASL2085	N	4(N59)	archsigns/4(N59).jpg
EASL2086	N	1(N60)	archsigns/1(N60).jpg
EASL2087	N	3(N61)	archsigns/3(N61).jpg
EASL2088	N	4(N62)	archsigns/4(N62).jpg
EASL2089	N	1(N63)	archsigns/1(N63).jpg
