ignore	o0902858
ignore	o0902848
ignore	o0902857
ignore	o0902869
ignore	o0902879
ignore	o0902884
ignore	o0902889
ignore	o0902894
ignore	o0902899
ignore	o0902901
ignore	o0902902
ignore	o0902909
ignore	o0902910
ignore	o0902924
ignore	o0902926
ignore	o0902927
ignore	o0902928
ignore	o0902929
ignore	o0902945
ignore	o0902955
ignore	o0902960
ignore	o0902961
ignore	o0902962
ignore	o0902972
ignore	o0902982
ignore	o0902991
ignore	o0903005
ignore	o0903008
ignore	o0903010
ignore	o0903016
ignore	o0903017
ignore	o0903018
ignore	o0903015
ignore	o0903022
ignore	o0903023
ignore	o0903024
ignore	o0903025
ignore	o0903026
ignore	o0903027
ignore	o0903028
ignore	o0903029
ignore	o0903030
ignore	o0903032
ignore	o0903033
ignore	o0903034
ignore	o0903040
ignore	o0903041
ignore	o0903046
ignore	o0903045
ignore	o0903048
ignore	o0903049
ignore	o0903050
ignore	o0903052
ignore	o0903054
ignore	o0903055
ignore	o0903056
ignore	o0903057
ignore	o0903058
ignore	o0903059
ignore	o0903070
ignore	o0903069
ignore	o0903079
ignore	o0903082
ignore	o0903091
ignore	o0903092
ignore	o0903094
ignore	o0903097
ignore	o0903098
ignore	o0903111
ignore	o0903115
ignore	o0903120
ignore	o0903121
ignore	o0903131
ignore	o0903133
ignore	o0903134
ignore	o0903135
ignore	o0903144
ignore	o0903153
ignore	o0903156
ignore	o0903158
ignore	o0903161
ignore	o0903168
ignore	o0903169
ignore	o0903174
ignore	o0903188
ignore	o0903179
ignore	o0903196
ignore	o0903202
ignore	o0903207
ignore	o0903208
ignore	o0903210
ignore	o0903280
ignore	o0903294
ignore	o0903301
ignore	o0903304
ignore	o0902859
ignore	o0902849
ignore	o0902871
ignore	o0902880
ignore	o0902885
ignore	o0902890
ignore	o0902895
ignore	o0902904
ignore	o0902905
ignore	o0902912
ignore	o0902913
ignore	o0902930
ignore	o0902946
ignore	o0902956
ignore	o0902963
ignore	o0902973
ignore	o0902983
ignore	o0902992
ignore	o0903000
ignore	o0903006
ignore	o0903009
ignore	o0903011
ignore	o0903019
ignore	o0903037
ignore	o0903043
ignore	o0903061
ignore	o0903071
ignore	o0903080
ignore	o0903083
ignore	o0903093
ignore	o0903100
ignore	o0903101
ignore	o0903112
ignore	o0903116
ignore	o0903123
ignore	o0903124
ignore	o0903137
ignore	o0903145
ignore	o0903154
ignore	o0903157
ignore	o0903159
ignore	o0903162
ignore	o0903170
ignore	o0903175
ignore	o0903189
ignore	o0903180
ignore	o0903197
ignore	o0903203
ignore	o0903209
ignore	o0903222
ignore	o0903284
ignore	o0903296
ignore	o0902841
ignore	o0902860
ignore	o0902850
ignore	o0902872
ignore	o0902881
ignore	o0902886
ignore	o0902891
ignore	o0902896
ignore	o0902907
ignore	o0902908
ignore	o0902914
ignore	o0902915
ignore	o0902932
ignore	o0902947
ignore	o0902957
ignore	o0902964
ignore	o0902974
ignore	o0902984
ignore	o0902993
ignore	o0903001
ignore	o0903012
ignore	o0903062
ignore	o0903072
ignore	o0903084
ignore	o0903104
ignore	o0903105
ignore	o0903113
ignore	o0903117
ignore	o0903126
ignore	o0903127
ignore	o0903138
ignore	o0903146
ignore	o0903155
ignore	o0903160
ignore	o0903163
ignore	o0903171
ignore	o0903176
ignore	o0903190
ignore	o0903181
ignore	o0903198
ignore	o0903201
ignore	o0903204
ignore	o0903234
ignore	o0903285
ignore	o0903297
ignore	o0903302
ignore	o0902861
ignore	o0902851
ignore	o0902873
ignore	o0902882
ignore	o0902887
ignore	o0902892
ignore	o0902897
ignore	o0902916
ignore	o0902917
ignore	o0902918
ignore	o0902933
ignore	o0902948
ignore	o0902958
ignore	o0902965
ignore	o0902975
ignore	o0902985
ignore	o0902994
ignore	o0903002
ignore	o0903020
ignore	o0903063
ignore	o0903073
ignore	o0903085
ignore	o0903107
ignore	o0903108
ignore	o0903114
ignore	o0903118
ignore	o0903129
ignore	o0903130
ignore	o0903132
ignore	o0903139
ignore	o0903147
ignore	o0903164
ignore	o0903172
ignore	o0903177
ignore	o0903191
ignore	o0903182
ignore	o0903199
ignore	o0903205
ignore	o0903257
ignore	o0903288
ignore	o0903298
ignore	o0903303
ignore	o0902845
ignore	o0902862
ignore	o0902852
ignore	o0902874
ignore	o0902883
ignore	o0902888
ignore	o0902893
ignore	o0902898
ignore	o0902919
ignore	o0902934
ignore	o0902935
ignore	o0902949
ignore	o0902959
ignore	o0902966
ignore	o0902976
ignore	o0902986
ignore	o0902995
ignore	o0903003
ignore	o0903013
ignore	o0903064
ignore	o0903074
ignore	o0903081
ignore	o0903086
ignore	o0903140
ignore	o0903148
ignore	o0903165
ignore	o0903173
ignore	o0903178
ignore	o0903192
ignore	o0903183
ignore	o0903200
ignore	o0903206
ignore	o0903264
ignore	o0903289
ignore	o0902863
ignore	o0902853
ignore	o0902875
ignore	o0902920
ignore	o0902936
ignore	o0902937
ignore	o0902950
ignore	o0902967
ignore	o0902977
ignore	o0902987
ignore	o0902996
ignore	o0903004
ignore	o0903021
ignore	o0903065
ignore	o0903075
ignore	o0903087
ignore	o0903141
ignore	o0903149
ignore	o0903166
ignore	o0903193
ignore	o0903184
ignore	o0903268
ignore	o0903269
ignore	o0902847
ignore	o0902864
ignore	o0902854
ignore	o0902876
ignore	o0902921
ignore	o0902938
ignore	o0902951
ignore	o0902968
ignore	o0902978
ignore	o0902988
ignore	o0902997
ignore	o0903014
ignore	o0903066
ignore	o0903076
ignore	o0903088
ignore	o0903142
ignore	o0903150
ignore	o0903167
ignore	o0903194
ignore	o0903185
ignore	o0903273
ignore	o0902865
ignore	o0902855
ignore	o0902877
ignore	o0902922
ignore	o0902939
ignore	o0902952
ignore	o0902969
ignore	o0902979
ignore	o0902989
ignore	o0902998
ignore	o0903067
ignore	o0903077
ignore	o0903089
ignore	o0903151
ignore	o0903195
ignore	o0903186
ignore	o0903275
ignore	o0903290
ignore	o0902866
ignore	o0902867
ignore	o0902856
ignore	o0902878
ignore	o0902923
ignore	o0902940
ignore	o0902953
ignore	o0902970
ignore	o0902971
ignore	o0902980
ignore	o0902981
ignore	o0902990
ignore	o0902999
ignore	o0903068
ignore	o0903078
ignore	o0903090
ignore	o0903143
ignore	o0903152
ignore	o0903187
ignore	o0903278
ignore	o0903291
ignore	o0902868
ignore	o0902941
ignore	o0902954
ignore	o0903279
ignore	o0903292
ignore	o0902943
ignore	o0903293
remove	o0900008
remove	o0900071
delete	o0900090
remove	o0900098
remove	o0900110
remove	o0900223
delete	o0900338
remove	o0900491
remove	o0900538
remove	o0900539
delete	o0900554
remove	o0900744
remove	o0900791
remove	o0900842
remove	o0900843
remove	o0900867
remove	o0900876
rename	o0900905
remove	o0900979
remove	o0900993
remove	o0901003
newglyph rename	o0901023
newglyph rename	o0901022
remove	o0901041
remove	o0901089
remove	o0901140
remove	o0901156
remove	o0901182
remove	o0901295
remove	o0901296
remove	o0901297
remove	o0901298
remove	o0901299
remove	o0901300
remove	o0901281
remove	o0901287
remove	o0901309
rename	o0901491
remove	o0901494
remove	o0901634
newglyph	o0901659
remove	o0901665
delete	o0901666
remove	o0902010
remove	o0902037
remove	o0902072
remove	o0901773
remove	o0902079
remove	o0902101
remove	o0900163
remove	o0902330
remove	o0902396
rename	o0902416
remove	o0902420
remove	o0903216
rename	o0903221
remove	o0900002
rename	o0900004
rename	o0900044
rename	o0900086
rename	o0900183
newglyph rename	o0903398
delete	o0900193
rename	o0900181
remove	o0900273
remove	o0900275
rename	o0900290
remove	o0900369
remove	o0900460
rename	o0900396
rename	o0900401
rename	o0900340
rename	o0900352
rename	o0900476
rename	o0900358
rename	o0900361
rename	o0900362
rename	o0900371
rename	o0900373
rename	o0900384
rename	o0900392
rename	o0900412
rename	o0900434
rename	o0900435
rename	o0900437
rename	o0900420
rename	o0900441
rename	o0900443
rename	o0900462
rename	o0900474
rename	o0900398
rename	o0900399
rename	o0900504
rename	o0900547
rename	o0900556
rename	o0900557
rename	o0900559
remove	o0900567
rename	o0900579
rename	o0900583
newglyph	o0900571
remove	o0900570
remove	o0900709
rename	o0900607
rename	o0900608
rename	o0900631
rename	o0900639
remove	o0900643
rename	o0900652
rename	o0900660
remove	o0900682
rename	o0900646
rename	o0900703
rename	o0900626
rename	o0900755
rename	o0900757
rename	o0900759
rename	o0900769
rename	o0900771
rename	o0900775
rename	o0900749
remove	o0900752
remove	o0900795
remove	o0903566
rename	o0900815
rename	o0900826
rename	o0900824
rename	o0900810
rename	o0900814
rename	o0900820
rename	o0900851
rename	o0900862
rename	o0900866
rename	o0900879
rename	o0900880
rename	o0900881
remove	o0900887
rename	o0900911
delete	o0900925
rename	o0900923
rename	o0900926
remove	o0900967
remove	o0900972
newglyph	o0900962
newglyph	o0900964
rename	o0901032
rename	o0901033
newglyph rename	o0901043
rename	o0901086
rename	o0901197
rename	o0901213
rename	o0901234
rename	o0901237
remove	o0901221
remove	o0901246
remove	o0901235
remove	o0901256
rename	o0901273
remove	o0901317
rename	o0901315
remove	o0901319
rename	o0901349
rename	o0901367
remove	o0901403
delete	o0901434
rename	o0901504
remove	o0901559
rename	o0901528
rename	o0901535
rename	o0901537
remove	o0901546
rename	o0901531
rename	o0901532
delete	o0901534
delete	o0901536
rename	o0901533
rename	o0901530
rename	o0901549
rename	o0901551
remove	o0901562
remove	o0901566
rename	o0901568
rename	o0901570
rename	o0901571
remove	o0901574
rename	o0901606
rename	o0901607
rename	o0901688
rename	o0901682
rename	o0901683
rename	o0901684
remove	o0901686
rename	o0901687
remove	o0901691
rename	o0901703
rename	o0902022
rename	o0902012
rename	o0902051
remove	o0902052
rename	o0902041
rename	o0902043
rename	o0902044
rename	o0902046
rename	o0902047
rename	o0902048
rename	o0902049
rename	o0902050
rename	o0902056
rename	o0901734
rename	o0901785
remove	o0901787
rename	o0901790
rename	o0901794
rename	o0901816
rename	o0901848
rename	o0901838
rename	o0901852
rename	o0901856
remove	o0901788
rename	o0901830
remove	o0901892
remove	o0902143
remove	o0902152
remove	o0902181
rename	o0902187
rename	o0902166
rename	o0902214
rename	o0902195
rename	o0902177
rename	o0902225
rename	o0902247
rename	o0902248
rename	o0902270
remove	o0902272
rename	o0902298
rename	o0902306
rename	o0902311
remove	o0902336
remove	o0902345
rename	o0902347
rename	o0902389
rename	o0902388
remove	o0902390
rename	o0902495
rename	o0902501
rename	o0902516
rename	o0902517
rename	o0902610
rename	o0902611
rename	o0902663
rename	o0902664
rename	o0902666
rename	o0902671
remove	o0902679
rename	o0902680
rename	o0902682
rename	o0902683
remove	o0902836
add	o0900450
add	o0900478
add	o0900480
add	o0902411
